# Blender 4.2.3 LTS
# www.blender.org
mtllib Farm_HouseFIXED.mtl
o Tejas.003
v 8.700000 7.200001 9.500000
v -8.700001 7.200000 9.500000
v 0.000000 12.222900 9.500000
v 9.000000 7.200001 9.400002
v 9.000000 7.200001 -10.500001
v 0.088600 12.345001 9.400002
v 0.088600 12.345001 -10.500001
v 8.600001 6.487814 3.000000
v 8.600001 6.487814 3.000000
v 6.200001 10.100001 -3.300000
v 6.200001 10.100001 -3.300000
v 9.000000 0.000001 -10.600000
v 9.000000 2.100001 -10.600000
v 6.200001 2.100001 -7.800000
v -3.600000 7.000001 -7.800001
v 6.200001 2.100002 3.400000
v 6.200001 2.100002 5.500000
v 6.200001 7.000001 3.400000
v 6.200001 6.200001 3.400000
v 6.200001 6.200001 5.500000
v 9.000000 0.000001 3.100000
v 9.000000 0.000001 5.799999
v 9.000000 2.100001 3.100000
v 9.000000 2.100001 5.799999
v 9.700001 1.400002 5.799999
v 9.700001 1.400002 3.100000
v 10.400002 0.700001 5.799999
v -6.700001 2.100001 -5.300001
v 10.400002 0.700001 3.100000
v 11.100000 0.000001 3.100000
v 11.100000 0.000001 5.799999
v 9.700001 2.000001 5.799999
v 9.700001 2.000001 3.100000
v 11.200001 0.700001 3.100000
v 10.500000 1.300001 3.100000
v 10.400002 1.300001 5.799999
v 10.400002 1.300001 3.100000
v 10.500001 1.400002 3.100000
v 10.500000 1.300001 5.799999
v 10.500001 1.400002 5.799999
v 11.100001 0.600001 3.100000
v 11.100001 0.600001 5.799999
v 9.800001 2.000001 3.100000
v 9.800001 2.100001 3.100000
v 9.800001 2.000001 5.799999
v 9.800001 2.100001 5.799999
v 11.200001 0.600001 3.100000
v 11.200001 0.700001 5.799999
v 11.200001 0.600001 5.799999
v 9.000000 0.000001 9.200001
v 9.000000 2.100001 9.200001
v 6.200001 2.100002 9.200001
v 6.200001 4.200001 2.200000
v 6.200001 5.760701 2.200000
v 6.200001 4.200001 -0.900001
v 6.200001 6.300001 -0.900001
v 6.200001 6.300001 2.200000
v 6.200001 4.200001 -2.200001
v 6.200001 4.550001 -2.200001
v 6.200001 4.200001 -5.300001
v 6.200001 6.300001 -5.300001
v 6.200001 6.300001 -2.200001
v -9.100000 2.100001 -10.600000
v -9.100000 0.000000 -10.600000
v -9.100000 0.000000 9.200001
v -9.100000 7.000002 9.200001
v 0.600000 6.300001 -7.800001
v 3.700000 6.300001 -7.800001
v -9.100000 2.100001 -5.300001
v -9.100000 7.000002 -5.300001
v -6.700001 7.000001 -5.300001
v -6.700001 2.100001 -7.800000
v 8.900002 7.000001 -10.200001
v 8.600000 7.000001 -10.500001
v 8.600000 7.000001 -10.200001
v 8.900002 7.000001 -10.500001
v 6.300001 2.100001 5.500000
v 6.300001 2.100001 3.400000
v 6.300001 6.200001 5.500000
v 6.300001 6.200001 3.400000
v 6.000000 6.200001 5.500000
v 6.000000 6.200001 3.400000
v 6.000001 2.100001 3.400000
v 6.000001 2.100001 5.500000
v 6.300001 2.100001 5.400000
v 6.300001 2.100001 3.500000
v 6.300001 6.100001 5.400000
v 6.300001 6.100001 3.500000
v 6.200001 6.100001 5.400000
v 6.200001 2.100002 5.400000
v 6.200001 2.100002 3.500000
v 6.200001 6.100001 3.500000
v 6.200001 2.300001 5.400000
v 6.200001 6.100001 4.300000
v 6.200001 6.100001 4.600000
v 6.200001 2.300001 3.800000
v 6.200001 2.300001 4.300000
v 6.200001 2.300001 4.600000
v 6.200001 2.300001 5.100000
v 6.200001 3.700001 3.800000
v 6.200001 3.700001 4.300000
v 6.200001 3.700001 4.600000
v 6.200001 3.700001 5.100000
v 6.200001 3.900001 3.800000
v 6.200001 3.900001 4.300000
v 6.200001 3.900001 4.600000
v 6.200001 3.900001 5.100000
v 6.200001 5.900001 3.800000
v 6.200001 5.900001 4.300000
v 6.200001 5.900001 4.600000
v 6.200001 5.900001 5.100000
v 6.100000 2.300001 3.800000
v 6.100000 2.300001 4.300000
v 6.100000 2.300001 4.600000
v 6.100000 2.300001 5.100000
v 6.100000 3.700001 3.800000
v 6.100000 3.700001 4.300000
v 6.100000 3.700001 4.600000
v 6.100000 3.700001 5.100000
v 6.100000 3.900001 3.800000
v 6.100000 3.900001 4.300000
v 6.100000 3.900001 4.600000
v 6.100000 3.900001 5.100000
v 6.100000 5.900001 3.800000
v 6.100000 5.900001 4.300000
v 6.100000 5.900001 4.600000
v 6.100000 5.900001 5.100000
v 6.100000 3.700001 3.900000
v 6.100000 3.700001 4.200000
v 6.100000 3.700001 4.700000
v 6.100000 3.700001 5.000000
v 6.100000 5.800001 3.800000
v 6.100000 4.000001 4.300000
v 6.100000 5.800001 4.600000
v 6.100000 5.800001 5.100000
v 6.100000 4.000001 4.700000
v 6.100000 4.000001 5.000000
v 6.100000 5.800001 4.700000
v 6.100000 5.800001 5.000000
v 6.100000 4.000001 3.900000
v 6.100000 4.000001 4.200000
v 6.100000 5.800001 3.900000
v 6.100000 5.800001 4.200000
v 6.100001 2.400002 4.700000
v 6.100001 2.400002 5.000000
v 6.100000 3.600001 4.700000
v 6.100000 3.600001 5.000000
v 6.100001 2.400002 3.900000
v 6.100001 2.400002 4.200000
v 6.100000 3.600001 3.900000
v 6.100000 3.600001 4.200000
v 6.200001 4.000001 4.700000
v 6.200001 4.000001 5.000000
v 6.200001 5.800001 4.700000
v 6.200001 5.800001 5.000000
v 6.200001 4.000001 3.900000
v 6.200001 4.000001 4.200000
v 6.200001 5.800001 3.900000
v 6.200001 5.800001 4.200000
v 6.200001 2.400002 4.700000
v 6.200001 2.400002 5.000000
v 6.200001 3.600001 4.700000
v 6.200001 3.600001 5.000000
v 6.200001 2.400002 3.900000
v 6.200001 2.400002 4.200000
v 6.200001 3.600001 3.900000
v 6.200001 3.600001 4.200000
v 6.200001 3.700001 3.600000
v 6.200001 3.900001 3.600000
v 6.200001 3.900001 4.000000
v 6.200001 3.800001 3.600000
v 6.200001 3.700001 4.000000
v 6.200001 3.800001 4.000000
v 6.300001 3.700001 4.000000
v 6.300001 3.800001 4.000000
v 6.300001 3.700001 3.600000
v 6.300001 3.800001 3.600000
v 8.600001 3.900001 -10.100000
v 8.600001 4.000001 -10.100000
v 8.900002 3.900001 -6.200000
v 8.900002 4.000001 -6.200000
v 8.600001 4.000001 -6.200000
v 8.600001 3.900001 -6.200000
v 8.900002 4.000001 -10.100000
v 8.900002 3.900001 -10.100000
v 8.600001 3.900001 6.299999
v 8.600001 4.000001 6.299999
v 8.900002 3.900001 8.700001
v 8.900002 4.000001 8.700001
v 8.600001 4.000001 8.700001
v 8.600001 3.900001 8.700001
v 8.900002 4.000001 6.299999
v 8.900002 3.900001 6.299999
v 8.500000 3.900001 8.799999
v 8.500000 4.000000 8.799999
v 6.200001 3.900001 9.100000
v 6.200001 4.000000 9.100000
v 6.200001 4.000000 8.799999
v 6.200001 3.900001 8.799999
v 8.500000 4.000000 9.100000
v 8.500000 3.900001 9.100000
v 8.400002 7.000001 -10.000001
v 8.400002 7.200001 -10.000001
v -9.200001 7.200000 -10.700001
v 8.400002 7.200001 9.200001
v 8.400001 7.000000 9.200001
v 9.100000 7.000001 -10.700001
v 9.100000 7.000001 9.600000
v -9.100000 7.000002 9.600000
v -9.200001 7.000001 -10.700001
v -9.200001 7.000001 -5.300001
v -8.500000 7.200000 -10.000000
v -8.500000 7.000000 -10.000001
v -8.500000 7.000000 -5.300001
v 6.200001 7.000001 9.200001
v 6.200001 7.000000 -7.800000
v -6.700000 7.000000 -7.800000
v 6.200001 8.800001 -1.900001
v -6.700001 8.800001 -1.900001
v 6.200001 8.800001 -7.800001
v -6.700001 8.800001 -7.800001
v 6.200001 12.200002 -1.900001
v 6.200001 10.100001 -1.900001
v 6.200001 10.100001 -6.400001
v 6.200001 10.100001 -3.300000
v 6.200001 12.200002 -6.400001
v 6.200001 12.200002 -3.300000
v 6.200001 12.700002 -1.900001
v 6.200001 12.700002 -7.800001
v -6.700000 12.700002 -1.900001
v -6.700000 12.700002 -1.900400
v -6.700000 14.402901 -4.850000
v 6.200001 12.700002 -7.799601
v 8.750001 7.000001 -7.800001
v 8.750000 5.500001 -7.800001
v 8.750001 7.000001 -8.500001
v 8.750000 5.500001 -8.500001
v 8.700001 7.200001 -10.700001
v 9.100000 7.200000 -10.700000
v 8.700001 7.200001 -10.300001
v 9.100000 7.200001 -10.300001
v 8.700001 7.200001 -10.600000
v 0.200001 12.338402 -10.300001
v 0.000000 12.222901 -10.300001
v -8.700001 7.200000 -10.300001
v -9.099998 7.200001 -10.300001
v -8.700001 7.200000 -10.700001
v -9.099998 7.200001 -10.700001
v 0.000001 12.453901 -10.300001
v 0.000001 12.453901 -10.700001
v 0.200001 12.338402 -10.700001
v 9.100000 7.200000 9.200001
v 8.700001 7.200001 9.200001
v 8.700001 7.200001 9.600000
v 9.100000 7.200001 9.600000
v 0.000000 12.222901 9.200001
v 0.200001 12.338402 9.200001
v -9.099998 7.200001 9.600000
v -8.700001 7.200000 9.600000
v -8.700001 7.200000 9.200001
v -9.099998 7.200001 9.200001
v -9.099998 7.200001 9.500000
v -8.700001 7.200000 9.500000
v 0.200001 12.338402 9.600000
v 0.000001 12.453901 9.600000
v 0.000001 12.453901 9.200001
v -8.700001 7.200000 -10.600000
v -9.099998 7.200001 -10.600000
v -7.100000 14.518402 -4.650001
v -7.100000 14.633902 -4.850000
v -6.699999 14.633901 -4.850000
v -6.700001 14.518402 -4.650001
v -6.700000 12.700002 -1.500401
v -7.100000 12.700002 -1.500401
v -7.100000 12.700002 -8.199600
v -6.700000 12.700002 -7.799601
v -6.700000 12.700002 -8.199600
v 6.600000 14.402902 -4.850000
v 6.600001 14.518402 -4.650001
v 6.200001 14.402902 -4.850000
v 6.200001 14.518402 -4.650001
v 6.200001 14.633901 -4.850000
v 6.600000 14.633901 -4.850000
v 6.600000 12.700002 -1.900400
v 6.600000 12.700002 -1.500401
v 6.200001 12.700002 -1.900400
v 6.200001 12.700002 -1.500401
v 6.200001 12.700002 -8.199600
v 6.600000 12.700002 -7.799601
v 6.600000 12.700002 -8.199600
v 6.200001 12.500002 -1.900001
v 6.200001 12.500002 -2.800000
v 6.600000 12.700002 -1.500000
v 6.600001 12.500002 -1.500000
v 6.200001 12.700002 -2.800000
v 6.600001 12.500002 -2.800000
v 6.600000 12.700002 -2.800000
v -7.100000 12.700002 -1.500000
v -7.099998 12.500002 -1.500000
v -6.700001 12.500002 -1.900001
v -6.700001 12.500002 -2.800000
v -7.099998 12.500002 -2.800000
v -7.100000 12.700002 -2.800000
v -6.700000 12.700002 -2.800000
v 6.200001 12.700002 -6.900001
v 6.600001 12.500002 -8.200001
v 6.600000 12.700002 -8.200001
v 6.200001 12.500002 -7.800001
v 6.200001 12.500002 -6.900001
v 6.600000 12.700002 -6.900001
v 6.600001 12.500002 -6.900001
v -7.099998 12.500002 -8.200001
v -7.100000 12.700002 -8.200001
v -6.700000 12.700002 -7.800001
v -6.700001 12.500002 -7.800001
v -6.700000 12.700002 -6.900001
v -7.100000 12.700002 -6.900001
v -7.099998 12.500002 -6.900001
v -6.700001 12.500002 -6.900001
v 6.500001 12.700002 -8.100000
v -6.999999 12.700002 -8.100000
v -7.000000 14.576402 -4.850000
v -6.999999 12.700002 -1.600000
v 6.500001 12.700002 -1.600000
v 6.500001 14.576402 -4.850000
v 8.900002 7.000001 9.100000
v 8.600000 7.000001 8.799999
v 8.600000 7.000001 9.100000
v 8.900002 7.000001 8.799999
v -9.000000 7.000001 -10.200001
v -8.700001 7.000001 -10.500001
v -9.000000 7.000001 -10.500001
v -8.700001 7.000001 -10.200001
v 8.600000 7.000001 -6.100000
v 8.600000 7.000001 -5.800001
v 8.900002 7.000001 -6.100000
v 8.900002 7.000001 -5.800001
v 8.600000 7.000001 -1.700001
v 8.600000 7.000001 -1.400001
v 8.900002 7.000001 -1.700001
v 8.900002 7.000001 -1.400001
v 8.600000 7.000001 2.700000
v 8.600000 7.000001 3.000000
v 8.900002 7.000001 2.700000
v 8.900002 7.000001 3.000000
v 8.600000 7.000001 5.900000
v 8.600000 7.000001 6.200001
v 8.900002 7.000001 5.900000
v 8.900002 7.000001 6.200001
v 6.200001 3.900001 9.000000
v 6.200001 3.900001 8.900002
v 4.200001 7.000001 -10.200001
v 4.500001 7.000001 -10.200001
v 4.200001 7.000001 -10.500001
v 4.500001 7.000001 -10.500001
v -0.199999 7.000001 -10.500001
v -0.199999 7.000001 -10.200001
v 0.100000 7.000001 -10.500001
v 0.100000 7.000001 -10.200001
v -4.599999 7.000001 -10.500001
v -4.599999 7.000001 -10.200001
v -4.300000 7.000001 -10.500001
v -4.300000 7.000001 -10.200001
v 8.600001 3.900001 -5.700000
v 8.600001 4.000001 -5.700000
v 8.900002 3.900001 -1.800000
v 8.900002 4.000001 -1.800000
v 8.600001 4.000001 -1.800000
v 8.600001 3.900001 -1.800000
v 8.900002 4.000001 -5.700000
v 8.900002 3.900001 -5.700000
v 8.600001 3.900001 -1.300000
v 8.600001 4.000001 -1.300000
v 8.900002 3.900001 2.600000
v 8.900002 4.000001 2.600000
v 8.600001 4.000001 2.600000
v 8.600001 3.900001 2.600000
v 8.900002 4.000001 -1.300000
v 8.900002 3.900001 -1.300000
v 8.500000 3.900001 -10.500001
v 8.500000 4.000001 -10.500001
v 4.600000 3.900002 -10.200001
v 4.600000 4.000001 -10.200001
v 4.600000 4.000001 -10.500001
v 4.600000 3.900002 -10.500001
v 8.500000 4.000001 -10.200001
v 8.500000 3.900001 -10.200001
v 4.100000 3.900002 -10.500001
v 4.100000 4.000001 -10.500001
v 0.200001 3.900001 -10.200001
v 0.200001 4.000001 -10.200001
v 0.200001 4.000001 -10.500001
v 0.200001 3.900001 -10.500001
v 4.100000 4.000001 -10.200001
v 4.100000 3.900002 -10.200001
v -0.299999 3.900001 -10.500001
v -0.299999 4.000001 -10.500001
v -4.200001 3.900001 -10.200001
v -4.200000 4.000001 -10.200001
v -4.200000 4.000001 -10.500001
v -4.200001 3.900001 -10.500001
v -0.299999 4.000001 -10.200001
v -0.299999 3.900001 -10.200001
v -4.700001 3.900000 -10.500001
v -4.700001 4.000001 -10.500001
v -8.599998 3.900001 -10.200001
v -8.600000 4.000000 -10.200001
v -8.600000 4.000000 -10.500001
v -8.599998 3.900001 -10.500001
v -4.700001 4.000001 -10.200001
v -4.700001 3.900000 -10.200001
v -9.000000 3.900001 -10.100000
v -9.000000 4.000001 -10.100000
v -8.700001 3.900001 -6.200000
v -8.700001 4.000001 -6.200000
v -9.000000 4.000001 -6.200000
v -9.000000 3.900001 -6.200000
v -8.700001 4.000001 -10.100000
v -8.700001 3.900001 -10.100000
v 4.115200 9.847001 9.600000
v 4.115200 9.847001 9.500000
v 4.415201 9.673801 9.600000
v 4.415201 9.673801 9.500000
v 0.396400 7.700001 9.500000
v 0.396400 7.700001 9.600000
v 0.550001 7.442301 9.600000
v 0.450001 7.700001 9.600000
v 0.450001 7.700001 9.500000
v 0.550001 7.500001 9.500000
v 0.550001 7.442301 9.500000
v -0.549999 7.200001 9.500000
v 0.550001 7.500001 9.600000
v -0.549999 7.200001 9.600000
v -0.550000 7.500001 9.500000
v -0.550000 7.500001 9.600000
v 0.550001 7.200001 9.500000
v 0.550001 7.200001 9.600000
v 0.450001 7.500001 9.500000
v 0.450001 7.500001 9.600000
v -0.449999 7.700001 9.600000
v -0.449999 7.700001 9.500000
v 0.250001 7.700001 9.500000
v -0.249999 7.700001 9.500000
v -0.249999 7.700001 9.600000
v 0.250001 7.700001 9.600000
v 0.250001 7.800001 9.600000
v -0.249999 7.800001 9.600000
v -0.249999 7.800001 9.500000
v 0.250001 7.800001 9.500000
v -4.115200 9.847001 9.500000
v -4.115200 9.847001 9.600000
v -4.415199 9.673801 9.500000
v -4.415199 9.673801 9.600000
v -0.396400 7.700001 9.600000
v -0.396400 7.700001 9.500000
v -0.549999 7.442301 9.500000
v -0.449999 7.500001 9.500000
v -0.449999 7.500001 9.600000
v -0.549999 7.442301 9.600000
v -0.150000 7.800001 9.600000
v -0.150000 7.800001 9.500000
v 0.150001 7.800001 9.500000
v 0.150001 7.800001 9.600000
v 0.150000 12.136302 9.500000
v 0.150000 12.136302 9.600000
v -0.150000 12.136302 9.500000
v 0.000000 12.222901 9.600000
v -0.150000 12.136302 9.600000
v -4.115200 9.847001 -10.700001
v -4.115200 9.847001 -10.600000
v -4.415199 9.673801 -10.700001
v -4.415199 9.673801 -10.600000
v -0.396400 7.700001 -10.600000
v -0.396400 7.700001 -10.700001
v -0.549999 7.442301 -10.700001
v -0.449999 7.500001 -10.700001
v -0.449999 7.700001 -10.700001
v -0.549999 7.442301 -10.600000
v 0.550001 7.200001 -10.600000
v -0.550000 7.500001 -10.700001
v -0.550000 7.500001 -10.600000
v 0.550001 7.200001 -10.700001
v 0.550001 7.500001 -10.600000
v -0.549999 7.200001 -10.600000
v -0.549999 7.200001 -10.700001
v -0.449999 7.500001 -10.600000
v 0.450001 7.500001 -10.600000
v 0.450001 7.700001 -10.700001
v 0.450001 7.700001 -10.600000
v -0.449999 7.700001 -10.600000
v -0.249999 7.700001 -10.600000
v 0.250001 7.700001 -10.600000
v 0.250001 7.700001 -10.700001
v -0.249999 7.700001 -10.700001
v -0.249999 7.800001 -10.700001
v 0.250001 7.800001 -10.700001
v 0.250001 7.800001 -10.600000
v -0.249999 7.800001 -10.600000
v 4.115200 9.847001 -10.600000
v 4.115200 9.847001 -10.700001
v 4.415201 9.673801 -10.600000
v 4.415201 9.673801 -10.700001
v 0.396400 7.700001 -10.700001
v 0.396400 7.700001 -10.600000
v 0.550001 7.442301 -10.600000
v 0.550001 7.500001 -10.700001
v 0.450001 7.500001 -10.700001
v 0.550001 7.442301 -10.700001
v 0.150001 7.800001 -10.700001
v 0.150001 7.800001 -10.600000
v -0.150000 7.800001 -10.600000
v -0.150000 7.800001 -10.700001
v -0.150000 12.136302 -10.600000
v -0.150000 12.136302 -10.700001
v 0.150000 12.136302 -10.600000
v 0.000000 12.222901 -10.700001
v 0.150000 12.136302 -10.700001
v 6.000000 12.200002 -6.400001
v 6.000000 12.200002 -3.300000
v 6.000000 10.100001 -6.400001
v 6.000000 10.100001 -3.300000
v 8.750001 7.000001 -3.400001
v 8.750000 5.500001 -3.400001
v 8.750001 7.000001 -4.100000
v 8.750000 5.500001 -4.100000
v 8.750001 7.000001 1.000000
v 8.750000 5.500001 1.000000
v 8.750001 7.000001 0.300000
v 8.750000 5.500001 0.300000
v 2.500001 7.000001 -10.350000
v 2.500001 5.500001 -10.350000
v 1.800001 7.000001 -10.350000
v 1.800001 5.500001 -10.350000
v 6.900001 7.000001 -10.350000
v 6.900001 5.500001 -10.350000
v 6.200001 7.000001 -10.350000
v 6.200001 5.500001 -10.350000
v -6.300001 7.000002 -10.350000
v -6.300000 5.500002 -10.350000
v -7.000000 7.000000 -10.350000
v -7.000000 5.500001 -10.350000
v -1.900000 7.000001 -10.350000
v -1.900000 5.500001 -10.350000
v -2.599999 7.000001 -10.350000
v -2.599999 5.500001 -10.350000
v -9.100000 2.100001 9.200001
v 6.200001 8.800001 -1.900001
v 6.200001 8.800001 -7.800001
v 6.200001 10.100001 -6.400001
v 6.200001 6.300001 2.200000
v 8.900001 6.518123 3.000000
v 8.900001 6.518123 3.000000
v 6.200001 6.200001 3.400000
v 6.200001 6.300001 -5.300001
v 6.200001 6.300001 -5.300001
v -6.700000 7.000000 -10.000000
v 6.200001 4.200001 -5.300001
v 6.200001 2.100001 -10.600000
v -6.700001 2.100001 -10.600000
v 7.200004 1.300001 -10.600000
v 7.200004 1.600001 -10.600000
v 6.600004 1.300001 -10.600000
v 6.600004 1.600001 -10.600000
v 7.200004 1.300001 -10.700001
v 7.200004 1.600001 -10.700001
v 6.600004 1.300001 -10.700001
v 6.600004 1.600001 -10.700001
v 9.000000 0.500001 -8.900000
v 9.000000 0.800001 -8.900000
v 9.000000 0.500001 -9.500000
v 9.000000 0.800001 -9.500000
v 9.099999 0.500001 -8.900000
v 9.100000 0.800001 -8.900000
v 9.099999 0.500001 -9.500000
v 9.100000 0.800001 -9.500000
v 9.000000 0.100001 -9.900000
v 9.000000 0.400002 -9.900000
v 9.000000 0.100001 -10.500000
v 9.000000 0.400002 -10.500000
v 9.100000 0.100001 -9.900000
v 9.100000 0.400001 -9.900000
v 9.100000 0.100001 -10.500000
v 9.100000 0.400001 -10.500000
v 9.000000 0.500001 -9.599999
v 9.000000 0.800001 -9.599999
v 9.000000 0.500001 -10.200000
v 9.000000 0.800001 -10.200000
v 9.099999 0.500001 -9.599999
v 9.099999 0.800001 -9.599999
v 9.099999 0.500001 -10.200000
v 9.100000 0.800001 -10.200000
v 9.000000 1.300001 -8.900000
v 9.000000 1.600001 -8.900000
v 9.000000 1.300001 -9.500000
v 9.000000 1.600001 -9.500000
v 9.100000 1.300001 -8.900000
v 9.100000 1.600001 -8.900000
v 9.100000 1.300001 -9.500000
v 9.100000 1.600001 -9.500000
v 9.000000 0.900002 -9.900000
v 9.000000 1.200001 -9.900000
v 9.000000 0.900002 -10.500000
v 9.000000 1.200001 -10.500000
v 9.100000 0.900001 -9.900000
v 9.099999 1.200001 -9.900000
v 9.100000 0.900001 -10.500000
v 9.099999 1.200001 -10.500000
v 9.000000 0.900001 -8.499999
v 9.000000 1.200001 -8.499999
v 9.000000 0.900002 -9.099999
v 9.000000 1.200001 -9.099999
v 9.100000 0.900001 -8.499999
v 9.099999 1.200001 -8.499999
v 9.100000 0.900002 -9.099999
v 9.100000 1.200002 -9.099999
v 9.000000 0.100001 -9.200000
v 9.000000 0.400002 -9.200000
v 9.000000 0.100001 -9.800000
v 9.000000 0.400002 -9.800000
v 9.100000 0.100001 -9.200000
v 9.100000 0.400001 -9.200000
v 9.100000 0.100001 -9.800000
v 9.100000 0.400001 -9.800000
v 9.000000 0.900002 -9.200000
v 9.000000 1.200001 -9.200000
v 9.000000 0.900002 -9.800000
v 9.000000 1.200001 -9.800000
v 9.100000 0.900001 -9.200000
v 9.099999 1.200001 -9.200000
v 9.100000 0.900001 -9.800000
v 9.099999 1.200001 -9.800000
v 9.000000 1.300001 -9.599999
v 9.000000 1.600001 -9.599999
v 9.000000 1.300001 -10.200000
v 9.000000 1.600001 -10.200000
v 9.099999 1.300001 -9.599999
v 9.099999 1.600001 -9.599999
v 9.100000 1.300001 -10.200000
v 9.099999 1.600001 -10.200000
v 9.000000 1.700001 -9.900000
v 9.000000 2.000001 -9.900000
v 9.000000 1.700001 -10.500000
v 9.000000 2.000001 -10.500000
v 9.099999 1.700001 -9.900000
v 9.099999 2.000001 -9.900000
v 9.100000 1.700002 -10.500000
v 9.100000 2.000001 -10.500000
v 9.000000 1.700001 -9.200000
v 9.000000 2.000001 -9.200000
v 9.000000 1.700001 -9.800000
v 9.000000 2.000001 -9.800000
v 9.100000 1.700002 -9.200000
v 9.099999 2.000001 -9.200000
v 9.100000 1.700002 -9.800000
v 9.100000 2.000001 -9.800000
v 9.000000 1.700002 -8.499999
v 9.000000 2.000001 -8.499999
v 9.000000 1.700002 -9.099999
v 9.000000 2.000001 -9.099999
v 9.100000 1.700002 -8.499999
v 9.099999 2.000001 -8.499999
v 9.100000 1.700002 -9.099999
v 9.099999 2.000001 -9.099999
v 9.000000 0.100001 -8.500000
v 9.000000 0.400001 -8.500000
v 9.000000 0.100001 -9.100000
v 9.000000 0.400002 -9.100000
v 9.100000 0.100001 -8.500000
v 9.100000 0.400001 -8.500000
v 9.100000 0.100001 -9.100000
v 9.100000 0.400001 -9.100000
v 9.000000 1.300001 -8.200000
v 9.000000 1.600001 -8.200000
v 9.000000 1.300001 -8.800000
v 9.000000 1.600001 -8.800000
v 9.100000 1.300001 -8.200000
v 9.100000 1.600001 -8.200000
v 9.100000 1.300001 -8.800000
v 9.100000 1.600001 -8.800000
v 9.000000 0.500001 -6.099999
v 9.000000 0.800001 -6.099999
v 9.000000 0.500001 -6.699999
v 9.000000 0.800001 -6.699999
v 9.100000 0.500001 -6.099999
v 9.100000 0.800001 -6.099999
v 9.100000 0.500001 -6.699999
v 9.100000 0.800001 -6.699999
v 9.000000 1.300001 -6.099999
v 9.000000 1.600001 -6.099999
v 9.000000 1.300001 -6.699999
v 9.000000 1.600001 -6.699999
v 9.100000 1.300001 -6.099999
v 9.100000 1.600001 -6.099999
v 9.100000 1.300001 -6.699999
v 9.100000 1.600001 -6.699999
v 9.000000 0.100001 -6.399999
v 9.000000 0.400001 -6.399999
v 9.000000 0.100001 -6.999999
v 9.000000 0.400001 -6.999999
v 9.100000 0.100001 -6.399999
v 9.100000 0.400001 -6.399999
v 9.100000 0.100001 -6.999999
v 9.100000 0.400001 -6.999999
v 9.000000 1.700002 -6.399998
v 9.000000 2.000001 -6.399998
v 9.000000 1.700002 -6.999998
v 9.000000 2.000001 -6.999998
v 9.100000 1.700002 -6.399998
v 9.099999 2.000001 -6.399998
v 9.100000 1.700002 -6.999998
v 9.100000 2.000001 -6.999998
v 9.000000 1.700001 -7.099999
v 9.000000 2.000001 -7.099999
v 9.000000 1.700001 -7.699999
v 9.000000 2.000001 -7.699999
v 9.100000 1.700002 -7.099999
v 9.100000 2.000001 -7.099999
v 9.100000 1.700001 -7.699999
v 9.100000 2.000001 -7.699999
v 9.000000 1.300001 -7.499999
v 9.000000 1.600001 -7.499999
v 9.000000 1.300001 -8.099998
v 9.000000 1.600001 -8.099998
v 9.100000 1.300001 -7.499999
v 9.099999 1.600001 -7.499999
v 9.100000 1.300001 -8.099998
v 9.100000 1.600001 -8.099998
v 9.000000 0.900001 -7.099999
v 9.000000 1.200001 -7.099999
v 9.000000 0.900001 -7.699999
v 9.000000 1.200001 -7.699999
v 9.100000 0.900001 -7.099999
v 9.099999 1.200001 -7.099999
v 9.100000 0.900002 -7.699999
v 9.100000 1.200001 -7.699999
v 9.000000 0.100001 -7.099999
v 9.000000 0.400001 -7.099999
v 9.000000 0.100001 -7.699999
v 9.000000 0.400001 -7.699999
v 9.100000 0.100001 -7.099999
v 9.100000 0.400001 -7.099999
v 9.100000 0.100001 -7.699999
v 9.100000 0.400001 -7.699999
v 9.000000 0.900001 -6.399998
v 9.000000 1.200001 -6.399998
v 9.000000 0.900001 -6.999998
v 9.000000 1.200001 -6.999998
v 9.100000 0.900002 -6.399998
v 9.100000 1.200002 -6.399998
v 9.100000 0.900002 -6.999998
v 9.100000 1.200001 -6.999998
v 9.000000 0.900001 -7.799999
v 9.000000 1.200001 -7.799999
v 9.000000 0.900001 -8.399999
v 9.000000 1.200001 -8.399999
v 9.100000 0.900001 -7.799999
v 9.099999 1.200001 -7.799999
v 9.100000 0.900002 -8.399999
v 9.100000 1.200001 -8.399999
v 9.000000 1.300001 -6.799999
v 9.000000 1.600001 -6.799999
v 9.000000 1.300001 -7.399999
v 9.000000 1.600001 -7.399999
v 9.100000 1.300001 -6.799999
v 9.100000 1.600001 -6.799999
v 9.100000 1.300001 -7.399999
v 9.100000 1.600001 -7.399999
v 9.000000 0.500001 -7.499999
v 9.000000 0.800001 -7.499999
v 9.000000 0.500001 -8.099998
v 9.000000 0.800001 -8.099998
v 9.099999 0.500001 -7.499999
v 9.100000 0.800001 -7.499999
v 9.100000 0.500001 -8.099998
v 9.100000 0.800001 -8.099998
v 9.000000 0.100001 -7.799999
v 9.000000 0.400001 -7.799999
v 9.000000 0.100001 -8.399999
v 9.000000 0.400001 -8.399999
v 9.100000 0.100001 -7.799999
v 9.100000 0.400001 -7.799999
v 9.100000 0.100001 -8.399999
v 9.100000 0.400001 -8.399999
v 9.000000 0.500001 -6.799999
v 9.000000 0.800001 -6.799999
v 9.000000 0.500001 -7.399999
v 9.000000 0.800001 -7.399999
v 9.099999 0.500001 -6.799999
v 9.100000 0.800001 -6.799999
v 9.100000 0.500001 -7.399999
v 9.100000 0.800001 -7.399999
v 9.000000 0.500001 -2.599998
v 9.000000 0.800001 -2.599998
v 9.000000 0.500001 -3.199999
v 9.000000 0.800001 -3.199999
v 9.100000 0.500001 -2.599998
v 9.100000 0.800001 -2.599998
v 9.100000 0.500001 -3.199999
v 9.100000 0.800001 -3.199999
v 9.000000 0.100001 -3.599998
v 9.000000 0.400001 -3.599998
v 9.000000 0.100001 -4.199999
v 9.000000 0.400001 -4.199999
v 9.100000 0.100001 -3.599998
v 9.100000 0.400001 -3.599998
v 9.100000 0.100001 -4.199999
v 9.100000 0.400001 -4.199999
v 9.000000 0.500001 -3.299998
v 9.000000 0.800001 -3.299998
v 9.000000 0.500001 -3.899999
v 9.000000 0.800001 -3.899999
v 9.100000 0.500001 -3.299998
v 9.100000 0.800001 -3.299998
v 9.100000 0.500001 -3.899999
v 9.100000 0.800001 -3.899999
v 9.000000 1.300001 -2.599998
v 9.000000 1.600001 -2.599998
v 9.000000 1.300001 -3.199999
v 9.000000 1.600001 -3.199999
v 9.100000 1.300001 -2.599998
v 9.100000 1.600001 -2.599998
v 9.100000 1.300001 -3.199999
v 9.100000 1.600001 -3.199999
v 9.000000 0.900001 -3.599998
v 9.000000 1.200001 -3.599998
v 9.000000 0.900001 -4.199999
v 9.000000 1.200001 -4.199999
v 9.100000 0.900002 -3.599998
v 9.100000 1.200001 -3.599998
v 9.100000 0.900002 -4.199999
v 9.100000 1.200001 -4.199999
v 9.000000 0.900001 -2.199998
v 9.000000 1.200001 -2.199998
v 9.000000 0.900001 -2.799998
v 9.000000 1.200001 -2.799998
v 9.100000 0.900002 -2.199998
v 9.100000 1.200001 -2.199998
v 9.100000 0.900002 -2.799998
v 9.100000 1.200001 -2.799998
v 9.000000 0.100001 -2.899999
v 9.000000 0.400001 -2.899999
v 9.000000 0.100001 -3.499999
v 9.000000 0.400001 -3.499999
v 9.100000 0.100001 -2.899999
v 9.100000 0.400001 -2.899999
v 9.100000 0.100001 -3.499999
v 9.100000 0.400001 -3.499999
v 9.000000 0.900001 -2.899999
v 9.000000 1.200001 -2.899999
v 9.000000 0.900001 -3.499999
v 9.000000 1.200001 -3.499999
v 9.100000 0.900002 -2.899999
v 9.100000 1.200001 -2.899999
v 9.100000 0.900002 -3.499999
v 9.100000 1.200001 -3.499999
v 9.000000 1.300001 -3.299998
v 9.000000 1.600001 -3.299998
v 9.000000 1.300001 -3.899999
v 9.000000 1.600001 -3.899999
v 9.100000 1.300001 -3.299998
v 9.100000 1.600001 -3.299998
v 9.100000 1.300001 -3.899999
v 9.100000 1.600001 -3.899999
v 9.000000 1.700002 -3.599998
v 9.000000 2.000001 -3.599998
v 9.000000 1.700001 -4.199999
v 9.000000 2.000001 -4.199999
v 9.100000 1.700001 -3.599998
v 9.100000 2.000001 -3.599998
v 9.100000 1.700001 -4.199999
v 9.100000 2.000001 -4.199999
v 9.000000 1.700002 -2.899999
v 9.000000 2.000001 -2.899999
v 9.000000 1.700002 -3.499999
v 9.000000 2.000001 -3.499999
v 9.100000 1.700001 -2.899999
v 9.100000 2.000001 -2.899999
v 9.100000 1.700001 -3.499999
v 9.100000 2.000001 -3.499999
v 9.000000 1.700002 -2.199998
v 9.000000 2.000001 -2.199998
v 9.000000 1.700002 -2.799998
v 9.000000 2.000001 -2.799998
v 9.100000 1.700001 -2.199998
v 9.100000 2.000001 -2.199998
v 9.100000 1.700001 -2.799998
v 9.100000 2.000001 -2.799998
v 9.000000 0.100001 -2.199999
v 9.000000 0.400001 -2.199999
v 9.000000 0.100001 -2.799999
v 9.000000 0.400001 -2.799999
v 9.100000 0.100001 -2.199999
v 9.100000 0.400001 -2.199999
v 9.100000 0.100001 -2.799999
v 9.100000 0.400001 -2.799999
v 9.000000 1.300001 -1.899999
v 9.000000 1.600001 -1.899999
v 9.000000 1.300001 -2.499999
v 9.000000 1.600001 -2.499999
v 9.100000 1.300001 -1.899999
v 9.100000 1.600001 -1.899999
v 9.100000 1.300001 -2.499999
v 9.100000 1.600001 -2.499999
v 9.000000 0.500001 -3.999999
v 9.000000 0.800001 -3.999999
v 9.000000 0.500001 -4.599999
v 9.000000 0.800001 -4.599999
v 9.100000 0.500001 -3.999999
v 9.100000 0.800001 -3.999999
v 9.100000 0.500001 -4.599999
v 9.100000 0.800001 -4.599999
v 9.000000 1.300001 -3.999999
v 9.000000 1.600001 -3.999999
v 9.000000 1.300001 -4.599999
v 9.000000 1.600001 -4.599999
v 9.100000 1.300001 -3.999999
v 9.100000 1.600001 -3.999999
v 9.100000 1.300001 -4.599999
v 9.100000 1.600001 -4.599999
v 9.000000 0.100001 -4.299999
v 9.000000 0.400001 -4.299999
v 9.000000 0.100001 -4.900000
v 9.000000 0.400001 -4.900000
v 9.100000 0.100001 -4.299999
v 9.100000 0.400001 -4.299999
v 9.100000 0.100001 -4.900000
v 9.100000 0.400001 -4.900000
v 9.000000 1.700002 -4.299998
v 9.000000 2.000001 -4.299998
v 9.000000 1.700002 -4.899999
v 9.000000 2.000001 -4.899999
v 9.100000 1.700002 -4.299998
v 9.100000 2.000001 -4.299998
v 9.100000 1.700001 -4.899999
v 9.100000 2.000001 -4.899999
v 9.000000 1.700001 -4.999999
v 9.000000 2.000001 -4.999999
v 9.000000 1.700001 -5.599999
v 9.000000 2.000001 -5.599999
v 9.100000 1.700001 -4.999999
v 9.100000 2.000001 -4.999999
v 9.100000 1.700001 -5.599999
v 9.100000 2.000001 -5.599999
v 9.000000 1.700001 -5.699999
v 9.000000 2.000001 -5.699999
v 9.000000 1.700001 -6.299999
v 9.000000 2.000001 -6.299999
v 9.100000 1.700001 -5.699999
v 9.100000 2.000001 -5.699999
v 9.100000 1.700001 -6.299999
v 9.100000 2.000001 -6.299999
v 9.000000 1.300001 -5.399999
v 9.000000 1.600001 -5.399999
v 9.000000 1.300001 -5.999999
v 9.000000 1.600001 -5.999999
v 9.100000 1.300001 -5.399999
v 9.100000 1.600001 -5.399999
v 9.100000 1.300001 -5.999999
v 9.100000 1.600001 -5.999999
v 9.000000 0.900001 -4.999999
v 9.000000 1.200001 -4.999999
v 9.000000 0.900001 -5.599999
v 9.000000 1.200001 -5.599999
v 9.100000 0.900002 -4.999999
v 9.100000 1.200001 -4.999999
v 9.100000 0.900002 -5.599999
v 9.100000 1.200001 -5.599999
v 9.000000 0.100001 -4.999999
v 9.000000 0.400001 -4.999999
v 9.000000 0.100001 -5.599999
v 9.000000 0.400001 -5.599999
v 9.100000 0.100001 -4.999999
v 9.100000 0.400001 -4.999999
v 9.100000 0.100001 -5.599999
v 9.100000 0.400001 -5.599999
v 9.000000 0.900001 -4.299998
v 9.000000 1.200001 -4.299998
v 9.000000 0.900001 -4.899999
v 9.000000 1.200001 -4.899999
v 9.100000 0.900002 -4.299998
v 9.100000 1.200001 -4.299998
v 9.100000 0.900002 -4.899999
v 9.100000 1.200001 -4.899999
v 9.000000 0.900001 -5.699999
v 9.000000 1.200001 -5.699999
v 9.000000 0.900001 -6.299999
v 9.000000 1.200001 -6.299999
v 9.100000 0.900002 -5.699999
v 9.100000 1.200001 -5.699999
v 9.100000 0.900002 -6.299999
v 9.100000 1.200001 -6.299999
v 9.000000 1.300001 -4.699999
v 9.000000 1.600001 -4.699999
v 9.000000 1.300001 -5.299999
v 9.000000 1.600001 -5.299999
v 9.100000 1.300001 -4.699999
v 9.100000 1.600001 -4.699999
v 9.100000 1.300001 -5.299999
v 9.100000 1.600001 -5.299999
v 9.000000 0.500001 -5.399999
v 9.000000 0.800001 -5.399999
v 9.000000 0.500001 -5.999999
v 9.000000 0.800001 -5.999999
v 9.100000 0.500001 -5.399999
v 9.100000 0.800001 -5.399999
v 9.100000 0.500001 -5.999999
v 9.100000 0.800001 -5.999999
v 9.000000 0.100001 -5.699999
v 9.000000 0.400001 -5.699999
v 9.000000 0.100001 -6.299999
v 9.000000 0.400001 -6.299999
v 9.100000 0.100001 -5.699999
v 9.100000 0.400001 -5.699999
v 9.100000 0.100001 -6.299999
v 9.100000 0.400001 -6.299999
v 9.000000 0.500001 -4.699999
v 9.000000 0.800001 -4.699999
v 9.000000 0.500001 -5.299999
v 9.000000 0.800001 -5.299999
v 9.100000 0.500001 -4.699999
v 9.100000 0.800001 -4.699999
v 9.100000 0.500001 -5.299999
v 9.100000 0.800001 -5.299999
v 9.000000 0.500001 -0.499999
v 9.000000 0.800001 -0.499999
v 9.000000 0.500001 -1.099999
v 9.000000 0.800001 -1.099999
v 9.100000 0.500001 -0.499999
v 9.100000 0.800001 -0.499999
v 9.100000 0.500001 -1.099999
v 9.100000 0.800001 -1.099999
v 9.000000 0.100001 -1.499999
v 9.000000 0.400001 -1.499999
v 9.000000 0.100001 -2.099999
v 9.000000 0.400001 -2.099999
v 9.100000 0.100001 -1.499999
v 9.100000 0.400001 -1.499999
v 9.100000 0.100001 -2.099999
v 9.100000 0.400001 -2.099999
v 9.000000 0.500001 -1.199999
v 9.000000 0.800001 -1.199999
v 9.000000 0.500001 -1.799999
v 9.000000 0.800001 -1.799999
v 9.100000 0.500001 -1.199999
v 9.100000 0.800001 -1.199999
v 9.100000 0.500001 -1.799999
v 9.100000 0.800001 -1.799999
v 9.000000 1.300001 -0.499999
v 9.000000 1.600001 -0.499999
v 9.000000 1.300001 -1.099999
v 9.000000 1.600001 -1.099999
v 9.100000 1.300001 -0.499999
v 9.100000 1.600001 -0.499999
v 9.100000 1.300001 -1.099999
v 9.100000 1.600001 -1.099999
v 9.000000 0.900001 -1.499999
v 9.000000 1.200001 -1.499999
v 9.000000 0.900001 -2.099999
v 9.000000 1.200001 -2.099999
v 9.100000 0.900002 -1.499999
v 9.100000 1.200001 -1.499999
v 9.100000 0.900002 -2.099999
v 9.100000 1.200001 -2.099999
v 9.000000 0.900001 -0.099998
v 9.000000 1.200001 -0.099998
v 9.000000 0.900001 -0.699999
v 9.000000 1.200001 -0.699999
v 9.100000 0.900002 -0.099998
v 9.100000 1.200001 -0.099998
v 9.100000 0.900002 -0.699999
v 9.100000 1.200001 -0.699999
v 9.000000 0.100001 -0.799999
v 9.000000 0.400002 -0.799999
v 9.000000 0.100001 -1.400000
v 9.000000 0.400001 -1.400000
v 9.100000 0.100001 -0.799999
v 9.100000 0.400001 -0.799999
v 9.100000 0.100001 -1.400000
v 9.100000 0.400001 -1.400000
v 9.000000 0.900001 -0.799999
v 9.000000 1.200001 -0.799999
v 9.000000 0.900001 -1.400000
v 9.000000 1.200001 -1.400000
v 9.100000 0.900002 -0.799999
v 9.100000 1.200001 -0.799999
v 9.100000 0.900002 -1.400000
v 9.100000 1.200001 -1.400000
v 9.000000 1.300001 -1.199999
v 9.000000 1.600001 -1.199999
v 9.000000 1.300001 -1.799999
v 9.000000 1.600001 -1.799999
v 9.100000 1.300001 -1.199999
v 9.100000 1.600001 -1.199999
v 9.100000 1.300002 -1.799999
v 9.100000 1.600001 -1.799999
v 9.000000 1.700002 -1.499999
v 9.000000 2.000001 -1.499999
v 9.000000 1.700002 -2.099999
v 9.000000 2.000001 -2.099999
v 9.100000 1.700001 -1.499999
v 9.100000 2.000001 -1.499999
v 9.100000 1.700001 -2.099999
v 9.100000 2.000001 -2.099999
v 9.000000 1.700002 -0.799999
v 9.000000 2.000001 -0.799999
v 9.000000 1.700002 -1.400000
v 9.000000 2.000001 -1.400000
v 9.100000 1.700001 -0.799999
v 9.100000 2.000001 -0.799999
v 9.100000 1.700001 -1.400000
v 9.100000 2.000001 -1.400000
v 9.000000 1.700002 -0.099998
v 9.000000 2.000001 -0.099998
v 9.000000 1.700002 -0.699999
v 9.000000 2.000001 -0.699999
v 9.100000 1.700001 -0.099998
v 9.100000 2.000001 -0.099998
v 9.100000 1.700001 -0.699999
v 9.100000 2.000001 -0.699999
v 9.000000 1.300001 0.200001
v 9.000000 1.600001 0.200001
v 9.000000 1.300001 -0.400000
v 9.000000 1.600001 -0.400000
v 9.100000 1.300001 0.200001
v 9.100000 1.600001 0.200001
v 9.100000 1.300001 -0.400000
v 9.100000 1.600001 -0.400000
v 9.000000 0.500001 0.200001
v 9.000000 0.800001 0.200001
v 9.000000 0.500001 -0.400000
v 9.000000 0.800001 -0.400000
v 9.100000 0.500001 0.200001
v 9.100000 0.800001 0.200001
v 9.100000 0.500001 -0.400000
v 9.100000 0.800001 -0.400000
v 9.000000 0.500001 2.300001
v 9.000000 0.800001 2.300001
v 9.000000 0.500001 1.700001
v 9.000000 0.800001 1.700001
v 9.100000 0.500001 2.300001
v 9.100000 0.800001 2.300001
v 9.100000 0.500001 1.700001
v 9.100000 0.800001 1.700001
v 9.000000 1.300001 2.300001
v 9.000000 1.600001 2.300001
v 9.000000 1.300001 1.700001
v 9.000000 1.600001 1.700001
v 9.100000 1.300001 2.300001
v 9.100000 1.600001 2.300001
v 9.100000 1.300002 1.700001
v 9.100000 1.600001 1.700001
v 9.000000 0.100001 2.000001
v 9.000000 0.400002 2.000001
v 9.000000 0.100001 1.400001
v 9.000000 0.400002 1.400001
v 9.100000 0.100001 2.000001
v 9.100000 0.400001 2.000001
v 9.100000 0.100001 1.400001
v 9.100000 0.400001 1.400001
v 9.000000 1.700002 2.000002
v 9.000000 2.000001 2.000002
v 9.000000 1.700002 1.400002
v 9.000000 2.000001 1.400002
v 9.100000 1.700001 2.000002
v 9.100000 2.000001 2.000002
v 9.100000 1.700001 1.400002
v 9.100000 2.000001 1.400002
v 9.000000 1.700001 1.300001
v 9.000000 2.000001 1.300001
v 9.000000 1.700001 0.700001
v 9.000000 2.000001 0.700001
v 9.100000 1.700001 1.300001
v 9.100000 2.000001 1.300001
v 9.100000 1.700001 0.700001
v 9.100000 2.000001 0.700001
v 9.000000 1.700001 0.600001
v 9.000000 2.000001 0.600001
v 9.000000 1.700002 0.000001
v 9.000000 2.000001 0.000001
v 9.100000 1.700001 0.600001
v 9.100000 2.000001 0.600001
v 9.100000 1.700001 0.000001
v 9.100000 2.000001 0.000001
v 9.000000 1.300001 0.900002
v 9.000000 1.600001 0.900002
v 9.000000 1.300001 0.300001
v 9.000000 1.600001 0.300001
v 9.100000 1.300002 0.900002
v 9.100000 1.600001 0.900002
v 9.100000 1.300002 0.300001
v 9.100000 1.600001 0.300001
v 9.000000 0.900001 1.300001
v 9.000000 1.200001 1.300001
v 9.000000 0.900001 0.700001
v 9.000000 1.200001 0.700001
v 9.100000 0.900002 1.300001
v 9.100000 1.200001 1.300001
v 9.100000 0.900002 0.700001
v 9.100000 1.200001 0.700001
v 9.000000 0.100001 1.300001
v 9.000000 0.400002 1.300001
v 9.000000 0.100001 0.700001
v 9.000000 0.400002 0.700001
v 9.100000 0.100001 1.300001
v 9.100000 0.400001 1.300001
v 9.100000 0.100001 0.700001
v 9.100000 0.400001 0.700001
v 9.000000 0.900001 2.000002
v 9.000000 1.200001 2.000002
v 9.000000 0.900001 1.400002
v 9.000000 1.200001 1.400002
v 9.100000 0.900002 2.000002
v 9.100000 1.200001 2.000002
v 9.100000 0.900002 1.400002
v 9.100000 1.200001 1.400002
v 9.000000 0.900001 0.600001
v 9.000000 1.200001 0.600001
v 9.000000 0.900001 0.000001
v 9.000000 1.200001 0.000001
v 9.100000 0.900002 0.600001
v 9.100000 1.200001 0.600001
v 9.100000 0.900002 0.000001
v 9.100000 1.200001 0.000001
v 9.000000 0.500001 0.900002
v 9.000000 0.800001 0.900002
v 9.000000 0.500001 0.300001
v 9.000000 0.800001 0.300001
v 9.100000 0.500001 0.900002
v 9.100000 0.800001 0.900002
v 9.100000 0.500001 0.300001
v 9.100000 0.800001 0.300001
v 9.000000 0.100001 0.600001
v 9.000000 0.400002 0.600001
v 9.000000 0.100001 0.000001
v 9.000000 0.400002 0.000001
v 9.100000 0.100001 0.600001
v 9.100000 0.400001 0.600001
v 9.100000 0.100001 0.000001
v 9.100000 0.400001 0.000001
v 9.000000 0.500001 1.600001
v 9.000000 0.800001 1.600001
v 9.000000 0.500001 1.000001
v 9.000000 0.800001 1.000001
v 9.100000 0.500001 1.600001
v 9.100000 0.800001 1.600001
v 9.100000 0.500001 1.000001
v 9.100000 0.800001 1.000001
v 9.000000 0.900001 2.700003
v 9.000000 1.200001 2.700003
v 9.000000 0.900001 2.100002
v 9.000000 1.200001 2.100002
v 9.100000 0.900002 2.700003
v 9.100000 1.200001 2.700003
v 9.100000 0.900002 2.100002
v 9.100000 1.200001 2.100002
v 9.000000 1.700002 2.700003
v 9.000000 2.000001 2.700003
v 9.000000 1.700002 2.100002
v 9.000000 2.000001 2.100002
v 9.100000 1.700001 2.700003
v 9.100000 2.000001 2.700003
v 9.100000 1.700001 2.100002
v 9.100000 2.000001 2.100002
v 9.000000 0.100001 2.700002
v 9.000000 0.400002 2.700002
v 9.000000 0.100001 2.100001
v 9.000000 0.400002 2.100001
v 9.100000 0.100001 2.700002
v 9.100000 0.400001 2.700002
v 9.100000 0.100001 2.100001
v 9.100000 0.400001 2.100001
v 9.000000 1.300001 3.000002
v 9.000000 1.600001 3.000002
v 9.000000 1.300001 2.400002
v 9.000000 1.600001 2.400002
v 9.100000 1.300001 3.000002
v 9.100000 1.600001 3.000002
v 9.100000 1.300002 2.400002
v 9.100000 1.600001 2.400002
v 9.000000 0.500001 3.000002
v 9.000000 0.800001 3.000002
v 9.000000 0.500001 2.400002
v 9.000000 0.800001 2.400002
v 9.100000 0.500001 3.000002
v 9.100000 0.800001 3.000002
v 9.100000 0.500001 2.400002
v 9.100000 0.800001 2.400002
v 9.000000 0.100001 3.400002
v 9.000000 0.400002 3.400002
v 9.000000 0.100001 2.800001
v 9.000000 0.400002 2.800001
v 9.100000 0.100001 3.400002
v 9.100000 0.400001 3.400002
v 9.100000 0.100001 2.800001
v 9.100000 0.400001 2.800001
v 9.000000 0.900001 3.400002
v 9.000000 1.200001 3.400002
v 9.000000 0.900001 2.800001
v 9.000000 1.200001 2.800001
v 9.100000 0.900002 3.400002
v 9.100000 1.200001 3.400002
v 9.100000 0.900002 2.800001
v 9.100000 1.200001 2.800001
v 9.000000 1.700001 3.400002
v 9.000000 2.000001 3.400002
v 9.000000 1.700001 2.800001
v 9.000000 2.000001 2.800001
v 9.100000 1.700001 3.400002
v 9.100000 2.000001 3.400002
v 9.100000 1.700001 2.800001
v 9.100000 2.000001 2.800001
v 9.000000 0.500001 -8.200000
v 9.000000 0.800001 -8.200000
v 9.000000 0.500001 -8.800000
v 9.000000 0.800001 -8.800000
v 9.099999 0.500001 -8.200000
v 9.099999 0.800001 -8.200000
v 9.099999 0.500001 -8.800000
v 9.100000 0.800001 -8.800000
v 9.000001 1.700001 9.099998
v 9.000000 2.000001 9.099998
v 9.000001 1.700001 8.500000
v 9.000000 2.000001 8.500000
v 9.100000 1.700001 9.099998
v 9.100000 2.000001 9.099998
v 9.100000 1.700001 8.500000
v 9.100000 2.000001 8.500000
v 9.000001 0.900001 9.099998
v 9.000001 1.200001 9.099998
v 9.000001 0.900001 8.500000
v 9.000001 1.200001 8.500000
v 9.100000 0.900002 9.099998
v 9.100000 1.200001 9.099998
v 9.100000 0.900001 8.500000
v 9.100000 1.200001 8.500000
v 9.000001 0.100001 9.099998
v 9.000001 0.400002 9.099998
v 9.000001 0.100001 8.500000
v 9.000001 0.400002 8.500000
v 9.100000 0.100001 9.099998
v 9.100000 0.400001 9.099998
v 9.100000 0.100001 8.500000
v 9.100000 0.400001 8.500000
v 9.000001 0.500001 8.799999
v 9.000000 0.800001 8.799999
v 9.000001 0.500001 8.200001
v 9.000000 0.800001 8.200001
v 9.100000 0.500001 8.799999
v 9.100000 0.800001 8.799999
v 9.100000 0.500001 8.200001
v 9.100000 0.800001 8.200001
v 9.000000 1.300001 8.799999
v 9.000000 1.600001 8.799999
v 9.000000 1.300001 8.200001
v 9.000000 1.600001 8.200001
v 9.100000 1.300001 8.799999
v 9.100000 1.600001 8.799999
v 9.100000 1.300001 8.200001
v 9.100000 1.600001 8.200001
v 9.000001 0.100001 8.399998
v 9.000001 0.400002 8.399998
v 9.000001 0.100001 7.799999
v 9.000001 0.400002 7.799999
v 9.100000 0.100001 8.399998
v 9.100000 0.400001 8.399998
v 9.100000 0.100001 7.799999
v 9.100000 0.400001 7.799999
v 9.000001 1.700001 8.400002
v 9.000000 2.000001 8.400002
v 9.000001 1.700001 7.800003
v 9.000000 2.000001 7.800003
v 9.100000 1.700001 8.400002
v 9.100000 2.000001 8.400002
v 9.100000 1.700001 7.800003
v 9.100000 2.000001 7.800003
v 9.000001 0.900001 8.400002
v 9.000001 1.200001 8.400002
v 9.000001 0.900001 7.800003
v 9.000001 1.200001 7.800003
v 9.100000 0.900002 8.400002
v 9.100000 1.200001 8.400002
v 9.100000 0.900001 7.800003
v 9.100000 1.200001 7.800003
v 9.000001 0.500001 7.400002
v 9.000000 0.800001 7.400002
v 9.000001 0.500001 6.800003
v 9.000000 0.800001 6.800003
v 9.100000 0.500001 7.400002
v 9.100000 0.800001 7.400002
v 9.100000 0.500001 6.800003
v 9.100000 0.800001 6.800003
v 9.000000 0.100001 6.299999
v 9.000000 0.400002 6.299999
v 9.000000 0.100001 5.700001
v 9.000000 0.400002 5.700001
v 9.100000 0.100001 6.299999
v 9.100000 0.400001 6.299999
v 9.100000 0.100001 5.700001
v 9.100000 0.400001 5.700001
v 9.000001 0.500001 6.700001
v 9.000000 0.800001 6.700001
v 9.000001 0.500001 6.100002
v 9.000000 0.800001 6.100002
v 9.100000 0.500001 6.700001
v 9.100000 0.800001 6.700001
v 9.100000 0.500001 6.100002
v 9.100000 0.800001 6.100002
v 9.000000 0.900001 6.299999
v 9.000000 1.200001 6.299999
v 9.000000 0.900001 5.700001
v 9.000000 1.200001 5.700001
v 9.100000 0.900002 6.299999
v 9.100000 1.200001 6.299999
v 9.100000 0.900002 5.700001
v 9.100000 1.200001 5.700001
v 9.000001 0.900001 7.700001
v 9.000001 1.200001 7.700001
v 9.000001 0.900001 7.100002
v 9.000001 1.200001 7.100002
v 9.100000 0.900002 7.700001
v 9.100000 1.200001 7.700001
v 9.100000 0.900001 7.100002
v 9.100000 1.200001 7.100002
v 9.000001 0.100001 7.000000
v 9.000001 0.400002 7.000000
v 9.000000 0.100001 6.400002
v 9.000000 0.400002 6.400002
v 9.100000 0.100001 7.000000
v 9.100000 0.400001 7.000000
v 9.100000 0.100001 6.400002
v 9.100000 0.400001 6.400002
v 9.000001 0.900001 7.000000
v 9.000000 1.200001 7.000000
v 9.000000 0.900001 6.400002
v 9.000000 1.200001 6.400002
v 9.100000 0.900002 7.000000
v 9.100000 1.200001 7.000000
v 9.100000 0.900002 6.400002
v 9.100000 1.200001 6.400002
v 9.000000 1.300001 6.700001
v 9.000001 1.600001 6.700001
v 9.000000 1.300001 6.100002
v 9.000000 1.600001 6.100002
v 9.100000 1.300001 6.700001
v 9.100000 1.600001 6.700001
v 9.100000 1.300001 6.100002
v 9.100000 1.600001 6.100002
v 9.000001 1.700001 6.299999
v 9.000000 2.000001 6.299999
v 9.000001 1.700001 5.700001
v 9.000000 2.000001 5.700001
v 9.100000 1.700001 6.299999
v 9.100000 2.000001 6.299999
v 9.100000 1.700001 5.700001
v 9.100000 2.000001 5.700001
v 9.000001 1.700001 7.000000
v 9.000000 2.000001 7.000000
v 9.000001 1.700001 6.400002
v 9.000000 2.000001 6.400002
v 9.100000 1.700001 7.000000
v 9.100000 2.000001 7.000000
v 9.100000 1.700001 6.400002
v 9.100000 2.000001 6.400002
v 9.000001 1.700001 7.700001
v 9.000000 2.000001 7.700001
v 9.000001 1.700001 7.100002
v 9.000000 2.000001 7.100002
v 9.100000 1.700001 7.700001
v 9.100000 2.000001 7.700001
v 9.100000 1.700001 7.100002
v 9.100000 2.000001 7.100002
v 9.000001 0.100001 7.700001
v 9.000001 0.400002 7.700001
v 9.000001 0.100001 7.100002
v 9.000001 0.400002 7.100002
v 9.100000 0.100001 7.700001
v 9.100000 0.400001 7.700001
v 9.100000 0.100001 7.100002
v 9.100000 0.400001 7.100002
v 9.000000 1.300001 8.099998
v 9.000000 1.600001 8.099998
v 9.000000 1.300001 7.500000
v 9.000000 1.600001 7.500000
v 9.100000 1.300001 8.099998
v 9.100000 1.600001 8.099998
v 9.100000 1.300001 7.500000
v 9.100000 1.600001 7.500000
v 9.000001 0.500001 6.000000
v 9.000000 0.800001 6.000000
v 9.000001 0.500001 5.400002
v 9.000000 0.800001 5.400002
v 9.100000 0.500001 6.000000
v 9.100000 0.800001 6.000000
v 9.100000 0.500001 5.400002
v 9.100000 0.800001 5.400002
v 9.000000 1.300001 6.000000
v 9.000000 1.600001 6.000000
v 9.000000 1.300001 5.400002
v 9.000000 1.600001 5.400002
v 9.100000 1.300002 6.000000
v 9.100000 1.600001 6.000000
v 9.100000 1.300001 5.400002
v 9.100000 1.600001 5.400002
v 7.200001 0.500001 9.200001
v 7.200001 0.800001 9.200001
v 7.800000 0.500001 9.200001
v 7.800001 0.800001 9.200001
v 7.200001 0.500001 9.299999
v 7.200001 0.800001 9.299999
v 7.800000 0.500001 9.299999
v 7.800001 0.800001 9.299999
v 7.600001 0.100001 9.200001
v 7.600000 0.400001 9.200001
v 8.200001 0.100001 9.200001
v 8.200001 0.400002 9.200001
v 7.600001 0.100001 9.299999
v 7.600000 0.400001 9.299999
v 8.200001 0.100001 9.299999
v 8.200001 0.400002 9.299999
v 7.900001 0.500001 9.200001
v 7.900001 0.800001 9.200001
v 8.500000 0.500001 9.200001
v 8.500000 0.800001 9.200001
v 7.900001 0.500001 9.299999
v 7.900001 0.800001 9.299999
v 8.500000 0.500001 9.299999
v 8.500000 0.800001 9.299999
v 8.300001 0.900001 9.200001
v 8.300001 1.200001 9.200001
v 8.900001 0.900001 9.200001
v 8.900001 1.200001 9.200001
v 8.300001 0.900001 9.299999
v 8.300001 1.200001 9.299999
v 8.900001 0.900001 9.299999
v 8.900001 1.200001 9.299999
v 8.300001 0.100001 9.200001
v 8.300001 0.400001 9.200001
v 8.900001 0.100001 9.200001
v 8.900001 0.400002 9.200001
v 8.300001 0.100001 9.299999
v 8.300001 0.400001 9.299999
v 8.900001 0.100001 9.299999
v 8.900001 0.400002 9.299999
v 7.900000 1.300001 9.200001
v 7.900000 1.600001 9.200001
v 8.500000 1.300001 9.200001
v 8.500000 1.600001 9.200001
v 7.900000 1.300001 9.299999
v 7.900000 1.600001 9.299999
v 8.500000 1.300001 9.299999
v 8.500000 1.600001 9.299999
v 7.200000 1.300001 9.200001
v 7.200000 1.600001 9.200001
v 7.800001 1.300001 9.200001
v 7.800001 1.600001 9.200001
v 7.200000 1.300001 9.299999
v 7.200000 1.600001 9.299999
v 7.800001 1.300001 9.299999
v 7.800001 1.600001 9.299999
v 7.600000 0.900002 9.200001
v 7.600000 1.200001 9.200001
v 8.200000 0.900001 9.200001
v 8.200000 1.200001 9.200001
v 7.600000 0.900002 9.299999
v 7.600000 1.200001 9.299999
v 8.200000 0.900001 9.299999
v 8.200000 1.200001 9.299999
v 8.300001 1.700001 9.200001
v 8.300001 2.000001 9.200001
v 8.900001 1.700002 9.200001
v 8.900001 2.000001 9.200001
v 8.300001 1.700001 9.299999
v 8.300001 2.000001 9.299999
v 8.900001 1.700002 9.299999
v 8.900001 2.000001 9.299999
v 6.900001 0.100001 9.200001
v 6.900000 0.400001 9.200001
v 7.500000 0.100001 9.200001
v 7.500000 0.400001 9.200001
v 6.900001 0.100001 9.299999
v 6.900000 0.400001 9.299999
v 7.500000 0.100001 9.299999
v 7.500000 0.400001 9.299999
v 6.900001 1.700001 9.200001
v 6.900001 2.000001 9.200001
v 7.500000 1.700002 9.200001
v 7.500000 2.000001 9.200001
v 6.900001 1.700001 9.299999
v 6.900001 2.000001 9.299999
v 7.500000 1.700002 9.299999
v 7.500000 2.000001 9.299999
v 6.900000 0.900001 9.200001
v 6.900001 1.200002 9.200001
v 7.500000 0.900001 9.200001
v 7.500000 1.200001 9.200001
v 6.900000 0.900001 9.299999
v 6.900001 1.200002 9.299999
v 7.500000 0.900001 9.299999
v 7.500000 1.200001 9.299999
v 6.500000 1.300001 9.200001
v 6.500000 1.600001 9.200001
v 7.100000 1.300001 9.200001
v 7.100000 1.600001 9.200001
v 6.500000 1.300001 9.299999
v 6.500000 1.600001 9.299999
v 7.100000 1.300001 9.299999
v 7.100000 1.600001 9.299999
v 6.500000 0.500001 9.200001
v 6.500000 0.800001 9.200001
v 7.100000 0.500001 9.200001
v 7.100000 0.800001 9.200001
v 6.500000 0.500001 9.299999
v 6.500000 0.800001 9.299999
v 7.100000 0.500001 9.299999
v 7.100000 0.800001 9.299999
v 4.400000 0.500001 9.200001
v 4.400000 0.800001 9.200001
v 5.000000 0.500001 9.200001
v 5.000000 0.800001 9.200001
v 4.400000 0.500001 9.299999
v 4.400000 0.800001 9.299999
v 5.000000 0.500001 9.299999
v 5.000000 0.800001 9.299999
v 4.400000 1.300001 9.200001
v 4.400000 1.600001 9.200001
v 5.000000 1.300001 9.200001
v 5.000000 1.600001 9.200001
v 4.400000 1.300001 9.299999
v 4.400000 1.600001 9.299999
v 5.000000 1.300001 9.299999
v 5.000000 1.600001 9.299999
v 4.800000 0.900001 9.200001
v 4.800000 1.200001 9.200001
v 5.400001 0.900001 9.200001
v 5.400001 1.200001 9.200001
v 4.800000 0.900001 9.299999
v 4.800000 1.200001 9.299999
v 5.400001 0.900001 9.299999
v 5.400001 1.200001 9.299999
v 4.800000 1.700001 9.200001
v 4.800001 2.000001 9.200001
v 5.400001 1.700001 9.200001
v 5.400001 2.000001 9.200001
v 4.800000 1.700001 9.299999
v 4.800001 2.000001 9.299999
v 5.400001 1.700001 9.299999
v 5.400001 2.000001 9.299999
v 4.800000 0.100001 9.200001
v 4.800001 0.400001 9.200001
v 5.400001 0.100001 9.200001
v 5.400001 0.400001 9.200001
v 4.800000 0.100001 9.299999
v 4.800001 0.400001 9.299999
v 5.400001 0.100001 9.299999
v 5.400001 0.400001 9.299999
v 5.500000 1.700002 9.200001
v 5.500000 2.000001 9.200001
v 6.100000 1.700001 9.200001
v 6.100000 2.000001 9.200001
v 5.500000 1.700002 9.299999
v 5.500000 2.000001 9.299999
v 6.100000 1.700001 9.299999
v 6.100000 2.000001 9.299999
v 6.200000 1.700001 9.200001
v 6.200000 2.000001 9.200001
v 6.800000 1.700001 9.200001
v 6.800000 2.000001 9.200001
v 6.200000 1.700001 9.299999
v 6.200000 2.000001 9.299999
v 6.800000 1.700001 9.299999
v 6.800000 2.000001 9.299999
v 5.500000 0.900001 9.200001
v 5.500000 1.200001 9.200001
v 6.100000 0.900002 9.200001
v 6.100000 1.200001 9.200001
v 5.500000 0.900001 9.299999
v 5.500000 1.200001 9.299999
v 6.100000 0.900002 9.299999
v 6.100000 1.200001 9.299999
v 5.100000 1.300001 9.200001
v 5.100000 1.600001 9.200001
v 5.700001 1.300001 9.200001
v 5.700001 1.600001 9.200001
v 5.100000 1.300001 9.299999
v 5.100000 1.600001 9.299999
v 5.700001 1.300001 9.299999
v 5.700001 1.600001 9.299999
v 5.800000 1.300001 9.200001
v 5.800000 1.600001 9.200001
v 6.400001 1.300001 9.200001
v 6.400001 1.600001 9.200001
v 5.800000 1.300001 9.299999
v 5.800000 1.600001 9.299999
v 6.400001 1.300001 9.299999
v 6.400001 1.600001 9.299999
v 6.200000 0.100001 9.200001
v 6.200000 0.400002 9.200001
v 6.800000 0.100001 9.200001
v 6.800000 0.400001 9.200001
v 6.200000 0.100001 9.299999
v 6.200000 0.400002 9.299999
v 6.800000 0.100001 9.299999
v 6.800000 0.400001 9.299999
v 6.200000 0.900001 9.200001
v 6.200000 1.200001 9.200001
v 6.800000 0.900001 9.200001
v 6.800000 1.200001 9.200001
v 6.200000 0.900001 9.299999
v 6.200000 1.200001 9.299999
v 6.800000 0.900001 9.299999
v 6.800000 1.200001 9.299999
v 5.800000 0.500001 9.200001
v 5.800000 0.800001 9.200001
v 6.400001 0.500001 9.200001
v 6.400001 0.800001 9.200001
v 5.800000 0.500001 9.299999
v 5.800000 0.800001 9.299999
v 6.400001 0.500001 9.299999
v 6.400001 0.800001 9.299999
v 5.500000 0.100001 9.200001
v 5.500000 0.400001 9.200001
v 6.100000 0.100001 9.200001
v 6.100000 0.400001 9.200001
v 5.500000 0.100001 9.299999
v 5.500000 0.400001 9.299999
v 6.100000 0.100001 9.299999
v 6.100000 0.400001 9.299999
v 5.100001 0.500001 9.200001
v 5.100001 0.800001 9.200001
v 5.700001 0.500001 9.200001
v 5.700001 0.800001 9.200001
v 5.100001 0.500001 9.299999
v 5.100001 0.800001 9.299999
v 5.700001 0.500001 9.299999
v 5.700001 0.800001 9.299999
v 1.300000 0.100001 9.200001
v 1.300000 0.400002 9.200001
v 1.900000 0.100000 9.200001
v 1.900000 0.400001 9.200001
v 1.300000 0.100001 9.299999
v 1.300000 0.400002 9.299999
v 1.900000 0.100000 9.299999
v 1.900000 0.400001 9.299999
v 1.600000 0.500001 9.200001
v 1.600000 0.800001 9.200001
v 2.200001 0.500000 9.200001
v 2.200001 0.800000 9.200001
v 1.600000 0.500001 9.299999
v 1.600000 0.800001 9.299999
v 2.200001 0.500000 9.299999
v 2.200001 0.800000 9.299999
v 2.000000 0.900001 9.200001
v 2.000000 1.200001 9.200001
v 2.600000 0.900002 9.200001
v 2.600000 1.200002 9.200001
v 2.000000 0.900001 9.299999
v 2.000000 1.200001 9.299999
v 2.600000 0.900002 9.299999
v 2.600000 1.200002 9.299999
v 2.000000 0.100001 9.200001
v 2.000000 0.400002 9.200001
v 2.600000 0.100001 9.200001
v 2.599999 0.400001 9.200001
v 2.000000 0.100001 9.299999
v 2.000000 0.400002 9.299999
v 2.600000 0.100001 9.299999
v 2.599999 0.400001 9.299999
v 1.600000 1.300000 9.200001
v 1.600000 1.600000 9.200001
v 2.200001 1.300001 9.200001
v 2.200001 1.600001 9.200001
v 1.600000 1.300000 9.299999
v 1.600000 1.600000 9.299999
v 2.200001 1.300001 9.299999
v 2.200001 1.600001 9.299999
v 0.900000 1.300000 9.200001
v 0.900000 1.600000 9.200001
v 1.500001 1.300001 9.200001
v 1.500001 1.600001 9.200001
v 0.900000 1.300000 9.299999
v 0.900000 1.600000 9.299999
v 1.500001 1.300001 9.299999
v 1.500001 1.600001 9.299999
v 1.299999 0.900001 9.200001
v 1.299999 1.200001 9.200001
v 1.900001 0.900002 9.200001
v 1.900001 1.200001 9.200001
v 1.299999 0.900001 9.299999
v 1.299999 1.200001 9.299999
v 1.900001 0.900002 9.299999
v 1.900001 1.200001 9.299999
v 1.999999 1.700000 9.200001
v 1.999999 2.000000 9.200001
v 2.600000 1.700001 9.200001
v 2.599999 2.000001 9.200001
v 1.999999 1.700000 9.299999
v 1.999999 2.000000 9.299999
v 2.600000 1.700001 9.299999
v 2.599999 2.000001 9.299999
v 1.300000 1.700002 9.200001
v 1.300000 2.000002 9.200001
v 1.900000 1.700001 9.200001
v 1.900001 2.000000 9.200001
v 1.300000 1.700002 9.299999
v 1.300000 2.000002 9.299999
v 1.900000 1.700001 9.299999
v 1.900001 2.000000 9.299999
v 0.600000 0.100000 9.200001
v 0.600000 0.400001 9.200001
v 1.200001 0.100001 9.200001
v 1.200001 0.400002 9.200001
v 0.600000 0.100000 9.299999
v 0.600000 0.400001 9.299999
v 1.200001 0.100001 9.299999
v 1.200001 0.400002 9.299999
v 0.600000 1.700001 9.200001
v 0.600000 2.000001 9.200001
v 1.200000 1.700000 9.200001
v 1.200001 2.000000 9.200001
v 0.600000 1.700001 9.299999
v 0.600000 2.000001 9.299999
v 1.200000 1.700000 9.299999
v 1.200001 2.000000 9.299999
v 0.600000 0.900002 9.200001
v 0.600000 1.200002 9.200001
v 1.200001 0.900001 9.200001
v 1.200001 1.200001 9.200001
v 0.600000 0.900002 9.299999
v 0.600000 1.200002 9.299999
v 1.200001 0.900001 9.299999
v 1.200001 1.200001 9.299999
v 0.199999 1.300000 9.200001
v 0.199999 1.600000 9.200001
v 0.800000 1.300001 9.200001
v 0.800000 1.600001 9.200001
v 0.199999 1.300000 9.299999
v 0.199999 1.600000 9.299999
v 0.800000 1.300001 9.299999
v 0.800000 1.600001 9.299999
v 0.200000 0.500001 9.200001
v 0.200000 0.800001 9.200001
v 0.800001 0.500001 9.200001
v 0.800001 0.800002 9.200001
v 0.200000 0.500001 9.299999
v 0.200000 0.800001 9.299999
v 0.800001 0.500001 9.299999
v 0.800001 0.800002 9.299999
v 2.300000 0.500001 9.200001
v 2.300000 0.800002 9.200001
v 2.900000 0.500001 9.200001
v 2.900000 0.800001 9.200001
v 2.300000 0.500001 9.299999
v 2.300000 0.800002 9.299999
v 2.900000 0.500001 9.299999
v 2.900000 0.800001 9.299999
v 2.300000 1.300001 9.200001
v 2.300000 1.600001 9.200001
v 2.900000 1.300000 9.200001
v 2.900000 1.600001 9.200001
v 2.300000 1.300001 9.299999
v 2.300000 1.600001 9.299999
v 2.900000 1.300000 9.299999
v 2.900000 1.600001 9.299999
v 2.700000 0.900001 9.200001
v 2.700000 1.200001 9.200001
v 3.300000 0.900001 9.200001
v 3.300000 1.200000 9.200001
v 2.700000 0.900001 9.299999
v 2.700000 1.200001 9.299999
v 3.300000 0.900001 9.299999
v 3.300000 1.200000 9.299999
v 2.700000 1.700001 9.200001
v 2.700000 2.000001 9.200001
v 3.300000 1.700001 9.200001
v 3.300000 2.000001 9.200001
v 2.700000 1.700001 9.299999
v 2.700000 2.000001 9.299999
v 3.300000 1.700001 9.299999
v 3.300000 2.000001 9.299999
v 2.700000 0.100002 9.200001
v 2.700000 0.400002 9.200001
v 3.300000 0.100001 9.200001
v 3.300000 0.400001 9.200001
v 2.700000 0.100002 9.299999
v 2.700000 0.400002 9.299999
v 3.300000 0.100001 9.299999
v 3.300000 0.400001 9.299999
v 3.400001 1.700001 9.200001
v 3.400001 2.000001 9.200001
v 4.000000 1.700002 9.200001
v 4.000000 2.000001 9.200001
v 3.400001 1.700001 9.299999
v 3.400001 2.000001 9.299999
v 4.000000 1.700002 9.299999
v 4.000000 2.000001 9.299999
v 4.100000 1.700001 9.200001
v 4.100000 2.000001 9.200001
v 4.700000 1.700001 9.200001
v 4.700000 2.000001 9.200001
v 4.100000 1.700001 9.299999
v 4.100000 2.000001 9.299999
v 4.700000 1.700001 9.299999
v 4.700000 2.000001 9.299999
v 3.400000 0.900002 9.200001
v 3.400000 1.200001 9.200001
v 4.000000 0.900002 9.200001
v 4.000000 1.200001 9.200001
v 3.400000 0.900002 9.299999
v 3.400000 1.200001 9.299999
v 4.000000 0.900002 9.299999
v 4.000000 1.200001 9.299999
v 3.000000 1.300001 9.200001
v 3.000000 1.600001 9.200001
v 3.600000 1.300001 9.200001
v 3.600000 1.600001 9.200001
v 3.000000 1.300001 9.299999
v 3.000000 1.600001 9.299999
v 3.600000 1.300001 9.299999
v 3.600000 1.600001 9.299999
v 3.700000 1.300001 9.200001
v 3.700000 1.600001 9.200001
v 4.300000 1.300001 9.200001
v 4.300000 1.600001 9.200001
v 3.700000 1.300001 9.299999
v 3.700000 1.600001 9.299999
v 4.300000 1.300001 9.299999
v 4.300000 1.600001 9.299999
v 4.100000 0.100000 9.200001
v 4.100000 0.400001 9.200001
v 4.700001 0.100001 9.200001
v 4.700001 0.400002 9.200001
v 4.100000 0.100000 9.299999
v 4.100000 0.400001 9.299999
v 4.700001 0.100001 9.299999
v 4.700001 0.400002 9.299999
v 4.100000 0.900002 9.200001
v 4.100000 1.200001 9.200001
v 4.700000 0.900001 9.200001
v 4.700000 1.200001 9.200001
v 4.100000 0.900002 9.299999
v 4.100000 1.200001 9.299999
v 4.700000 0.900001 9.299999
v 4.700000 1.200001 9.299999
v 3.700000 0.500000 9.200001
v 3.700000 0.800000 9.200001
v 4.300000 0.500001 9.200001
v 4.300000 0.800001 9.200001
v 3.700000 0.500000 9.299999
v 3.700000 0.800000 9.299999
v 4.300000 0.500001 9.299999
v 4.300000 0.800001 9.299999
v 3.400000 0.100000 9.200001
v 3.400000 0.400000 9.200001
v 4.000000 0.100001 9.200001
v 4.000000 0.400001 9.200001
v 3.400000 0.100000 9.299999
v 3.400000 0.400000 9.299999
v 4.000000 0.100001 9.299999
v 4.000000 0.400001 9.299999
v 3.000000 0.500000 9.200001
v 3.000000 0.800000 9.200001
v 3.600000 0.500001 9.200001
v 3.600000 0.800001 9.200001
v 3.000000 0.500000 9.299999
v 3.000000 0.800000 9.299999
v 3.600000 0.500001 9.299999
v 3.600000 0.800001 9.299999
v -5.400000 0.500001 9.200001
v -5.400001 0.800002 9.200001
v -4.799999 0.500000 9.200001
v -4.800001 0.800001 9.200001
v -5.400000 0.500001 9.299999
v -5.400001 0.800002 9.299999
v -4.799999 0.500000 9.299999
v -4.800001 0.800001 9.299999
v -5.000000 0.100001 9.200001
v -4.999999 0.400002 9.200001
v -4.400000 0.100000 9.200001
v -4.400000 0.400001 9.200001
v -5.000000 0.100001 9.299999
v -4.999999 0.400002 9.299999
v -4.400000 0.100000 9.299999
v -4.400000 0.400001 9.299999
v -4.700001 0.500000 9.200001
v -4.700001 0.800000 9.200001
v -4.100000 0.500001 9.200001
v -4.100000 0.800001 9.200001
v -4.700001 0.500000 9.299999
v -4.700001 0.800000 9.299999
v -4.100000 0.500001 9.299999
v -4.100000 0.800001 9.299999
v -4.300001 0.900002 9.200001
v -4.300000 1.200002 9.200001
v -3.700000 0.900000 9.200001
v -3.700001 1.200001 9.200001
v -4.300001 0.900002 9.299999
v -4.300000 1.200002 9.299999
v -3.700000 0.900000 9.299999
v -3.700001 1.200001 9.299999
v -4.300001 0.100000 9.200001
v -4.300001 0.400001 9.200001
v -3.700000 0.100001 9.200001
v -3.699999 0.400001 9.200001
v -4.300001 0.100000 9.299999
v -4.300001 0.400001 9.299999
v -3.700000 0.100001 9.299999
v -3.699999 0.400001 9.299999
v -4.700001 1.300001 9.200001
v -4.700000 1.600001 9.200001
v -4.100000 1.300000 9.200001
v -4.100000 1.600000 9.200001
v -4.700001 1.300001 9.299999
v -4.700000 1.600001 9.299999
v -4.100000 1.300000 9.299999
v -4.100000 1.600000 9.299999
v -5.400001 1.300001 9.200001
v -5.400001 1.600001 9.200001
v -4.800000 1.300002 9.200001
v -4.800000 1.600002 9.200001
v -5.400001 1.300001 9.299999
v -5.400001 1.600001 9.299999
v -4.800000 1.300002 9.299999
v -4.800000 1.600002 9.299999
v -5.000000 0.900001 9.200001
v -5.000001 1.200002 9.200001
v -4.400000 0.900000 9.200001
v -4.400002 1.200001 9.200001
v -5.000000 0.900001 9.299999
v -5.000001 1.200002 9.299999
v -4.400000 0.900000 9.299999
v -4.400002 1.200001 9.299999
v -4.300001 1.700001 9.200001
v -4.300000 2.000001 9.200001
v -3.700001 1.700002 9.200001
v -3.700000 2.000002 9.200001
v -4.300001 1.700001 9.299999
v -4.300000 2.000001 9.299999
v -3.700001 1.700002 9.299999
v -3.700000 2.000002 9.299999
v -5.700001 0.100001 9.200001
v -5.700000 0.400002 9.200001
v -5.100000 0.100000 9.200001
v -5.100000 0.400001 9.200001
v -5.700001 0.100001 9.299999
v -5.700000 0.400002 9.299999
v -5.100000 0.100000 9.299999
v -5.100000 0.400001 9.299999
v -5.700000 1.700000 9.200001
v -5.700000 2.000000 9.200001
v -5.099999 1.700001 9.200001
v -5.099999 2.000001 9.200001
v -5.700000 1.700000 9.299999
v -5.700000 2.000000 9.299999
v -5.099999 1.700001 9.299999
v -5.099999 2.000001 9.299999
v -5.700000 0.900001 9.200001
v -5.700000 1.200001 9.200001
v -5.100000 0.900002 9.200001
v -5.099999 1.200002 9.200001
v -5.700000 0.900001 9.299999
v -5.700000 1.200001 9.299999
v -5.100000 0.900002 9.299999
v -5.099999 1.200002 9.299999
v -6.099999 1.300000 9.200001
v -6.099999 1.600000 9.200001
v -5.499999 1.300001 9.200001
v -5.499999 1.600001 9.200001
v -6.099999 1.300000 9.299999
v -6.099999 1.600000 9.299999
v -5.499999 1.300001 9.299999
v -5.499999 1.600001 9.299999
v -6.099999 0.500001 9.200001
v -6.099999 0.800001 9.200001
v -5.500000 0.500000 9.200001
v -5.500000 0.800000 9.200001
v -6.099999 0.500001 9.299999
v -6.099999 0.800001 9.299999
v -5.500000 0.500000 9.299999
v -5.500000 0.800000 9.299999
v -8.200001 1.300002 9.200001
v -8.200001 1.600001 9.200001
v -7.600002 1.300001 9.200001
v -7.600002 1.600000 9.200001
v -8.200001 1.300002 9.299999
v -8.200001 1.600001 9.299999
v -7.600002 1.300001 9.299999
v -7.600002 1.600000 9.299999
v -7.799999 0.900002 9.200001
v -7.800001 1.200002 9.200001
v -7.200001 0.900001 9.200001
v -7.200001 1.200002 9.200001
v -7.799999 0.900002 9.299999
v -7.800001 1.200002 9.299999
v -7.200001 0.900001 9.299999
v -7.200001 1.200002 9.299999
v -7.800001 1.700002 9.200001
v -7.800001 2.000001 9.200001
v -7.200001 1.700001 9.200001
v -7.200001 2.000000 9.200001
v -7.800001 1.700002 9.299999
v -7.800001 2.000001 9.299999
v -7.200001 1.700001 9.299999
v -7.200001 2.000000 9.299999
v -7.799999 0.100000 9.200001
v -7.799999 0.400001 9.200001
v -7.200001 0.100001 9.200001
v -7.200001 0.400002 9.200001
v -7.799999 0.100000 9.299999
v -7.799999 0.400001 9.299999
v -7.200001 0.100001 9.299999
v -7.200001 0.400002 9.299999
v -7.100000 1.700002 9.200001
v -7.100000 2.000001 9.200001
v -6.499999 1.700000 9.200001
v -6.499999 1.999999 9.200001
v -7.100000 1.700002 9.299999
v -7.100000 2.000001 9.299999
v -6.499999 1.700000 9.299999
v -6.499999 1.999999 9.299999
v -6.400000 1.700002 9.200001
v -6.400000 2.000001 9.200001
v -5.800000 1.700001 9.200001
v -5.800000 2.000001 9.200001
v -6.400000 1.700002 9.299999
v -6.400000 2.000001 9.299999
v -5.800000 1.700001 9.299999
v -5.800000 2.000001 9.299999
v -7.099998 0.900002 9.200001
v -7.100000 1.200002 9.200001
v -6.499999 0.900001 9.200001
v -6.499999 1.200001 9.200001
v -7.099998 0.900002 9.299999
v -7.100000 1.200002 9.299999
v -6.499999 0.900001 9.299999
v -6.499999 1.200001 9.299999
v -7.500000 1.300002 9.200001
v -7.500000 1.600001 9.200001
v -6.899999 1.300000 9.200001
v -6.899999 1.600000 9.200001
v -7.500000 1.300002 9.299999
v -7.500000 1.600001 9.299999
v -6.899999 1.300000 9.299999
v -6.899999 1.600000 9.299999
v -6.800000 1.300000 9.200001
v -6.800000 1.599999 9.200001
v -6.200000 1.300001 9.200001
v -6.200000 1.600001 9.200001
v -6.800000 1.300000 9.299999
v -6.800000 1.599999 9.299999
v -6.200000 1.300001 9.299999
v -6.200000 1.600001 9.299999
v -6.400001 0.100001 9.200001
v -6.400001 0.400002 9.200001
v -5.800001 0.100000 9.200001
v -5.800001 0.400001 9.200001
v -6.400001 0.100001 9.299999
v -6.400001 0.400002 9.299999
v -5.800001 0.100000 9.299999
v -5.800001 0.400001 9.299999
v -6.400001 0.900001 9.200001
v -6.400001 1.200001 9.200001
v -5.800000 0.900002 9.200001
v -5.800000 1.200002 9.200001
v -6.400001 0.900001 9.299999
v -6.400001 1.200001 9.299999
v -5.800000 0.900002 9.299999
v -5.800000 1.200002 9.299999
v -6.800000 0.500001 9.200001
v -6.800000 0.800001 9.200001
v -6.200001 0.500000 9.200001
v -6.200001 0.800000 9.200001
v -6.800000 0.500001 9.299999
v -6.800000 0.800001 9.299999
v -6.200001 0.500000 9.299999
v -6.200001 0.800000 9.299999
v -7.099998 0.100000 9.200001
v -7.099998 0.400001 9.200001
v -6.499999 0.100001 9.200001
v -6.499999 0.400002 9.200001
v -7.099998 0.100000 9.299999
v -7.099998 0.400001 9.299999
v -6.499999 0.100001 9.299999
v -6.499999 0.400002 9.299999
v -7.499998 0.500002 9.200001
v -7.500000 0.800001 9.200001
v -6.899999 0.500001 9.200001
v -6.899999 0.800001 9.200001
v -7.499998 0.500002 9.299999
v -7.500000 0.800001 9.299999
v -6.899999 0.500001 9.299999
v -6.899999 0.800001 9.299999
v -3.300000 0.500001 9.200001
v -3.300001 0.800001 9.200001
v -2.699999 0.500002 9.200001
v -2.699999 0.800001 9.200001
v -3.300000 0.500001 9.299999
v -3.300001 0.800001 9.299999
v -2.699999 0.500002 9.299999
v -2.699999 0.800001 9.299999
v -2.900001 0.100001 9.200001
v -2.900000 0.400001 9.200001
v -2.299999 0.100002 9.200001
v -2.300000 0.400000 9.200001
v -2.900001 0.100001 9.299999
v -2.900000 0.400001 9.299999
v -2.299999 0.100002 9.299999
v -2.300000 0.400000 9.299999
v -2.599999 0.500001 9.200001
v -2.600000 0.800001 9.200001
v -2.000000 0.500000 9.200001
v -2.000000 0.800000 9.200001
v -2.599999 0.500001 9.299999
v -2.600000 0.800001 9.299999
v -2.000000 0.500000 9.299999
v -2.000000 0.800000 9.299999
v -2.200001 0.900001 9.200001
v -2.200001 1.200001 9.200001
v -1.600000 0.900002 9.200001
v -1.600000 1.200002 9.200001
v -2.200001 0.900001 9.299999
v -2.200001 1.200001 9.299999
v -1.600000 0.900002 9.299999
v -1.600000 1.200002 9.299999
v -2.200000 0.100001 9.200001
v -2.200000 0.400001 9.200001
v -1.600000 0.100000 9.200001
v -1.600000 0.400001 9.200001
v -2.200000 0.100001 9.299999
v -2.200000 0.400001 9.299999
v -1.600000 0.100000 9.299999
v -1.600000 0.400001 9.299999
v -2.600000 1.300000 9.200001
v -2.600000 1.600000 9.200001
v -2.000000 1.300002 9.200001
v -2.000000 1.600001 9.200001
v -2.600000 1.300000 9.299999
v -2.600000 1.600000 9.299999
v -2.000000 1.300002 9.299999
v -2.000000 1.600001 9.299999
v -3.300000 1.300002 9.200001
v -3.299999 1.600002 9.200001
v -2.700000 1.300001 9.200001
v -2.699999 1.600000 9.200001
v -3.300000 1.300002 9.299999
v -3.299999 1.600002 9.299999
v -2.700000 1.300001 9.299999
v -2.699999 1.600000 9.299999
v -2.900001 0.900001 9.200001
v -2.900002 1.200001 9.200001
v -2.299999 0.900002 9.200001
v -2.299999 1.200001 9.200001
v -2.900001 0.900001 9.299999
v -2.900002 1.200001 9.299999
v -2.299999 0.900002 9.299999
v -2.299999 1.200001 9.299999
v -2.200000 1.700002 9.200001
v -2.199999 2.000002 9.200001
v -1.600000 1.700002 9.200001
v -1.600000 2.000001 9.200001
v -2.200000 1.700002 9.299999
v -2.199999 2.000002 9.299999
v -1.600000 1.700002 9.299999
v -1.600000 2.000001 9.299999
v -2.900001 1.700002 9.200001
v -2.900000 2.000002 9.200001
v -2.300000 1.700000 9.200001
v -2.299999 2.000000 9.200001
v -2.900001 1.700002 9.299999
v -2.900000 2.000002 9.299999
v -2.300000 1.700000 9.299999
v -2.299999 2.000000 9.299999
v -3.600000 0.100001 9.200001
v -3.600000 0.400001 9.200001
v -2.999999 0.100001 9.200001
v -2.999998 0.400001 9.200001
v -3.600000 0.100001 9.299999
v -3.600000 0.400001 9.299999
v -2.999999 0.100001 9.299999
v -2.999998 0.400001 9.299999
v -3.600000 1.700001 9.200001
v -3.599999 2.000001 9.200001
v -3.000000 1.700000 9.200001
v -3.000000 2.000000 9.200001
v -3.600000 1.700001 9.299999
v -3.599999 2.000001 9.299999
v -3.000000 1.700000 9.299999
v -3.000000 2.000000 9.299999
v -3.599999 0.900002 9.200001
v -3.600000 1.200002 9.200001
v -2.999999 0.900001 9.200001
v -3.000000 1.200001 9.200001
v -3.599999 0.900002 9.299999
v -3.600000 1.200002 9.299999
v -2.999999 0.900001 9.299999
v -3.000000 1.200001 9.299999
v -4.000001 1.300002 9.200001
v -4.000001 1.600002 9.200001
v -3.400000 1.300000 9.200001
v -3.400000 1.600000 9.200001
v -4.000001 1.300002 9.299999
v -4.000001 1.600002 9.299999
v -3.400000 1.300000 9.299999
v -3.400000 1.600000 9.299999
v -4.000001 0.500000 9.200001
v -4.000002 0.800001 9.200001
v -3.400000 0.500002 9.200001
v -3.400000 0.800001 9.200001
v -4.000001 0.500000 9.299999
v -4.000002 0.800001 9.299999
v -3.400000 0.500002 9.299999
v -3.400000 0.800001 9.299999
v -1.900000 0.500002 9.200001
v -1.900000 0.800001 9.200001
v -1.299999 0.500000 9.200001
v -1.299999 0.800001 9.200001
v -1.900000 0.500002 9.299999
v -1.900000 0.800001 9.299999
v -1.299999 0.500000 9.299999
v -1.299999 0.800001 9.299999
v -1.900000 1.300001 9.200001
v -1.900000 1.600000 9.200001
v -1.299999 1.300002 9.200001
v -1.299999 1.600001 9.200001
v -1.900000 1.300001 9.299999
v -1.900000 1.600000 9.299999
v -1.299999 1.300002 9.299999
v -1.299999 1.600001 9.299999
v -1.500000 0.900001 9.200001
v -1.500000 1.200001 9.200001
v -0.900000 0.900002 9.200001
v -0.900000 1.200002 9.200001
v -1.500000 0.900001 9.299999
v -1.500000 1.200001 9.299999
v -0.900000 0.900002 9.299999
v -0.900000 1.200002 9.299999
v -1.500000 1.700001 9.200001
v -1.499999 2.000002 9.200001
v -0.900000 1.700002 9.200001
v -0.900000 2.000001 9.200001
v -1.500000 1.700001 9.299999
v -1.499999 2.000002 9.299999
v -0.900000 1.700002 9.299999
v -0.900000 2.000001 9.299999
v -1.499999 0.100001 9.200001
v -1.500000 0.400001 9.200001
v -0.900000 0.100000 9.200001
v -0.900000 0.400001 9.200001
v -1.499999 0.100001 9.299999
v -1.500000 0.400001 9.299999
v -0.900000 0.100000 9.299999
v -0.900000 0.400001 9.299999
v -0.800000 1.700001 9.200001
v -0.799999 2.000000 9.200001
v -0.199999 1.700002 9.200001
v -0.199999 2.000001 9.200001
v -0.800000 1.700001 9.299999
v -0.799999 2.000000 9.299999
v -0.199999 1.700002 9.299999
v -0.199999 2.000001 9.299999
v -0.100000 1.700002 9.200001
v -0.100000 2.000001 9.200001
v 0.500000 1.700002 9.200001
v 0.500000 2.000002 9.200001
v -0.100000 1.700002 9.299999
v -0.100000 2.000001 9.299999
v 0.500000 1.700002 9.299999
v 0.500000 2.000002 9.299999
v -0.800000 0.900002 9.200001
v -0.800000 1.200001 9.200001
v -0.200001 0.900001 9.200001
v -0.200001 1.200001 9.200001
v -0.800000 0.900002 9.299999
v -0.800000 1.200001 9.299999
v -0.200001 0.900001 9.299999
v -0.200001 1.200001 9.299999
v -1.199999 1.300001 9.200001
v -1.199999 1.600000 9.200001
v -0.599998 1.300002 9.200001
v -0.599998 1.600001 9.200001
v -1.199999 1.300001 9.299999
v -1.199999 1.600000 9.299999
v -0.599998 1.300002 9.299999
v -0.599998 1.600001 9.299999
v -0.500000 1.300002 9.200001
v -0.500000 1.600001 9.200001
v 0.100000 1.300001 9.200001
v 0.100000 1.600001 9.200001
v -0.500000 1.300002 9.299999
v -0.500000 1.600001 9.299999
v 0.100000 1.300001 9.299999
v 0.100000 1.600001 9.299999
v -0.100000 0.100000 9.200001
v -0.100000 0.400001 9.200001
v 0.500000 0.100001 9.200001
v 0.500000 0.400002 9.200001
v -0.100000 0.100000 9.299999
v -0.100000 0.400001 9.299999
v 0.500000 0.100001 9.299999
v 0.500000 0.400002 9.299999
v -0.100000 0.900002 9.200001
v -0.100000 1.200002 9.200001
v 0.500000 0.900001 9.200001
v 0.500000 1.200001 9.200001
v -0.100000 0.900002 9.299999
v -0.100000 1.200002 9.299999
v 0.500000 0.900001 9.299999
v 0.500000 1.200001 9.299999
v -0.799999 0.100002 9.200001
v -0.800001 0.400001 9.200001
v -0.199999 0.100001 9.200001
v -0.200000 0.400002 9.200001
v -0.799999 0.100002 9.299999
v -0.800001 0.400001 9.299999
v -0.199999 0.100001 9.299999
v -0.200000 0.400002 9.299999
v -1.199999 0.500002 9.200001
v -1.199999 0.800001 9.200001
v -0.599998 0.500000 9.200001
v -0.599998 0.800001 9.200001
v -1.199999 0.500002 9.299999
v -1.199999 0.800001 9.299999
v -0.599998 0.500000 9.299999
v -0.599998 0.800001 9.299999
v -8.899998 0.500001 9.200001
v -8.899998 0.800000 9.200001
v -8.299997 0.500002 9.200001
v -8.299999 0.800002 9.200001
v -8.899998 0.500001 9.299999
v -8.899998 0.800000 9.299999
v -8.299997 0.500002 9.299999
v -8.299999 0.800002 9.299999
v -8.499998 0.100001 9.200001
v -8.499998 0.400001 9.200001
v -7.899998 0.100000 9.200001
v -7.899998 0.400001 9.200001
v -8.499998 0.100001 9.299999
v -8.499998 0.400001 9.299999
v -7.899998 0.100000 9.299999
v -7.899998 0.400001 9.299999
v -8.899998 1.300000 9.200001
v -8.899998 1.599999 9.200001
v -8.299999 1.300002 9.200001
v -8.299999 1.600001 9.200001
v -8.899998 1.300000 9.299999
v -8.899998 1.599999 9.299999
v -8.299999 1.300002 9.299999
v -8.299999 1.600001 9.299999
v -8.500000 0.900001 9.200001
v -8.500000 1.200001 9.200001
v -7.899998 0.900002 9.200001
v -7.900000 1.200002 9.200001
v -8.500000 0.900001 9.299999
v -8.500000 1.200001 9.299999
v -7.899998 0.900002 9.299999
v -7.900000 1.200002 9.299999
v -8.500000 1.700000 9.200001
v -8.500000 2.000000 9.200001
v -7.900000 1.700002 9.200001
v -7.900000 2.000001 9.200001
v -8.500000 1.700000 9.299999
v -8.500000 2.000000 9.299999
v -7.900000 1.700002 9.299999
v -7.900000 2.000001 9.299999
v -9.199999 0.100001 9.200001
v -9.199999 0.400001 9.200001
v -8.599998 0.100000 9.200001
v -8.599998 0.400000 9.200001
v -9.199999 0.100001 9.299999
v -9.199999 0.400001 9.299999
v -8.599998 0.100000 9.299999
v -8.599998 0.400000 9.299999
v -9.200001 1.700000 9.200001
v -9.200001 2.000000 9.200001
v -8.600000 1.700002 9.200001
v -8.600000 2.000001 9.200001
v -9.200001 1.700000 9.299999
v -9.200001 2.000000 9.299999
v -8.600000 1.700002 9.299999
v -8.600000 2.000001 9.299999
v -9.199999 0.900001 9.200001
v -9.200001 1.200001 9.200001
v -8.599998 0.900002 9.200001
v -8.600000 1.200002 9.200001
v -9.199999 0.900001 9.299999
v -9.200001 1.200001 9.299999
v -8.599998 0.900002 9.299999
v -8.600000 1.200002 9.299999
v -9.000000 1.300000 9.200001
v -9.000000 1.599999 9.200001
v -9.000000 1.300000 9.299999
v -9.000000 1.599999 9.299999
v -9.000000 0.500001 9.200001
v -9.000000 0.800000 9.200001
v -9.000000 0.500001 9.299999
v -9.000000 0.800000 9.299999
v 8.600002 1.300001 -10.600000
v 8.600002 1.600001 -10.600000
v 8.000003 1.300001 -10.600000
v 8.000003 1.600001 -10.600000
v 8.600002 1.300001 -10.700001
v 8.600002 1.600001 -10.700001
v 8.000003 1.300001 -10.700001
v 8.000003 1.600001 -10.700001
v 8.900002 0.900001 -10.600000
v 8.900002 1.200001 -10.600000
v 8.300003 0.900002 -10.600000
v 8.300003 1.200002 -10.600000
v 8.900002 0.900001 -10.700001
v 8.900002 1.200001 -10.700001
v 8.300003 0.900002 -10.700001
v 8.300003 1.200002 -10.700001
v 8.600002 0.500001 -10.600000
v 8.600002 0.800001 -10.600000
v 8.000003 0.500001 -10.600000
v 8.000003 0.800001 -10.600000
v 8.600002 0.500001 -10.700001
v 8.600002 0.800001 -10.700001
v 8.000003 0.500001 -10.700001
v 8.000003 0.800001 -10.700001
v 8.900002 1.700002 -10.600000
v 8.900002 2.000001 -10.600000
v 8.300003 1.700001 -10.600000
v 8.300003 2.000001 -10.600000
v 8.900002 1.700002 -10.700001
v 8.900002 2.000001 -10.700001
v 8.300003 1.700001 -10.700001
v 8.300003 2.000001 -10.700001
v 8.900003 0.100001 -10.600000
v 8.900003 0.400001 -10.600000
v 8.300003 0.100001 -10.600000
v 8.300003 0.400001 -10.600000
v 8.900003 0.100001 -10.700001
v 8.900003 0.400001 -10.700001
v 8.300003 0.100001 -10.700001
v 8.300003 0.400001 -10.700001
v 8.200004 1.700001 -10.600000
v 8.200003 2.000001 -10.600000
v 7.600003 1.700001 -10.600000
v 7.600003 2.000001 -10.600000
v 8.200004 1.700001 -10.700001
v 8.200003 2.000001 -10.700001
v 7.600003 1.700001 -10.700001
v 7.600003 2.000001 -10.700001
v 7.900003 0.500001 -10.600000
v 7.900003 0.800001 -10.600000
v 7.300003 0.500001 -10.600000
v 7.300003 0.800001 -10.600000
v 7.900003 0.500001 -10.700001
v 7.900003 0.800001 -10.700001
v 7.300003 0.500001 -10.700001
v 7.300003 0.800001 -10.700001
v 7.500003 1.700001 -10.600000
v 7.500003 2.000001 -10.600000
v 6.900003 1.700001 -10.600000
v 6.900003 2.000001 -10.600000
v 7.500003 1.700001 -10.700001
v 7.500003 2.000001 -10.700001
v 6.900003 1.700001 -10.700001
v 6.900003 2.000001 -10.700001
v 7.900003 1.300001 -10.600000
v 7.900003 1.600001 -10.600000
v 7.300003 1.300001 -10.600000
v 7.300003 1.600001 -10.600000
v 7.900003 1.300001 -10.700001
v 7.900003 1.600001 -10.700001
v 7.300003 1.300001 -10.700001
v 7.300003 1.600001 -10.700001
v 8.200003 0.900001 -10.600000
v 8.200003 1.200001 -10.600000
v 7.600003 0.900001 -10.600000
v 7.600003 1.200001 -10.600000
v 8.200003 0.900001 -10.700001
v 8.200003 1.200001 -10.700001
v 7.600003 0.900001 -10.700001
v 7.600003 1.200001 -10.700001
v 7.500004 0.100001 -10.600000
v 7.500004 0.400001 -10.600000
v 6.900004 0.100001 -10.600000
v 6.900003 0.400001 -10.600000
v 7.500004 0.100001 -10.700001
v 7.500004 0.400001 -10.700001
v 6.900004 0.100001 -10.700001
v 6.900003 0.400001 -10.700001
v 7.500003 0.900002 -10.600000
v 7.500003 1.200002 -10.600000
v 6.900003 0.900002 -10.600000
v 6.900003 1.200001 -10.600000
v 7.500003 0.900002 -10.700001
v 7.500003 1.200002 -10.700001
v 6.900003 0.900002 -10.700001
v 6.900003 1.200001 -10.700001
v 6.800004 1.700001 -10.600000
v 6.800004 2.000001 -10.600000
v 6.200004 1.700001 -10.600000
v 6.200004 2.000001 -10.600000
v 6.800004 1.700001 -10.700001
v 6.800004 2.000001 -10.700001
v 6.200004 1.700001 -10.700001
v 6.200004 2.000001 -10.700001
v 7.200004 0.500001 -10.600000
v 7.200004 0.800001 -10.600000
v 6.600003 0.500001 -10.600000
v 6.600003 0.800001 -10.600000
v 7.200004 0.500001 -10.700001
v 7.200004 0.800001 -10.700001
v 6.600003 0.500001 -10.700001
v 6.600003 0.800001 -10.700001
v 6.800004 0.100001 -10.600000
v 6.800004 0.400002 -10.600000
v 6.200004 0.100001 -10.600000
v 6.200004 0.400001 -10.600000
v 6.800004 0.100001 -10.700001
v 6.800004 0.400002 -10.700001
v 6.200004 0.100001 -10.700001
v 6.200004 0.400001 -10.700001
v 6.800004 0.900001 -10.600000
v 6.800003 1.200001 -10.600000
v 6.200004 0.900002 -10.600000
v 6.200004 1.200001 -10.600000
v 6.800004 0.900001 -10.700001
v 6.800003 1.200001 -10.700001
v 6.200004 0.900002 -10.700001
v 6.200004 1.200001 -10.700001
v 6.500004 0.500001 -10.600000
v 6.500004 0.800001 -10.600000
v 5.900004 0.500001 -10.600000
v 5.900004 0.800002 -10.600000
v 6.500004 0.500001 -10.700001
v 6.500004 0.800001 -10.700001
v 5.900004 0.500001 -10.700001
v 5.900004 0.800002 -10.700001
v 6.500004 1.300002 -10.600000
v 6.500004 1.600001 -10.600000
v 5.900004 1.300001 -10.600000
v 5.900003 1.600001 -10.600000
v 6.500004 1.300002 -10.700001
v 6.500004 1.600001 -10.700001
v 5.900004 1.300001 -10.700001
v 5.900003 1.600001 -10.700001
v 3.700004 1.300001 -10.600000
v 3.700004 1.600001 -10.600000
v 3.100003 1.300001 -10.600000
v 3.100004 1.600001 -10.600000
v 3.700004 1.300001 -10.700001
v 3.700004 1.600001 -10.700001
v 3.100003 1.300001 -10.700001
v 3.100004 1.600001 -10.700001
v 3.700004 0.500001 -10.600000
v 3.700004 0.800001 -10.600000
v 3.100004 0.500001 -10.600000
v 3.100004 0.800001 -10.600000
v 3.700004 0.500001 -10.700001
v 3.700004 0.800001 -10.700001
v 3.100004 0.500001 -10.700001
v 3.100004 0.800001 -10.700001
v 4.000004 0.900002 -10.600000
v 4.000004 1.200002 -10.600000
v 3.400004 0.900002 -10.600000
v 3.400003 1.200001 -10.600000
v 4.000004 0.900002 -10.700001
v 4.000004 1.200002 -10.700001
v 3.400004 0.900002 -10.700001
v 3.400003 1.200001 -10.700001
v 4.400003 1.300001 -10.600000
v 4.400003 1.600001 -10.600000
v 3.800004 1.300001 -10.600000
v 3.800004 1.600001 -10.600000
v 4.400003 1.300001 -10.700001
v 4.400003 1.600001 -10.700001
v 3.800004 1.300001 -10.700001
v 3.800004 1.600001 -10.700001
v 4.000004 0.100002 -10.600000
v 4.000004 0.400002 -10.600000
v 3.400003 0.100001 -10.600000
v 3.400003 0.400001 -10.600000
v 4.000004 0.100002 -10.700001
v 4.000004 0.400002 -10.700001
v 3.400003 0.100001 -10.700001
v 3.400003 0.400001 -10.700001
v 4.400003 0.500001 -10.600000
v 4.400003 0.800001 -10.600000
v 3.800004 0.500002 -10.600000
v 3.800004 0.800002 -10.600000
v 4.400003 0.500001 -10.700001
v 4.400003 0.800001 -10.700001
v 3.800004 0.500002 -10.700001
v 3.800004 0.800002 -10.700001
v 4.000004 1.700001 -10.600000
v 4.000003 2.000001 -10.600000
v 3.400004 1.700002 -10.600000
v 3.400003 2.000001 -10.600000
v 4.000004 1.700001 -10.700001
v 4.000003 2.000001 -10.700001
v 3.400004 1.700002 -10.700001
v 3.400003 2.000001 -10.700001
v 4.700004 0.900002 -10.600000
v 4.700004 1.200002 -10.600000
v 4.100004 0.900002 -10.600000
v 4.100004 1.200002 -10.600000
v 4.700004 0.900002 -10.700001
v 4.700004 1.200002 -10.700001
v 4.100004 0.900002 -10.700001
v 4.100004 1.200002 -10.700001
v 4.700003 0.100000 -10.600000
v 4.700003 0.400000 -10.600000
v 4.100003 0.100001 -10.600000
v 4.100003 0.400001 -10.600000
v 4.700003 0.100000 -10.700001
v 4.700003 0.400000 -10.700001
v 4.100003 0.100001 -10.700001
v 4.100003 0.400001 -10.700001
v 5.400003 0.900002 -10.600000
v 5.400003 1.200001 -10.600000
v 4.800004 0.900001 -10.600000
v 4.800004 1.200001 -10.600000
v 5.400003 0.900002 -10.700001
v 5.400003 1.200001 -10.700001
v 4.800004 0.900001 -10.700001
v 4.800004 1.200001 -10.700001
v 5.100003 1.300001 -10.600000
v 5.100003 1.600001 -10.600000
v 4.500003 1.300001 -10.600000
v 4.500003 1.600001 -10.600000
v 5.100003 1.300001 -10.700001
v 5.100003 1.600001 -10.700001
v 4.500003 1.300001 -10.700001
v 4.500003 1.600001 -10.700001
v 4.700004 1.700001 -10.600000
v 4.700004 2.000001 -10.600000
v 4.100003 1.700001 -10.600000
v 4.100004 2.000001 -10.600000
v 4.700004 1.700001 -10.700001
v 4.700004 2.000001 -10.700001
v 4.100003 1.700001 -10.700001
v 4.100004 2.000001 -10.700001
v 5.100003 0.500001 -10.600000
v 5.100003 0.800001 -10.600000
v 4.500003 0.500001 -10.600000
v 4.500003 0.800001 -10.600000
v 5.100003 0.500001 -10.700001
v 5.100003 0.800001 -10.700001
v 4.500003 0.500001 -10.700001
v 4.500003 0.800001 -10.700001
v 5.400003 0.100001 -10.600000
v 5.400003 0.400001 -10.600000
v 4.800004 0.100001 -10.600000
v 4.800004 0.400002 -10.600000
v 5.400003 0.100001 -10.700001
v 5.400003 0.400001 -10.700001
v 4.800004 0.100001 -10.700001
v 4.800004 0.400002 -10.700001
v 5.400003 1.700001 -10.600000
v 5.400003 2.000001 -10.600000
v 4.800004 1.700001 -10.600000
v 4.800004 2.000001 -10.600000
v 5.400003 1.700001 -10.700001
v 5.400003 2.000001 -10.700001
v 4.800004 1.700001 -10.700001
v 4.800004 2.000001 -10.700001
v 6.100003 0.100001 -10.600000
v 6.100003 0.400001 -10.600000
v 5.500003 0.100001 -10.600000
v 5.500003 0.400001 -10.600000
v 6.100003 0.100001 -10.700001
v 6.100003 0.400001 -10.700001
v 5.500003 0.100001 -10.700001
v 5.500003 0.400001 -10.700001
v 6.100003 1.700001 -10.600000
v 6.100003 2.000001 -10.600000
v 5.500003 1.700001 -10.600000
v 5.500003 2.000001 -10.600000
v 6.100003 1.700001 -10.700001
v 6.100003 2.000001 -10.700001
v 5.500003 1.700001 -10.700001
v 5.500003 2.000001 -10.700001
v 5.800003 0.500001 -10.600000
v 5.800003 0.800001 -10.600000
v 5.200003 0.500001 -10.600000
v 5.200003 0.800002 -10.600000
v 5.800003 0.500001 -10.700001
v 5.800003 0.800001 -10.700001
v 5.200003 0.500001 -10.700001
v 5.200003 0.800002 -10.700001
v 5.800003 1.300001 -10.600000
v 5.800003 1.600001 -10.600000
v 5.200003 1.300001 -10.600000
v 5.200003 1.600001 -10.600000
v 5.800003 1.300001 -10.700001
v 5.800003 1.600001 -10.700001
v 5.200003 1.300001 -10.700001
v 5.200003 1.600001 -10.700001
v 0.500004 0.900002 -10.600000
v 0.500004 1.200001 -10.600000
v -0.099998 0.900001 -10.600000
v -0.099997 1.200002 -10.600000
v 0.500004 0.900002 -10.700001
v 0.500004 1.200001 -10.700001
v -0.099998 0.900001 -10.700000
v -0.099997 1.200002 -10.700000
v 0.200004 0.500001 -10.600000
v 0.200004 0.800000 -10.600000
v -0.399996 0.500001 -10.600000
v -0.399996 0.800002 -10.600000
v 0.200004 0.500001 -10.700000
v 0.200004 0.800000 -10.700000
v -0.399996 0.500001 -10.700000
v -0.399996 0.800002 -10.700000
v 0.500003 1.700000 -10.600000
v 0.500003 2.000001 -10.600000
v -0.099997 1.700001 -10.600000
v -0.099997 2.000001 -10.600000
v 0.500003 1.700000 -10.700001
v 0.500003 2.000001 -10.700001
v -0.099997 1.700001 -10.700000
v -0.099997 2.000001 -10.700000
v 0.500004 0.100002 -10.600000
v 0.500004 0.400002 -10.600000
v -0.099997 0.100001 -10.600000
v -0.099998 0.400001 -10.600000
v 0.500004 0.100002 -10.700001
v 0.500004 0.400002 -10.700001
v -0.099997 0.100001 -10.700000
v -0.099998 0.400001 -10.700000
v -0.199996 1.700001 -10.600000
v -0.199995 2.000001 -10.600000
v -0.799997 1.700001 -10.600000
v -0.799996 2.000001 -10.600000
v -0.199996 1.700001 -10.700000
v -0.199995 2.000001 -10.700000
v -0.799997 1.700001 -10.700000
v -0.799996 2.000001 -10.700000
v -0.199996 0.100001 -10.600000
v -0.199996 0.400001 -10.600000
v -0.799997 0.100000 -10.600000
v -0.799997 0.400000 -10.600000
v -0.199996 0.100001 -10.700000
v -0.199996 0.400001 -10.700000
v -0.799997 0.100000 -10.700000
v -0.799997 0.400000 -10.700000
v -0.499996 0.500001 -10.600000
v -0.499996 0.800000 -10.600000
v -1.099997 0.500001 -10.600000
v -1.099997 0.800001 -10.600000
v -0.499996 0.500001 -10.700000
v -0.499996 0.800000 -10.700000
v -1.099997 0.500001 -10.700000
v -1.099997 0.800001 -10.700000
v -0.899997 1.700001 -10.600000
v -0.899996 2.000001 -10.600000
v -1.499998 1.700001 -10.600000
v -1.499997 2.000001 -10.600000
v -0.899997 1.700001 -10.700000
v -0.899996 2.000001 -10.700000
v -1.499998 1.700001 -10.700000
v -1.499997 2.000001 -10.700000
v -0.499996 1.300001 -10.600000
v -0.499996 1.600001 -10.600000
v -1.099997 1.300000 -10.600000
v -1.099997 1.600000 -10.600000
v -0.499996 1.300001 -10.700000
v -0.499996 1.600001 -10.700000
v -1.099997 1.300000 -10.700000
v -1.099997 1.600000 -10.700000
v -0.199997 0.900001 -10.600000
v -0.199997 1.200000 -10.600000
v -0.799996 0.900001 -10.600000
v -0.799996 1.200002 -10.600000
v -0.199997 0.900001 -10.700000
v -0.199997 1.200000 -10.700000
v -0.799996 0.900001 -10.700000
v -0.799996 1.200002 -10.700000
v -0.899998 0.900001 -10.600000
v -0.899998 1.200000 -10.600000
v -1.499997 0.900001 -10.600000
v -1.499997 1.200002 -10.600000
v -0.899998 0.900001 -10.700000
v -0.899998 1.200000 -10.700000
v -1.499997 0.900001 -10.700000
v -1.499997 1.200002 -10.700000
v -1.599997 1.700001 -10.600000
v -1.599997 2.000001 -10.600000
v -2.199997 1.700002 -10.600000
v -2.199996 2.000002 -10.600000
v -1.599997 1.700001 -10.700000
v -1.599997 2.000001 -10.700000
v -2.199997 1.700002 -10.700000
v -2.199996 2.000002 -10.700000
v -1.199995 0.500001 -10.600000
v -1.199995 0.800001 -10.600000
v -1.799995 0.500000 -10.600000
v -1.799996 0.800001 -10.600000
v -1.199995 0.500001 -10.700000
v -1.199995 0.800001 -10.700000
v -1.799995 0.500000 -10.700000
v -1.799996 0.800001 -10.700000
v -1.599997 0.100001 -10.600000
v -1.599997 0.400001 -10.600000
v -2.199997 0.100001 -10.600000
v -2.199997 0.400002 -10.600000
v -1.599997 0.100001 -10.700000
v -1.599997 0.400001 -10.700000
v -2.199997 0.100001 -10.700000
v -2.199997 0.400002 -10.700000
v -1.199995 1.300000 -10.600000
v -1.199995 1.600001 -10.600000
v -1.799995 1.300002 -10.600000
v -1.799995 1.600002 -10.600000
v -1.199995 1.300000 -10.700000
v -1.199995 1.600001 -10.700000
v -1.799995 1.300002 -10.700000
v -1.799995 1.600002 -10.700000
v -1.599997 0.900002 -10.600000
v -1.599997 1.200002 -10.600000
v -2.199997 0.900001 -10.600000
v -2.199997 1.200001 -10.600000
v -1.599997 0.900002 -10.700000
v -1.599997 1.200002 -10.700000
v -2.199997 0.900001 -10.700000
v -2.199997 1.200001 -10.700000
v -1.899996 0.500001 -10.600000
v -1.899996 0.800001 -10.600000
v -2.499996 0.500000 -10.600000
v -2.499996 0.800000 -10.600000
v -1.899996 0.500001 -10.700000
v -1.899996 0.800001 -10.700000
v -2.499996 0.500000 -10.700000
v -2.499996 0.800000 -10.700000
v -1.899996 1.300000 -10.600000
v -1.899996 1.600000 -10.600000
v -2.499996 1.300001 -10.600000
v -2.499996 1.600001 -10.600000
v -1.899996 1.300000 -10.700000
v -1.899996 1.600000 -10.700000
v -2.499996 1.300001 -10.700000
v -2.499996 1.600001 -10.700000
v 0.900005 1.300002 -10.600000
v 0.900004 1.600002 -10.600000
v 0.300004 1.300001 -10.600000
v 0.300003 1.600001 -10.600000
v 0.900005 1.300002 -10.700001
v 0.900004 1.600002 -10.700001
v 0.300004 1.300001 -10.700000
v 0.300003 1.600001 -10.700000
v 0.900004 0.500001 -10.600000
v 0.900004 0.800000 -10.600000
v 0.300004 0.500001 -10.600000
v 0.300004 0.800002 -10.600000
v 0.900004 0.500001 -10.700001
v 0.900004 0.800000 -10.700001
v 0.300004 0.500001 -10.700000
v 0.300004 0.800002 -10.700000
v 1.200004 0.900002 -10.600000
v 1.200004 1.200002 -10.600000
v 0.600003 0.900001 -10.600000
v 0.600003 1.200000 -10.600000
v 1.200004 0.900002 -10.700001
v 1.200004 1.200002 -10.700001
v 0.600003 0.900001 -10.700001
v 0.600003 1.200000 -10.700001
v 1.600004 1.300001 -10.600000
v 1.600003 1.600001 -10.600000
v 1.000004 1.300001 -10.600000
v 1.000004 1.600001 -10.600000
v 1.600004 1.300001 -10.700001
v 1.600003 1.600001 -10.700001
v 1.000004 1.300001 -10.700001
v 1.000004 1.600001 -10.700001
v 1.200004 0.100002 -10.600000
v 1.200004 0.400002 -10.600000
v 0.600003 0.100001 -10.600000
v 0.600003 0.400001 -10.600000
v 1.200004 0.100002 -10.700001
v 1.200004 0.400002 -10.700001
v 0.600003 0.100001 -10.700001
v 0.600003 0.400001 -10.700001
v 1.600004 0.500001 -10.600000
v 1.600004 0.800001 -10.600000
v 1.000004 0.500000 -10.600000
v 1.000004 0.800000 -10.600000
v 1.600004 0.500001 -10.700001
v 1.600004 0.800001 -10.700001
v 1.000004 0.500000 -10.700001
v 1.000004 0.800000 -10.700001
v 1.200003 1.700001 -10.600000
v 1.200004 2.000001 -10.600000
v 0.600004 1.700002 -10.600000
v 0.600004 2.000001 -10.600000
v 1.200003 1.700001 -10.700001
v 1.200004 2.000001 -10.700001
v 0.600004 1.700002 -10.700001
v 0.600004 2.000001 -10.700001
v 1.900004 0.900002 -10.600000
v 1.900004 1.200002 -10.600000
v 1.300003 0.900001 -10.600000
v 1.300003 1.200001 -10.600000
v 1.900004 0.900002 -10.700001
v 1.900004 1.200002 -10.700001
v 1.300003 0.900001 -10.700001
v 1.300003 1.200001 -10.700001
v 1.900004 0.100000 -10.600000
v 1.900003 0.400001 -10.600000
v 1.300004 0.100001 -10.600000
v 1.300004 0.400001 -10.600000
v 1.900004 0.100000 -10.700001
v 1.900003 0.400001 -10.700001
v 1.300004 0.100001 -10.700001
v 1.300004 0.400001 -10.700001
v 2.600004 0.900002 -10.600000
v 2.600004 1.200002 -10.600000
v 2.000003 0.900002 -10.600000
v 2.000003 1.200001 -10.600000
v 2.600004 0.900002 -10.700001
v 2.600004 1.200002 -10.700001
v 2.000003 0.900002 -10.700001
v 2.000003 1.200001 -10.700001
v 2.300004 1.300001 -10.600000
v 2.300004 1.600001 -10.600000
v 1.700004 1.300002 -10.600000
v 1.700004 1.600002 -10.600000
v 2.300004 1.300001 -10.700001
v 2.300004 1.600001 -10.700001
v 1.700004 1.300002 -10.700001
v 1.700004 1.600002 -10.700001
v 1.900003 1.700001 -10.600000
v 1.900003 2.000001 -10.600000
v 1.300004 1.700002 -10.600000
v 1.300004 2.000002 -10.600000
v 1.900003 1.700001 -10.700001
v 1.900003 2.000001 -10.700001
v 1.300004 1.700002 -10.700001
v 1.300004 2.000002 -10.700001
v 2.300004 0.500002 -10.600000
v 2.300004 0.800002 -10.600000
v 1.700004 0.500001 -10.600000
v 1.700004 0.800001 -10.600000
v 2.300004 0.500002 -10.700001
v 2.300004 0.800002 -10.700001
v 1.700004 0.500001 -10.700001
v 1.700004 0.800001 -10.700001
v 2.600004 0.100000 -10.600000
v 2.600004 0.400001 -10.600000
v 2.000004 0.100002 -10.600000
v 2.000004 0.400002 -10.600000
v 2.600004 0.100000 -10.700001
v 2.600004 0.400001 -10.700001
v 2.000004 0.100002 -10.700001
v 2.000004 0.400002 -10.700001
v 2.600004 1.700002 -10.600000
v 2.600004 2.000001 -10.600000
v 2.000003 1.700001 -10.600000
v 2.000003 2.000000 -10.600000
v 2.600004 1.700002 -10.700001
v 2.600004 2.000001 -10.700001
v 2.000003 1.700001 -10.700001
v 2.000003 2.000000 -10.700001
v 3.300004 0.100001 -10.600000
v 3.300004 0.400002 -10.600000
v 2.700003 0.100000 -10.600000
v 2.700003 0.400001 -10.600000
v 3.300004 0.100001 -10.700001
v 3.300004 0.400002 -10.700001
v 2.700003 0.100000 -10.700001
v 2.700003 0.400001 -10.700001
v 3.300004 1.700001 -10.600000
v 3.300004 2.000001 -10.600000
v 2.700004 1.700002 -10.600000
v 2.700004 2.000001 -10.600000
v 3.300004 1.700001 -10.700001
v 3.300004 2.000001 -10.700001
v 2.700004 1.700002 -10.700001
v 2.700004 2.000001 -10.700001
v 3.000003 0.500000 -10.600000
v 3.000003 0.800001 -10.600000
v 2.400003 0.500001 -10.600000
v 2.400003 0.800001 -10.600000
v 3.000003 0.500000 -10.700001
v 3.000003 0.800001 -10.700001
v 2.400003 0.500001 -10.700001
v 2.400003 0.800001 -10.700001
v 3.300003 0.900001 -10.600000
v 3.300004 1.200001 -10.600000
v 2.700004 0.900002 -10.600000
v 2.700004 1.200001 -10.600000
v 3.300003 0.900001 -10.700001
v 3.300004 1.200001 -10.700001
v 2.700004 0.900002 -10.700001
v 2.700004 1.200001 -10.700001
v 3.000004 1.300002 -10.600000
v 3.000004 1.600001 -10.600000
v 2.400002 1.300001 -10.600000
v 2.400002 1.600001 -10.600000
v 3.000004 1.300002 -10.700001
v 3.000004 1.600001 -10.700001
v 2.400002 1.300001 -10.700001
v 2.400002 1.600001 -10.700001
v -2.599997 1.300000 -10.600000
v -2.599997 1.600000 -10.600000
v -3.199997 1.300001 -10.600000
v -3.199996 1.600000 -10.600000
v -2.599997 1.300000 -10.700000
v -2.599997 1.600000 -10.700000
v -3.199997 1.300001 -10.700000
v -3.199996 1.600000 -10.700000
v -2.299996 0.900001 -10.600000
v -2.299996 1.200002 -10.600000
v -2.899996 0.900000 -10.600000
v -2.899997 1.200001 -10.600000
v -2.299996 0.900001 -10.700000
v -2.299996 1.200002 -10.700000
v -2.899996 0.900000 -10.700000
v -2.899997 1.200001 -10.700000
v -2.599997 0.500001 -10.600000
v -2.599997 0.800001 -10.600000
v -3.199997 0.500000 -10.600000
v -3.199997 0.800000 -10.600000
v -2.599997 0.500001 -10.700000
v -2.599997 0.800001 -10.700000
v -3.199997 0.500000 -10.700000
v -3.199997 0.800000 -10.700000
v -2.299997 1.700001 -10.600000
v -2.299996 2.000001 -10.600000
v -2.899996 1.700002 -10.600000
v -2.899996 2.000001 -10.600000
v -2.299997 1.700001 -10.700000
v -2.299996 2.000001 -10.700000
v -2.899996 1.700002 -10.700000
v -2.899996 2.000001 -10.700000
v -2.299995 0.100001 -10.600000
v -2.299997 0.400000 -10.600000
v -2.899996 0.100000 -10.600000
v -2.899996 0.400001 -10.600000
v -2.299995 0.100001 -10.700000
v -2.299997 0.400000 -10.700000
v -2.899996 0.100000 -10.700000
v -2.899996 0.400001 -10.700000
v -2.999996 1.700000 -10.600000
v -2.999996 2.000000 -10.600000
v -3.599996 1.700001 -10.600000
v -3.599995 2.000000 -10.600000
v -2.999996 1.700000 -10.700000
v -2.999996 2.000000 -10.700000
v -3.599996 1.700001 -10.700000
v -3.599995 2.000000 -10.700000
v -2.999996 0.100001 -10.600000
v -2.999995 0.400002 -10.600000
v -3.599997 0.100000 -10.600000
v -3.599996 0.400001 -10.600000
v -2.999996 0.100001 -10.700000
v -2.999995 0.400002 -10.700000
v -3.599997 0.100000 -10.700000
v -3.599996 0.400001 -10.700000
v -3.299995 0.500000 -10.600000
v -3.299996 0.800001 -10.600000
v -3.899996 0.500002 -10.600000
v -3.899997 0.800001 -10.600000
v -3.299995 0.500000 -10.700000
v -3.299996 0.800001 -10.700000
v -3.899996 0.500002 -10.700000
v -3.899997 0.800001 -10.700000
v -3.699996 1.700002 -10.600000
v -3.699995 2.000001 -10.600000
v -4.299996 1.700001 -10.600000
v -4.299995 2.000000 -10.600000
v -3.699996 1.700002 -10.700000
v -3.699995 2.000001 -10.700000
v -4.299996 1.700001 -10.700000
v -4.299995 2.000000 -10.700000
v -3.299995 1.300002 -10.600000
v -3.299995 1.600001 -10.600000
v -3.899997 1.300001 -10.600000
v -3.899996 1.600000 -10.600000
v -3.299995 1.300002 -10.700000
v -3.299995 1.600001 -10.700000
v -3.899997 1.300001 -10.700000
v -3.899996 1.600000 -10.700000
v -2.999996 0.900001 -10.600000
v -2.999996 1.200001 -10.600000
v -3.599995 0.900002 -10.600000
v -3.599996 1.200001 -10.600000
v -2.999996 0.900001 -10.700000
v -2.999996 1.200001 -10.700000
v -3.599995 0.900002 -10.700000
v -3.599996 1.200001 -10.700000
v -3.699995 0.100000 -10.600000
v -3.699995 0.400001 -10.600000
v -4.299995 0.100002 -10.600000
v -4.299997 0.400001 -10.600000
v -3.699995 0.100000 -10.700000
v -3.699995 0.400001 -10.700000
v -4.299995 0.100002 -10.700000
v -4.299997 0.400001 -10.700000
v -3.699995 0.900000 -10.600000
v -3.699996 1.200001 -10.600000
v -4.299996 0.900002 -10.600000
v -4.299995 1.200001 -10.600000
v -3.699995 0.900000 -10.700000
v -3.699996 1.200001 -10.700000
v -4.299996 0.900002 -10.700000
v -4.299995 1.200001 -10.700000
v -4.399996 1.700002 -10.600000
v -4.399996 2.000001 -10.600000
v -4.999997 1.700001 -10.600000
v -4.999996 2.000000 -10.600000
v -4.399996 1.700002 -10.700000
v -4.399996 2.000001 -10.700000
v -4.999997 1.700001 -10.700000
v -4.999996 2.000000 -10.700000
v -3.999996 0.500000 -10.600000
v -3.999996 0.800000 -10.600000
v -4.599996 0.500001 -10.600000
v -4.599997 0.800001 -10.600000
v -3.999996 0.500000 -10.700000
v -3.999996 0.800000 -10.700000
v -4.599996 0.500001 -10.700000
v -4.599997 0.800001 -10.700000
v -4.399996 0.100000 -10.600000
v -4.399996 0.400001 -10.600000
v -4.999997 0.100002 -10.600000
v -4.999998 0.400001 -10.600000
v -4.399996 0.100000 -10.700000
v -4.399996 0.400001 -10.700000
v -4.999997 0.100002 -10.700000
v -4.999998 0.400001 -10.700000
v -3.999995 1.300001 -10.600000
v -3.999994 1.600000 -10.600000
v -4.599998 1.300001 -10.600000
v -4.599997 1.600000 -10.600000
v -3.999995 1.300001 -10.700000
v -3.999994 1.600000 -10.700000
v -4.599998 1.300001 -10.700000
v -4.599997 1.600000 -10.700000
v -4.399996 0.900000 -10.600000
v -4.399998 1.200001 -10.600000
v -4.999997 0.900002 -10.600000
v -4.999996 1.200001 -10.600000
v -4.399996 0.900000 -10.700000
v -4.399998 1.200001 -10.700000
v -4.999997 0.900002 -10.700000
v -4.999996 1.200001 -10.700000
v -4.699996 0.500002 -10.600000
v -4.699995 0.800001 -10.600000
v -5.299996 0.500001 -10.600000
v -5.299995 0.800000 -10.600000
v -4.699996 0.500002 -10.700000
v -4.699995 0.800001 -10.700000
v -5.299996 0.500001 -10.700000
v -5.299995 0.800000 -10.700000
v -4.699996 1.300001 -10.600000
v -4.699995 1.600000 -10.600000
v -5.299995 1.300001 -10.600000
v -5.299995 1.600001 -10.600000
v -4.699996 1.300001 -10.700000
v -4.699995 1.600000 -10.700000
v -5.299995 1.300001 -10.700000
v -5.299995 1.600001 -10.700000
v -7.499996 0.500002 -10.600000
v -7.499996 0.800000 -10.600000
v -8.099997 0.500001 -10.600000
v -8.099995 0.800001 -10.600000
v -7.499996 0.500002 -10.700000
v -7.499996 0.800000 -10.700000
v -8.099997 0.500001 -10.700000
v -8.099995 0.800001 -10.700000
v -7.199997 0.900001 -10.600000
v -7.199995 1.200000 -10.600000
v -7.799995 0.900001 -10.600000
v -7.799995 1.200002 -10.600000
v -7.199997 0.900001 -10.700000
v -7.199995 1.200000 -10.700000
v -7.799995 0.900001 -10.700000
v -7.799995 1.200002 -10.700000
v -6.799995 1.300001 -10.600000
v -6.799994 1.600001 -10.600000
v -7.399998 1.300001 -10.600000
v -7.399998 1.600001 -10.600000
v -6.799995 1.300001 -10.700000
v -6.799994 1.600001 -10.700000
v -7.399998 1.300001 -10.700000
v -7.399998 1.600001 -10.700000
v -7.199997 0.100001 -10.600000
v -7.199995 0.400001 -10.600000
v -7.799995 0.100001 -10.600000
v -7.799995 0.400002 -10.600000
v -7.199997 0.100001 -10.700000
v -7.199995 0.400001 -10.700000
v -7.799995 0.100001 -10.700000
v -7.799995 0.400002 -10.700000
v -6.799996 0.500001 -10.600000
v -6.799995 0.800000 -10.600000
v -7.399996 0.500001 -10.600000
v -7.399998 0.800002 -10.600000
v -6.799996 0.500001 -10.700000
v -6.799995 0.800000 -10.700000
v -7.399996 0.500001 -10.700000
v -7.399998 0.800002 -10.700000
v -7.199995 1.700001 -10.600000
v -7.199993 2.000001 -10.600000
v -7.799997 1.700001 -10.600000
v -7.799995 2.000001 -10.600000
v -7.199995 1.700001 -10.700000
v -7.199993 2.000001 -10.700000
v -7.799997 1.700001 -10.700000
v -7.799995 2.000001 -10.700000
v -6.499995 0.900001 -10.600000
v -6.499996 1.200001 -10.600000
v -7.099995 0.900001 -10.600000
v -7.099995 1.200002 -10.600000
v -6.499995 0.900001 -10.700000
v -6.499996 1.200001 -10.700000
v -7.099995 0.900001 -10.700000
v -7.099995 1.200002 -10.700000
v -6.499995 0.100001 -10.600000
v -6.499995 0.400001 -10.600000
v -7.099995 0.100000 -10.600000
v -7.099995 0.400000 -10.600000
v -6.499995 0.100001 -10.700000
v -6.499995 0.400001 -10.700000
v -7.099995 0.100000 -10.700000
v -7.099995 0.400000 -10.700000
v -5.799996 0.900002 -10.600000
v -5.799995 1.200001 -10.600000
v -6.399997 0.900001 -10.600000
v -6.399997 1.200000 -10.600000
v -5.799996 0.900002 -10.700000
v -5.799995 1.200001 -10.700000
v -6.399997 0.900001 -10.700000
v -6.399997 1.200000 -10.700000
v -6.099998 1.300001 -10.600000
v -6.099997 1.600000 -10.600000
v -6.699997 1.300001 -10.600000
v -6.699996 1.600001 -10.600000
v -6.099998 1.300001 -10.700000
v -6.099997 1.600000 -10.700000
v -6.699997 1.300001 -10.700000
v -6.699996 1.600001 -10.700000
v -6.499997 1.700001 -10.600000
v -6.499996 2.000000 -10.600000
v -7.099997 1.700001 -10.600000
v -7.099995 2.000001 -10.600000
v -6.499997 1.700001 -10.700000
v -6.499996 2.000000 -10.700000
v -7.099997 1.700001 -10.700000
v -7.099995 2.000001 -10.700000
v -6.099996 0.500001 -10.600000
v -6.099997 0.800001 -10.600000
v -6.699996 0.500000 -10.600000
v -6.699997 0.800000 -10.600000
v -6.099996 0.500001 -10.700000
v -6.099997 0.800001 -10.700000
v -6.699996 0.500000 -10.700000
v -6.699997 0.800000 -10.700000
v -5.799996 0.100002 -10.600000
v -5.799995 0.400002 -10.600000
v -6.399997 0.100001 -10.600000
v -6.399996 0.400001 -10.600000
v -5.799996 0.100002 -10.700000
v -5.799995 0.400002 -10.700000
v -6.399997 0.100001 -10.700000
v -6.399996 0.400001 -10.700000
v -5.799996 1.700001 -10.600000
v -5.799995 2.000000 -10.600000
v -6.399996 1.700001 -10.600000
v -6.399996 2.000001 -10.600000
v -5.799996 1.700001 -10.700000
v -5.799995 2.000000 -10.700000
v -6.399996 1.700001 -10.700000
v -6.399996 2.000001 -10.700000
v -5.099997 0.100000 -10.600000
v -5.099997 0.400001 -10.600000
v -5.699996 0.100001 -10.600000
v -5.699996 0.400001 -10.600000
v -5.099997 0.100000 -10.700000
v -5.099997 0.400001 -10.700000
v -5.699996 0.100001 -10.700000
v -5.699996 0.400001 -10.700000
v -5.099998 1.700002 -10.600000
v -5.099997 2.000001 -10.600000
v -5.699997 1.700002 -10.600000
v -5.699996 2.000002 -10.600000
v -5.099998 1.700002 -10.700000
v -5.099997 2.000001 -10.700000
v -5.699997 1.700002 -10.700000
v -5.699996 2.000002 -10.700000
v -5.399996 0.500002 -10.600000
v -5.399996 0.800001 -10.600000
v -5.999997 0.500001 -10.600000
v -5.999997 0.800000 -10.600000
v -5.399996 0.500002 -10.700000
v -5.399996 0.800001 -10.700000
v -5.999997 0.500001 -10.700000
v -5.999997 0.800000 -10.700000
v -5.099996 0.900002 -10.600000
v -5.099997 1.200002 -10.600000
v -5.699996 0.900001 -10.600000
v -5.699997 1.200001 -10.600000
v -5.099996 0.900002 -10.700000
v -5.099997 1.200002 -10.700000
v -5.699996 0.900001 -10.700000
v -5.699997 1.200001 -10.700000
v -5.399997 1.300001 -10.600000
v -5.399996 1.600000 -10.600000
v -5.999996 1.300001 -10.600000
v -5.999996 1.600001 -10.600000
v -5.399997 1.300001 -10.700000
v -5.399996 1.600000 -10.700000
v -5.999996 1.300001 -10.700000
v -5.999996 1.600001 -10.700000
v -7.899996 1.700001 -10.600000
v -7.899994 2.000001 -10.600000
v -8.499998 1.700001 -10.599999
v -8.499996 2.000001 -10.599999
v -7.899996 1.700001 -10.700000
v -7.899994 2.000001 -10.700000
v -8.499998 1.700001 -10.700000
v -8.499996 2.000001 -10.700000
v -7.899998 0.100001 -10.600000
v -7.899996 0.400001 -10.600000
v -8.499996 0.100001 -10.599999
v -8.499996 0.400002 -10.599999
v -7.899998 0.100001 -10.700000
v -7.899996 0.400001 -10.700000
v -8.499996 0.100001 -10.700000
v -8.499996 0.400002 -10.700000
v -7.899998 0.900001 -10.600000
v -7.899996 1.200000 -10.600000
v -8.499996 0.900001 -10.599999
v -8.499996 1.200002 -10.599999
v -7.899998 0.900001 -10.700000
v -7.899996 1.200000 -10.700000
v -8.499996 0.900001 -10.700000
v -8.499996 1.200002 -10.700000
v -8.599997 1.700001 -10.599999
v -8.599995 2.000001 -10.599999
v -9.199993 1.700001 -10.599999
v -9.199993 2.000000 -10.599999
v -8.599997 1.700001 -10.700000
v -8.599995 2.000001 -10.700000
v -9.199993 1.700001 -10.700000
v -9.199993 2.000000 -10.700000
v -8.199995 0.500001 -10.600000
v -8.199997 0.800002 -10.600000
v -8.799995 0.500000 -10.599999
v -8.799995 0.800001 -10.599999
v -8.199995 0.500001 -10.700000
v -8.199997 0.800002 -10.700000
v -8.799995 0.500000 -10.700000
v -8.799995 0.800001 -10.700000
v -8.599995 0.100001 -10.599999
v -8.599995 0.400002 -10.599999
v -9.199995 0.100000 -10.599999
v -9.199995 0.400001 -10.599999
v -8.599995 0.100001 -10.700000
v -8.599995 0.400002 -10.700000
v -9.199995 0.100000 -10.700000
v -9.199995 0.400001 -10.700000
v -8.199997 1.300001 -10.600000
v -8.199997 1.600001 -10.600000
v -8.799995 1.300002 -10.599999
v -8.799995 1.600002 -10.599999
v -8.199997 1.300001 -10.700000
v -8.199997 1.600001 -10.700000
v -8.799995 1.300002 -10.700000
v -8.799995 1.600002 -10.700000
v -8.599995 0.900001 -10.599999
v -8.599995 1.200002 -10.599999
v -9.199993 0.900002 -10.599999
v -9.199993 1.200002 -10.599999
v -8.599995 0.900001 -10.700000
v -8.599995 1.200002 -10.700000
v -9.199993 0.900002 -10.700000
v -9.199993 1.200002 -10.700000
v -8.899998 0.500002 -10.599999
v -8.899998 0.800002 -10.599999
v -8.899998 0.500002 -10.700000
v -8.899998 0.800002 -10.700000
v -8.899998 1.300001 -10.599999
v -8.899998 1.600001 -10.599999
v -8.899998 1.300001 -10.700000
v -8.899998 1.600001 -10.700000
v 9.000000 1.700001 -7.799999
v 9.000000 2.000001 -7.799999
v 9.000000 1.700001 -8.400000
v 9.000000 2.000001 -8.400000
v 9.100000 1.700002 -7.799999
v 9.100000 2.000001 -7.799999
v 9.100000 1.700001 -8.400000
v 9.100000 2.000001 -8.400000
v 9.000000 0.500001 -1.900000
v 9.000000 0.800001 -1.900000
v 9.000000 0.500001 -2.500000
v 9.000000 0.800001 -2.500000
v 9.100000 0.500001 -1.900000
v 9.100000 0.800001 -1.900000
v 9.100000 0.500001 -2.500000
v 9.100000 0.800001 -2.500000
v 9.000000 0.100001 -0.099999
v 9.000000 0.400002 -0.099999
v 9.000000 0.100001 -0.700000
v 9.000000 0.400002 -0.700000
v 9.100000 0.100001 -0.099999
v 9.100000 0.400001 -0.099999
v 9.100000 0.100001 -0.700000
v 9.100000 0.400001 -0.700000
v 9.000000 1.300001 1.600000
v 9.000000 1.600001 1.600000
v 9.000000 1.300001 1.000000
v 9.000000 1.600001 1.000000
v 9.100000 1.300001 1.600000
v 9.100000 1.600001 1.600000
v 9.100000 1.300001 1.000000
v 9.100000 1.600001 1.000000
v 9.000000 1.300001 7.400002
v 9.000000 1.600001 7.400002
v 9.000000 1.300001 6.800003
v 9.000000 1.600001 6.800003
v 9.100000 1.300001 7.400002
v 9.100000 1.600001 7.400002
v 9.100000 1.300001 6.800003
v 9.100000 1.600001 6.800003
v 9.000001 0.500001 8.099998
v 9.000000 0.800001 8.099998
v 9.000001 0.500001 7.500000
v 9.000000 0.800001 7.500000
v 9.100000 0.500001 8.099998
v 9.100000 0.800001 8.099998
v 9.100000 0.500001 7.500000
v 9.100000 0.800001 7.500000
v 7.600000 1.700001 9.200001
v 7.600000 2.000001 9.200001
v 8.200000 1.700001 9.200001
v 8.200000 2.000001 9.200001
v 7.600000 1.700001 9.299999
v 7.600000 2.000001 9.299999
v 8.200000 1.700001 9.299999
v 8.200000 2.000001 9.299999
v 0.900000 0.500001 9.200001
v 0.900000 0.800001 9.200001
v 1.500000 0.500000 9.200001
v 1.500000 0.800000 9.200001
v 0.900000 0.500001 9.299999
v 0.900000 0.800001 9.299999
v 1.500000 0.500000 9.299999
v 1.500000 0.800000 9.299999
v -0.500000 0.500000 9.200001
v -0.500000 0.800001 9.200001
v 0.100000 0.500001 9.200001
v 0.100000 0.800002 9.200001
v -0.500000 0.500000 9.299999
v -0.500000 0.800001 9.299999
v 0.100000 0.500001 9.299999
v 0.100000 0.800002 9.299999
v -5.000000 1.700000 9.200001
v -4.999999 2.000000 9.200001
v -4.400000 1.700001 9.200001
v -4.399999 2.000001 9.200001
v -5.000000 1.700000 9.299999
v -4.999999 2.000000 9.299999
v -4.400000 1.700001 9.299999
v -4.399999 2.000001 9.299999
v -8.199999 0.500002 9.200001
v -8.200001 0.800002 9.200001
v -7.599998 0.500001 9.200001
v -7.600002 0.800002 9.200001
v -8.199999 0.500002 9.299999
v -8.200001 0.800002 9.299999
v -7.599998 0.500001 9.299999
v -7.600002 0.800002 9.299999
v 8.200001 0.100001 -10.599999
v 8.200001 0.400002 -10.599999
v 7.600000 0.100001 -10.599999
v 7.600000 0.400001 -10.599999
v 8.200001 0.100001 -10.700000
v 8.200001 0.400002 -10.700000
v 7.600000 0.100001 -10.700000
v 7.600000 0.400001 -10.700000
v 6.100000 0.900002 -10.599999
v 6.100000 1.200001 -10.599999
v 5.500000 0.900001 -10.599999
v 5.500000 1.200001 -10.599999
v 6.100000 0.900002 -10.700000
v 6.100000 1.200001 -10.700000
v 5.500000 0.900001 -10.700000
v 5.500000 1.200001 -10.700000
v 0.200001 1.300002 -10.599999
v 0.200001 1.600001 -10.599999
v -0.400000 1.300001 -10.599999
v -0.400000 1.600000 -10.599999
v 0.200001 1.300002 -10.699999
v 0.200001 1.600001 -10.699999
v -0.400000 1.300001 -10.699999
v -0.400000 1.600000 -10.699999
v -0.900000 0.100000 -10.599999
v -0.900000 0.400001 -10.599999
v -1.500000 0.100002 -10.599999
v -1.500000 0.400002 -10.599999
v -0.900000 0.100000 -10.699999
v -0.900000 0.400001 -10.699999
v -1.500000 0.100002 -10.699999
v -1.500000 0.400002 -10.699999
v -7.499998 1.300001 -10.599999
v -7.499998 1.600000 -10.599999
v -8.099998 1.300002 -10.599998
v -8.099998 1.600002 -10.599998
v -7.499998 1.300001 -10.699999
v -7.499998 1.600000 -10.699999
v -8.099998 1.300002 -10.699999
v -8.099998 1.600002 -10.699999
v 9.000000 0.500001 -10.300000
v 9.000000 0.800001 -10.300000
v 9.099999 0.500001 -10.300000
v 9.099999 0.800001 -10.300000
v 9.099999 0.500001 -10.700001
v 9.100000 0.800001 -10.700001
v 9.000000 0.500001 -10.600000
v 9.000000 0.800001 -10.600000
v 8.700000 0.800001 -10.600001
v 8.700000 0.800001 -10.700001
v 8.700000 0.500001 -10.700001
v 8.700000 0.500001 -10.600001
v 9.000000 0.800001 -10.700000
v 9.000000 0.500001 -10.700000
v 9.000000 1.300001 -10.300000
v 9.000000 1.600001 -10.300000
v 9.099999 1.300001 -10.300000
v 9.099999 1.600001 -10.300000
v 9.100000 1.300001 -10.700001
v 9.100000 1.600001 -10.700001
v 8.999999 1.300001 -10.600000
v 9.000000 1.600001 -10.600000
v 8.700000 1.600001 -10.600001
v 8.700000 1.600001 -10.700001
v 8.700000 1.300002 -10.700001
v 8.700000 1.300001 -10.600001
v 9.000000 1.600001 -10.700000
v 8.999999 1.300001 -10.700000
v 9.000001 0.500001 9.299999
v 9.000000 0.800001 9.299999
v 9.000001 0.500001 8.900002
v 9.000000 0.800001 8.900002
v 9.100000 0.500001 9.299999
v 9.100000 0.800001 9.299999
v 9.100000 0.500001 8.900002
v 9.100000 0.800001 8.900002
v 9.000000 0.500001 9.200001
v 9.000000 0.800001 9.200001
v 8.600000 0.500001 9.200001
v 8.600000 0.500001 9.300003
v 8.600000 0.800001 9.300003
v 8.600000 0.800001 9.200001
v 9.000000 1.300001 9.299999
v 9.000000 1.600001 9.299999
v 9.000000 1.300001 8.900002
v 9.000000 1.600001 8.900002
v 9.100000 1.300001 9.299999
v 9.100000 1.600001 9.299999
v 9.100000 1.300001 8.900002
v 9.100000 1.600001 8.900002
v 9.000000 1.300001 9.200001
v 9.000000 1.600001 9.200001
v 8.600000 1.300001 9.200001
v 8.600000 1.300001 9.300003
v 8.600000 1.600001 9.300003
v 8.600000 1.600001 9.200001
v -9.200001 0.800002 -10.700000
v -9.200001 0.500002 -10.700000
v -9.200001 0.500002 -10.599999
v -9.200001 0.800002 -10.599999
v -9.200001 1.600001 -10.700000
v -9.200001 1.300002 -10.700000
v -9.200001 1.300002 -10.599999
v -9.200001 1.600001 -10.599999
v -9.199999 0.900001 9.215385
v -9.200001 1.200001 9.284615
v -9.199999 1.600000 9.299999
v -9.200001 1.300001 9.299999
v -9.200001 1.300001 9.200001
v -9.199999 1.600000 9.200001
v -9.199999 0.800001 9.299999
v -9.200001 0.500002 9.299999
v -9.200001 0.500002 9.200001
v -9.199999 0.800001 9.200001
v 9.000000 2.100002 8.799999
v 9.000000 4.600002 8.799999
v 8.600000 2.100002 8.799999
v 8.600000 4.600002 8.799999
v 8.900002 2.100002 9.100000
v 8.900001 4.600002 9.100000
v 8.600000 2.100002 9.100000
v 9.000000 2.100002 9.100000
v 9.000000 4.600002 9.100000
v 8.900002 2.100002 8.799999
v 8.900001 4.600002 8.799999
v 8.600000 2.100002 9.200001
v 8.900002 2.100002 9.200001
v 8.900001 4.600002 9.200001
v 8.600000 4.600002 9.200001
v 8.500000 4.600002 8.799999
v 8.500000 4.600002 9.100000
v 8.500000 2.100002 9.100000
v 8.500000 2.100002 8.799999
v 8.600000 4.600002 8.700001
v 8.900001 4.600002 8.700001
v 8.900002 2.100002 8.700001
v 8.600000 2.100002 8.700001
v 8.600000 4.600002 9.100000
v 8.600000 6.800002 8.799999
v 8.600000 6.800002 9.100000
v 8.900001 6.800002 8.799999
v 8.900001 6.800002 9.100000
v 8.600000 6.900002 8.799999
v 8.600000 6.900002 9.100000
v 8.900001 6.900002 8.799999
v 8.900001 6.900002 9.100000
v 8.600000 6.800002 8.700001
v 8.900001 6.800002 8.700001
v 8.600000 6.900002 8.700001
v 8.900001 6.900002 8.700001
v 9.000000 6.800002 8.799999
v 9.000000 6.800002 9.100000
v 9.000000 6.900002 9.100000
v 8.900001 6.800002 9.200001
v 8.600000 6.800002 9.200001
v 8.900001 6.900002 9.200001
v 8.600000 6.900002 9.200001
v 8.500000 6.800002 8.799999
v 8.500000 6.800002 9.100000
v 8.600000 7.000002 9.200001
v 8.500000 6.900002 9.100000
v 8.500000 6.900002 9.200001
v 8.500000 7.000002 9.200001
v 9.000000 7.000002 9.200001
v 9.000000 6.900002 9.200001
v 9.000000 7.000002 9.100000
v 9.000000 6.900002 8.700001
v 9.000000 6.900002 8.799999
v 8.500000 6.900002 8.700001
v 8.500000 6.900002 8.799999
v 8.400001 6.900002 8.799999
v 8.400001 6.900002 9.100000
v 8.400001 7.000002 8.799999
v 8.900001 7.000002 9.299999
v 8.900001 6.900002 9.299999
v 8.600000 6.900002 9.299999
v 8.600000 7.000002 9.299999
v 9.100000 6.900002 8.799999
v 9.100000 6.900002 9.100000
v 9.100000 7.000002 9.100000
v 8.600000 7.000002 8.600000
v 8.600000 6.900002 8.600000
v 8.900001 6.900002 8.600000
v 8.400001 7.000002 9.100000
v 8.600000 7.000002 8.700001
v 8.900001 7.000002 8.700001
v 8.900001 7.000002 9.200001
v 8.500000 7.000002 8.799999
v 8.500000 7.000002 9.100000
v 9.000000 7.000002 8.700001
v 9.000000 7.000002 8.799999
v 8.500000 7.000002 8.700001
v 9.100000 7.000002 8.799999
v 8.900001 7.000002 8.600000
v 9.000000 2.100002 5.900000
v 9.000000 4.600002 5.900000
v 8.600000 2.100002 5.900000
v 8.600000 4.600002 5.900000
v 8.900002 2.100002 6.200001
v 8.900001 4.600002 6.200001
v 8.600000 2.100002 6.200001
v 9.000000 2.100002 6.200001
v 9.000000 4.600002 6.200001
v 8.900002 2.100002 5.900000
v 8.900001 4.600002 5.900000
v 8.600000 2.100002 6.300001
v 8.900002 2.100002 6.300001
v 8.900001 4.600002 6.300001
v 8.600000 4.600002 6.300001
v 8.500000 4.600002 5.900000
v 8.500000 4.600002 6.200001
v 8.500000 2.100002 6.200001
v 8.500000 2.100002 5.900000
v 8.600000 4.600002 5.800001
v 8.900001 4.600002 5.800001
v 8.900002 2.100002 5.800001
v 8.600000 2.100002 5.800001
v 8.600000 4.600002 6.200001
v 8.600000 6.800002 5.900000
v 8.600000 6.800002 6.200001
v 8.900001 6.800002 5.900000
v 8.900001 6.800002 6.200001
v 8.600000 6.900002 5.900000
v 8.600000 6.900002 6.200001
v 8.900001 6.900002 5.900000
v 8.900001 6.900002 6.200001
v 8.600000 6.800002 5.800001
v 8.900001 6.800002 5.800001
v 8.600000 6.900002 5.800001
v 8.900001 6.900002 5.800001
v 9.000000 6.800002 5.900000
v 9.000000 6.800002 6.200001
v 9.000000 6.900002 6.200001
v 8.900001 6.800002 6.300001
v 8.600000 6.800002 6.300001
v 8.900001 6.900002 6.300001
v 8.600000 6.900002 6.300001
v 8.500000 6.800002 5.900000
v 8.500000 6.800002 6.200001
v 8.600000 7.000002 6.300001
v 8.500000 6.900002 6.200001
v 8.500000 6.900002 6.300001
v 8.500000 7.000002 6.300001
v 9.000000 7.000002 6.300001
v 9.000000 6.900002 6.300001
v 9.000000 7.000002 6.200001
v 9.000000 6.900002 5.800001
v 9.000000 6.900002 5.900000
v 8.500000 6.900002 5.800001
v 8.500000 6.900002 5.900000
v 8.400001 6.900002 5.900000
v 8.400001 6.900002 6.200001
v 8.400001 7.000002 5.900000
v 8.900001 7.000002 6.400000
v 8.900001 6.900002 6.400000
v 8.600000 6.900002 6.400000
v 8.600000 7.000002 6.400000
v 9.100000 6.900002 5.900000
v 9.100000 6.900002 6.200001
v 9.100000 7.000002 6.200001
v 8.600000 7.000002 5.700001
v 8.600000 6.900002 5.700001
v 8.900001 6.900002 5.700001
v 8.400001 7.000002 6.200001
v 8.600000 7.000002 5.800001
v 8.900001 7.000002 5.800001
v 8.900001 7.000002 6.300001
v 8.500000 7.000002 5.900000
v 8.500000 7.000002 6.200001
v 9.000000 7.000002 5.800001
v 9.000000 7.000002 5.900000
v 8.500000 7.000002 5.800001
v 9.100000 7.000002 5.900000
v 8.900001 7.000002 5.700001
v 9.000000 2.100002 2.699999
v 9.000000 4.600002 2.699999
v 8.600000 2.100002 2.699999
v 8.600000 4.600002 2.699999
v 8.900002 2.100002 3.000000
v 8.900001 4.600002 3.000000
v 8.600000 2.100002 3.000000
v 9.000000 2.100002 3.000000
v 9.000000 4.600002 3.000000
v 8.900002 2.100002 2.699999
v 8.900001 4.600002 2.699999
v 8.600000 2.100002 3.100000
v 8.900002 2.100002 3.100000
v 8.900001 4.600002 3.100000
v 8.600000 4.600002 3.100000
v 8.500000 4.600002 2.699999
v 8.500000 4.600002 3.000000
v 8.500000 2.100002 3.000000
v 8.500000 2.100002 2.699999
v 8.600000 4.600002 2.600000
v 8.900001 4.600002 2.600000
v 8.900002 2.100002 2.600000
v 8.600000 2.100002 2.600000
v 8.600000 4.600002 3.000000
v 8.600000 6.800002 2.699999
v 8.600000 6.800002 3.000000
v 8.900001 6.800002 2.699999
v 8.900001 6.800002 3.000000
v 8.600000 6.900002 2.699999
v 8.600000 6.900002 3.000000
v 8.900001 6.900002 2.699999
v 8.900001 6.900002 3.000000
v 8.600000 6.800002 2.600000
v 8.900001 6.800002 2.600000
v 8.600000 6.900002 2.600000
v 8.900001 6.900002 2.600000
v 9.000000 6.800002 2.699999
v 9.000000 6.800002 3.000000
v 9.000000 6.900002 3.000000
v 8.900001 6.800002 3.100000
v 8.600000 6.800002 3.100000
v 8.900001 6.900002 3.100000
v 8.600000 6.900002 3.100000
v 8.500000 6.800002 2.699999
v 8.500000 6.800002 3.000000
v 8.600000 7.000002 3.100000
v 8.500000 6.900002 3.000000
v 8.500000 6.900002 3.100000
v 8.500000 7.000002 3.100000
v 9.000000 7.000002 3.100000
v 9.000000 6.900002 3.100000
v 9.000000 7.000002 3.000000
v 9.000000 6.900002 2.600000
v 9.000000 6.900002 2.699999
v 8.500000 6.900002 2.600000
v 8.500000 6.900002 2.699999
v 8.400001 6.900002 2.699999
v 8.400001 6.900002 3.000000
v 8.400001 7.000002 2.699999
v 8.900001 7.000002 3.199999
v 8.900001 6.900002 3.199999
v 8.600000 6.900002 3.199999
v 8.600000 7.000002 3.199999
v 9.100000 6.900002 2.699999
v 9.100000 6.900002 3.000000
v 9.100000 7.000002 3.000000
v 8.600000 7.000002 2.500000
v 8.600000 6.900002 2.500000
v 8.900001 6.900002 2.500000
v 8.400001 7.000002 3.000000
v 8.600000 7.000002 2.600000
v 8.900001 7.000002 2.600000
v 8.900001 7.000002 3.100000
v 8.500000 7.000002 2.699999
v 8.500000 7.000002 3.000000
v 9.000000 7.000002 2.600000
v 9.000000 7.000002 2.699999
v 8.500000 7.000002 2.600000
v 9.100000 7.000002 2.699999
v 8.900001 7.000002 2.500000
v 9.000000 2.100002 -1.700001
v 9.000000 4.600002 -1.700001
v 8.600000 2.100002 -1.700001
v 8.600000 4.600002 -1.700001
v 8.900002 2.100002 -1.400000
v 8.900001 4.600002 -1.400000
v 8.600000 2.100002 -1.400000
v 9.000000 2.100002 -1.400000
v 9.000000 4.600002 -1.400000
v 8.900002 2.100002 -1.700001
v 8.900001 4.600002 -1.700001
v 8.600000 2.100002 -1.299999
v 8.900002 2.100002 -1.299999
v 8.900001 4.600002 -1.299999
v 8.600000 4.600002 -1.299999
v 8.500000 4.600002 -1.700001
v 8.500000 4.600002 -1.400000
v 8.500000 2.100002 -1.400000
v 8.500000 2.100002 -1.700001
v 8.600000 4.600002 -1.799999
v 8.900001 4.600002 -1.799999
v 8.900002 2.100002 -1.799999
v 8.600000 2.100002 -1.799999
v 8.600000 4.600002 -1.400000
v 8.600000 6.800002 -1.700001
v 8.600000 6.800002 -1.400000
v 8.900001 6.800002 -1.700001
v 8.900001 6.800002 -1.400000
v 8.600000 6.900002 -1.700001
v 8.600000 6.900002 -1.400000
v 8.900001 6.900002 -1.700001
v 8.900001 6.900002 -1.400000
v 8.600000 6.800002 -1.799999
v 8.900001 6.800002 -1.799999
v 8.600000 6.900002 -1.799999
v 8.900001 6.900002 -1.799999
v 9.000000 6.800002 -1.700001
v 9.000000 6.800002 -1.400000
v 9.000000 6.900002 -1.400000
v 8.900001 6.800002 -1.299999
v 8.600000 6.800002 -1.299999
v 8.900001 6.900002 -1.299999
v 8.600000 6.900002 -1.299999
v 8.500000 6.800002 -1.700001
v 8.500000 6.800002 -1.400000
v 8.600000 7.000002 -1.299999
v 8.500000 6.900002 -1.400000
v 8.500000 6.900002 -1.299999
v 8.500000 7.000002 -1.299999
v 9.000000 7.000002 -1.299999
v 9.000000 6.900002 -1.299999
v 9.000000 7.000002 -1.400000
v 9.000000 6.900002 -1.799999
v 9.000000 6.900002 -1.700001
v 8.500000 6.900002 -1.799999
v 8.500000 6.900002 -1.700001
v 8.400001 6.900002 -1.700001
v 8.400001 6.900002 -1.400000
v 8.400001 7.000002 -1.700001
v 8.900001 7.000002 -1.200001
v 8.900001 6.900002 -1.200001
v 8.600000 6.900002 -1.200001
v 8.600000 7.000002 -1.200001
v 9.100000 6.900002 -1.700001
v 9.100000 6.900002 -1.400000
v 9.100000 7.000002 -1.400000
v 8.600000 7.000002 -1.900000
v 8.600000 6.900002 -1.900000
v 8.900001 6.900002 -1.900000
v 8.400001 7.000002 -1.400000
v 8.600000 7.000002 -1.799999
v 8.900001 7.000002 -1.799999
v 8.900001 7.000002 -1.299999
v 8.500000 7.000002 -1.700001
v 8.500000 7.000002 -1.400000
v 9.000000 7.000002 -1.799999
v 9.000000 7.000002 -1.700001
v 8.500000 7.000002 -1.799999
v 9.100000 7.000002 -1.700001
v 8.900001 7.000002 -1.900000
v 9.000000 2.100002 -10.500001
v 9.000000 4.600002 -10.500001
v 8.600000 2.100002 -10.500001
v 8.600000 4.600002 -10.500001
v 8.900002 2.100002 -10.200000
v 8.900001 4.600002 -10.200000
v 8.600000 2.100002 -10.200000
v 9.000000 2.100002 -10.200000
v 9.000000 4.600002 -10.200000
v 8.900002 2.100002 -10.500001
v 8.900001 4.600002 -10.500001
v 8.600000 2.100002 -10.099999
v 8.900002 2.100002 -10.099999
v 8.900001 4.600002 -10.099999
v 8.600000 4.600002 -10.099999
v 8.500000 4.600002 -10.500001
v 8.500000 4.600002 -10.200000
v 8.500000 2.100002 -10.200000
v 8.500000 2.100002 -10.500001
v 8.600000 4.600002 -10.599999
v 8.900001 4.600002 -10.599999
v 8.900002 2.100002 -10.599999
v 8.600000 2.100002 -10.599999
v 8.600000 4.600002 -10.200000
v 8.600000 6.800002 -10.500001
v 8.600000 6.800002 -10.200000
v 8.900001 6.800002 -10.500001
v 8.900001 6.800002 -10.200000
v 8.600000 6.900002 -10.500001
v 8.600000 6.900002 -10.200000
v 8.900001 6.900002 -10.500001
v 8.900001 6.900002 -10.200000
v 8.600000 6.800002 -10.599999
v 8.900001 6.800002 -10.599999
v 8.600000 6.900002 -10.599999
v 8.900001 6.900002 -10.599999
v 9.000000 6.800002 -10.500001
v 9.000000 6.800002 -10.200000
v 9.000000 6.900002 -10.200000
v 8.900001 6.800002 -10.099999
v 8.600000 6.800002 -10.099999
v 8.900001 6.900002 -10.099999
v 8.600000 6.900002 -10.099999
v 8.500000 6.800002 -10.500001
v 8.500000 6.800002 -10.200000
v 8.600000 7.000002 -10.099999
v 8.500000 6.900002 -10.200000
v 8.500000 6.900002 -10.099999
v 8.500000 7.000002 -10.099999
v 9.000000 7.000002 -10.099999
v 9.000000 6.900002 -10.099999
v 9.000000 7.000002 -10.200000
v 9.000000 6.900002 -10.599999
v 9.000000 6.900002 -10.500001
v 8.500000 6.900002 -10.599999
v 8.500000 6.900002 -10.500001
v 8.400001 6.900002 -10.500001
v 8.400001 6.900002 -10.200000
v 8.400001 7.000002 -10.500001
v 8.900001 7.000002 -10.000001
v 8.900001 6.900002 -10.000001
v 8.600000 6.900002 -10.000001
v 8.600000 7.000002 -10.000001
v 9.100000 6.900002 -10.500001
v 9.100000 6.900002 -10.200000
v 9.100000 7.000002 -10.200000
v 8.600000 7.000002 -10.700000
v 8.600000 6.900002 -10.700000
v 8.900001 6.900002 -10.700000
v 8.400001 7.000002 -10.200000
v 8.600000 7.000002 -10.599999
v 8.900001 7.000002 -10.599999
v 8.900001 7.000002 -10.099999
v 8.500000 7.000002 -10.500001
v 8.500000 7.000002 -10.200000
v 9.000000 7.000002 -10.599999
v 9.000000 7.000002 -10.500001
v 8.500000 7.000002 -10.599999
v 9.100000 7.000002 -10.500001
v 8.900001 7.000002 -10.700000
v 9.000000 2.100002 -6.100001
v 9.000000 4.600002 -6.100001
v 8.600000 2.100002 -6.100001
v 8.600000 4.600002 -6.100001
v 8.900002 2.100002 -5.800000
v 8.900001 4.600002 -5.800000
v 8.600000 2.100002 -5.800000
v 9.000000 2.100002 -5.800000
v 9.000000 4.600002 -5.800000
v 8.900002 2.100002 -6.100001
v 8.900001 4.600002 -6.100001
v 8.600000 2.100002 -5.700000
v 8.900002 2.100002 -5.700000
v 8.900001 4.600002 -5.700000
v 8.600000 4.600002 -5.700000
v 8.500000 4.600002 -6.100001
v 8.500000 4.600002 -5.800000
v 8.500000 2.100002 -5.800000
v 8.500000 2.100002 -6.100001
v 8.600000 4.600002 -6.200000
v 8.900001 4.600002 -6.200000
v 8.900002 2.100002 -6.200000
v 8.600000 2.100002 -6.200000
v 8.600000 4.600002 -5.800000
v 8.600000 6.800002 -6.100001
v 8.600000 6.800002 -5.800000
v 8.900001 6.800002 -6.100001
v 8.900001 6.800002 -5.800000
v 8.600000 6.900002 -6.100001
v 8.600000 6.900002 -5.800000
v 8.900001 6.900002 -6.100001
v 8.900001 6.900002 -5.800000
v 8.600000 6.800002 -6.200000
v 8.900001 6.800002 -6.200000
v 8.600000 6.900002 -6.200000
v 8.900001 6.900002 -6.200000
v 9.000000 6.800002 -6.100001
v 9.000000 6.800002 -5.800000
v 9.000000 6.900002 -5.800000
v 8.900001 6.800002 -5.700000
v 8.600000 6.800002 -5.700000
v 8.900001 6.900002 -5.700000
v 8.600000 6.900002 -5.700000
v 8.500000 6.800002 -6.100001
v 8.500000 6.800002 -5.800000
v 8.600000 7.000002 -5.700000
v 8.500000 6.900002 -5.800000
v 8.500000 6.900002 -5.700000
v 8.500000 7.000002 -5.700000
v 9.000000 7.000002 -5.700000
v 9.000000 6.900002 -5.700000
v 9.000000 7.000002 -5.800000
v 9.000000 6.900002 -6.200000
v 9.000000 6.900002 -6.100001
v 8.500000 6.900002 -6.200000
v 8.500000 6.900002 -6.100001
v 8.400001 6.900002 -6.100001
v 8.400001 6.900002 -5.800000
v 8.400001 7.000002 -6.100001
v 8.900001 7.000002 -5.600001
v 8.900001 6.900002 -5.600001
v 8.600000 6.900002 -5.600001
v 8.600000 7.000002 -5.600001
v 9.100000 6.900002 -6.100001
v 9.100000 6.900002 -5.800000
v 9.100000 7.000002 -5.800000
v 8.600000 7.000002 -6.300000
v 8.600000 6.900002 -6.300000
v 8.900001 6.900002 -6.300000
v 8.400001 7.000002 -5.800000
v 8.600000 7.000002 -6.200000
v 8.900001 7.000002 -6.200000
v 8.900001 7.000002 -5.700000
v 8.500000 7.000002 -6.100001
v 8.500000 7.000002 -5.800000
v 9.000000 7.000002 -6.200000
v 9.000000 7.000002 -6.100001
v 8.500000 7.000002 -6.200000
v 9.100000 7.000002 -6.100001
v 8.900001 7.000002 -6.300000
v 4.600000 2.100002 -10.500001
v 4.600000 4.600001 -10.500001
v 4.200001 2.100002 -10.500001
v 4.200001 4.600001 -10.500001
v 4.500001 2.100002 -10.200000
v 4.500001 4.600001 -10.200000
v 4.200001 2.100002 -10.200000
v 4.600000 2.100002 -10.200000
v 4.600000 4.600001 -10.200000
v 4.500001 2.100002 -10.500001
v 4.500001 4.600001 -10.500001
v 4.200001 2.100002 -10.099999
v 4.500001 2.100002 -10.099999
v 4.500001 4.600001 -10.099999
v 4.200001 4.600001 -10.099999
v 4.100000 4.600002 -10.500001
v 4.100000 4.600002 -10.200000
v 4.100000 2.100002 -10.200000
v 4.100000 2.100002 -10.500001
v 4.200001 4.600001 -10.599999
v 4.500001 4.600001 -10.599999
v 4.500001 2.100002 -10.599999
v 4.200001 2.100002 -10.599999
v 4.200001 4.600001 -10.200000
v 4.200001 6.800002 -10.500001
v 4.200001 6.800002 -10.200000
v 4.500001 6.800001 -10.500001
v 4.500001 6.800001 -10.200000
v 4.200001 6.900002 -10.500001
v 4.200001 6.900002 -10.200000
v 4.500001 6.900002 -10.500001
v 4.500001 6.900002 -10.200000
v 4.200001 6.800002 -10.599999
v 4.500001 6.800001 -10.599999
v 4.200001 6.900002 -10.599999
v 4.500001 6.900002 -10.599999
v 4.600000 6.800002 -10.500001
v 4.600000 6.800002 -10.200000
v 4.600000 6.900002 -10.200000
v 4.500001 6.800001 -10.099999
v 4.200001 6.800002 -10.099999
v 4.500001 6.900002 -10.099999
v 4.200001 6.900002 -10.099999
v 4.100000 6.800002 -10.500001
v 4.100000 6.800002 -10.200000
v 4.200001 7.000002 -10.099999
v 4.100000 6.900002 -10.200000
v 4.100000 6.900002 -10.099999
v 4.100000 7.000002 -10.099999
v 4.600000 7.000002 -10.099999
v 4.600000 6.900002 -10.099999
v 4.600000 7.000002 -10.200000
v 4.600000 6.900002 -10.599999
v 4.600000 6.900002 -10.500001
v 4.100000 6.900002 -10.599999
v 4.100000 6.900002 -10.500001
v 4.000001 6.900002 -10.500001
v 4.000001 6.900002 -10.200000
v 4.000001 7.000002 -10.500001
v 4.500001 7.000002 -10.000001
v 4.500001 6.900002 -10.000001
v 4.200001 6.900002 -10.000001
v 4.200001 7.000002 -10.000001
v 4.700001 6.900002 -10.500001
v 4.700001 6.900002 -10.200000
v 4.700001 7.000002 -10.200000
v 4.200001 7.000002 -10.700000
v 4.200001 6.900002 -10.700000
v 4.500001 6.900002 -10.700000
v 4.000001 7.000002 -10.200000
v 4.200001 7.000002 -10.599999
v 4.500001 7.000002 -10.599999
v 4.500001 7.000002 -10.099999
v 4.100000 7.000002 -10.500001
v 4.100000 7.000002 -10.200000
v 4.600000 7.000002 -10.599999
v 4.600000 7.000002 -10.500001
v 4.100000 7.000002 -10.599999
v 4.700001 7.000002 -10.500001
v 4.500001 7.000002 -10.700000
v -4.200000 2.100002 -10.500001
v -4.199999 4.600002 -10.500001
v -4.599998 2.100001 -10.500001
v -4.599998 4.600001 -10.500001
v -4.299998 2.100002 -10.200000
v -4.299999 4.600001 -10.200000
v -4.599998 2.100001 -10.200000
v -4.200000 2.100002 -10.200000
v -4.199999 4.600002 -10.200000
v -4.299998 2.100002 -10.500001
v -4.299999 4.600001 -10.500001
v -4.599998 2.100001 -10.099999
v -4.299998 2.100002 -10.099999
v -4.299999 4.600001 -10.099999
v -4.599998 4.600001 -10.099999
v -4.699999 4.600002 -10.500001
v -4.699999 4.600002 -10.200000
v -4.699999 2.100002 -10.200000
v -4.699999 2.100002 -10.500001
v -4.599998 4.600001 -10.599999
v -4.299999 4.600001 -10.599999
v -4.299998 2.100002 -10.599999
v -4.599998 2.100001 -10.599999
v -4.599998 4.600001 -10.200000
v -4.599999 6.800002 -10.500001
v -4.599999 6.800002 -10.200000
v -4.299999 6.800002 -10.500001
v -4.299999 6.800002 -10.200000
v -4.599998 6.900002 -10.500001
v -4.599998 6.900002 -10.200000
v -4.299998 6.900001 -10.500001
v -4.299998 6.900001 -10.200000
v -4.599999 6.800002 -10.599999
v -4.299999 6.800002 -10.599999
v -4.599998 6.900002 -10.599999
v -4.299998 6.900001 -10.599999
v -4.199999 6.800002 -10.500001
v -4.199999 6.800002 -10.200000
v -4.200000 6.900002 -10.200000
v -4.299999 6.800002 -10.099999
v -4.599999 6.800002 -10.099999
v -4.299998 6.900001 -10.099999
v -4.599998 6.900002 -10.099999
v -4.699999 6.800002 -10.500001
v -4.699999 6.800002 -10.200000
v -4.599998 7.000002 -10.099999
v -4.699999 6.900002 -10.200000
v -4.699999 6.900002 -10.099999
v -4.699999 7.000002 -10.099999
v -4.200000 7.000002 -10.099999
v -4.200000 6.900002 -10.099999
v -4.200000 7.000002 -10.200000
v -4.200000 6.900002 -10.599999
v -4.200000 6.900002 -10.500001
v -4.699999 6.900002 -10.599999
v -4.699999 6.900002 -10.500001
v -4.799998 6.900002 -10.500001
v -4.799998 6.900002 -10.200000
v -4.799998 7.000002 -10.500001
v -4.299998 7.000002 -10.000001
v -4.299998 6.900001 -10.000001
v -4.599998 6.900002 -10.000001
v -4.599998 7.000002 -10.000001
v -4.099998 6.900002 -10.500001
v -4.099998 6.900002 -10.200000
v -4.099999 7.000002 -10.200000
v -4.599998 7.000002 -10.700000
v -4.599998 6.900002 -10.700000
v -4.299998 6.900001 -10.700000
v -4.799998 7.000002 -10.200000
v -4.599998 7.000002 -10.599999
v -4.299998 7.000002 -10.599999
v -4.299998 7.000002 -10.099999
v -4.699999 7.000002 -10.500001
v -4.699999 7.000002 -10.200000
v -4.200000 7.000002 -10.599999
v -4.200000 7.000002 -10.500001
v -4.699999 7.000002 -10.599999
v -4.099999 7.000002 -10.500001
v -4.299998 7.000002 -10.700000
v 0.200000 2.100001 -10.500001
v 0.200000 4.600002 -10.500001
v -0.199999 2.100002 -10.500001
v -0.200000 4.600002 -10.500001
v 0.100000 2.100001 -10.200000
v 0.100000 4.600002 -10.200000
v -0.199999 2.100002 -10.200000
v 0.200000 2.100001 -10.200000
v 0.200000 4.600002 -10.200000
v 0.100000 2.100001 -10.500001
v 0.100000 4.600002 -10.500001
v -0.199999 2.100002 -10.099999
v 0.100000 2.100001 -10.099999
v 0.100000 4.600002 -10.099999
v -0.200000 4.600002 -10.099999
v -0.299999 4.600002 -10.500001
v -0.299999 4.600002 -10.200000
v -0.300000 2.100001 -10.200000
v -0.300000 2.100001 -10.500001
v -0.200000 4.600002 -10.599999
v 0.100000 4.600002 -10.599999
v 0.100000 2.100001 -10.599999
v -0.199999 2.100002 -10.599999
v -0.200000 4.600002 -10.200000
v -0.199999 6.800002 -10.500001
v -0.199999 6.800002 -10.200000
v 0.100001 6.800001 -10.500001
v 0.100001 6.800001 -10.200000
v -0.199999 6.900002 -10.500001
v -0.199999 6.900002 -10.200000
v 0.100000 6.900002 -10.500001
v 0.100000 6.900002 -10.200000
v -0.199999 6.800002 -10.599999
v 0.100001 6.800001 -10.599999
v -0.199999 6.900002 -10.599999
v 0.100000 6.900002 -10.599999
v 0.200001 6.800002 -10.500001
v 0.200001 6.800002 -10.200000
v 0.200001 6.900002 -10.200000
v 0.100001 6.800001 -10.099999
v -0.199999 6.800002 -10.099999
v 0.100000 6.900002 -10.099999
v -0.199999 6.900002 -10.099999
v -0.299999 6.800002 -10.500001
v -0.299999 6.800002 -10.200000
v -0.199999 7.000002 -10.099999
v -0.299999 6.900002 -10.200000
v -0.299999 6.900002 -10.099999
v -0.299999 7.000002 -10.099999
v 0.200001 7.000001 -10.099999
v 0.200001 6.900002 -10.099999
v 0.200001 7.000001 -10.200000
v 0.200001 6.900002 -10.599999
v 0.200001 6.900002 -10.500001
v -0.299999 6.900002 -10.599999
v -0.299999 6.900002 -10.500001
v -0.399999 6.900002 -10.500001
v -0.399999 6.900002 -10.200000
v -0.399999 7.000002 -10.500001
v 0.100001 7.000002 -10.000001
v 0.100000 6.900002 -10.000001
v -0.199999 6.900002 -10.000001
v -0.199999 7.000002 -10.000001
v 0.300001 6.900002 -10.500001
v 0.300001 6.900002 -10.200000
v 0.300000 7.000002 -10.200000
v -0.199999 7.000002 -10.700000
v -0.199999 6.900002 -10.700000
v 0.100000 6.900002 -10.700000
v -0.399999 7.000002 -10.200000
v -0.199999 7.000002 -10.599999
v 0.100001 7.000002 -10.599999
v 0.100001 7.000002 -10.099999
v -0.299999 7.000002 -10.500001
v -0.299999 7.000002 -10.200000
v 0.200001 7.000001 -10.599999
v 0.200001 7.000001 -10.500001
v -0.299999 7.000002 -10.599999
v 0.300000 7.000002 -10.500001
v 0.100001 7.000002 -10.700000
v -8.599998 2.100001 -10.500001
v -8.599998 4.600001 -10.500001
v -8.999998 2.100002 -10.500001
v -8.999998 4.600002 -10.500001
v -8.699999 2.100002 -10.200000
v -8.699997 4.600002 -10.200000
v -8.999998 2.100002 -10.200000
v -8.599998 2.100001 -10.200000
v -8.599998 4.600001 -10.200000
v -8.699999 2.100002 -10.500001
v -8.699997 4.600002 -10.500001
v -8.999998 2.100002 -10.099999
v -8.699999 2.100002 -10.099999
v -8.699997 4.600002 -10.099999
v -8.999998 4.600002 -10.099999
v -9.099998 4.600002 -10.500001
v -9.099998 4.600002 -10.200000
v -9.099998 2.100001 -10.200000
v -9.099998 2.100001 -10.500001
v -8.999998 4.600002 -10.599999
v -8.699997 4.600002 -10.599999
v -8.699999 2.100002 -10.599999
v -8.999998 2.100002 -10.599999
v -8.999998 4.600002 -10.200000
v -9.000000 6.800001 -10.500001
v -9.000000 6.800001 -10.200000
v -8.699999 6.800003 -10.500001
v -8.699999 6.800003 -10.200000
v -9.000000 6.900002 -10.500001
v -9.000000 6.900002 -10.200000
v -8.699999 6.900001 -10.500001
v -8.699999 6.900001 -10.200000
v -9.000000 6.800001 -10.599999
v -8.699999 6.800003 -10.599999
v -9.000000 6.900002 -10.599999
v -8.699999 6.900001 -10.599999
v -8.599998 6.800002 -10.500001
v -8.599998 6.800002 -10.200000
v -8.599998 6.900002 -10.200000
v -8.699999 6.800003 -10.099999
v -9.000000 6.800001 -10.099999
v -8.699999 6.900001 -10.099999
v -9.000000 6.900002 -10.099999
v -9.099998 6.800002 -10.500001
v -9.099998 6.800002 -10.200000
v -9.000000 7.000002 -10.099999
v -9.099998 6.900002 -10.200000
v -9.099998 6.900002 -10.099999
v -9.099998 7.000001 -10.099999
v -8.599998 7.000001 -10.099999
v -8.599998 6.900002 -10.099999
v -8.599998 7.000001 -10.200000
v -8.599998 6.900002 -10.599999
v -8.599998 6.900002 -10.500001
v -9.099998 6.900002 -10.599999
v -9.099998 6.900002 -10.500001
v -9.199999 6.900002 -10.500001
v -9.199999 6.900002 -10.200000
v -9.199999 7.000001 -10.500001
v -8.699997 7.000001 -10.000001
v -8.699999 6.900001 -10.000001
v -9.000000 6.900002 -10.000001
v -9.000000 7.000002 -10.000001
v -8.500000 6.900002 -10.500001
v -8.500000 6.900002 -10.200000
v -8.500000 7.000002 -10.200000
v -9.000000 7.000002 -10.700000
v -9.000000 6.900002 -10.700000
v -8.699999 6.900001 -10.700000
v -9.199999 7.000001 -10.200000
v -9.000000 7.000002 -10.599999
v -8.699997 7.000001 -10.599999
v -8.699997 7.000001 -10.099999
v -9.099998 7.000001 -10.500001
v -9.099998 7.000001 -10.200000
v -8.599998 7.000001 -10.599999
v -8.599998 7.000001 -10.500001
v -9.099998 7.000001 -10.599999
v -8.500000 7.000002 -10.500001
v -8.699997 7.000001 -10.700000
v 8.600001 5.100001 0.800000
v 8.600001 5.200002 0.800000
v 9.000001 5.100001 0.800000
v 9.000001 5.200002 0.800000
v 8.900002 5.100001 0.500000
v 8.900002 5.200002 0.500000
v 8.600001 5.100001 0.500000
v 8.600001 5.200002 0.500000
v 9.000001 5.100001 0.500000
v 9.000001 5.200002 0.500000
v 8.900002 5.100001 0.800000
v 8.900002 5.200002 0.800000
v 8.900002 5.100001 0.400000
v 8.600001 5.200002 0.400000
v 8.600001 5.100001 0.400000
v 8.500001 5.100001 0.800000
v 8.500001 5.200002 0.800000
v 8.500001 5.200002 0.500000
v 8.500001 5.100001 0.500000
v 8.600001 5.100001 0.900000
v 8.900002 5.100001 0.900000
v 8.500001 5.500002 0.400000
v 8.500001 5.200002 0.400000
v 8.900002 5.200002 0.400000
v 9.000001 5.200002 0.400000
v 9.000001 5.500002 0.400000
v 9.000001 5.200002 0.900000
v 8.900002 5.200002 0.900000
v 9.000001 5.500002 0.900000
v 8.500001 5.200002 0.900000
v 8.500001 5.500002 0.900000
v 8.600001 5.200002 0.900000
v 9.000001 5.700002 0.400100
v 8.500001 5.700002 0.400100
v 9.000001 5.700002 0.900100
v 8.500001 5.700002 0.900100
v 9.000001 5.500002 1.000000
v 8.500001 5.500002 1.000000
v 9.000001 5.700002 1.000100
v 8.500001 5.700002 1.000100
v 8.400002 5.500002 0.400000
v 8.400002 5.500002 0.900000
v 8.400002 5.700002 0.400100
v 8.400002 5.700002 0.900100
v 9.000001 5.500002 0.300000
v 8.500001 5.500002 0.300000
v 8.900002 5.700402 0.300099
v 8.600001 5.700002 0.300099
v 8.500001 5.700002 0.300099
v 9.100001 5.500002 0.400000
v 9.100001 5.500002 0.900000
v 9.100001 5.700002 0.400100
v 9.100001 5.700002 0.900100
v 8.400002 5.700002 0.700000
v 8.400002 5.800001 0.700000
v 8.500001 5.700002 0.900000
v 8.500001 5.800001 0.900000
v 8.600001 5.800001 0.800000
v 8.600001 5.900002 0.800000
v 8.500001 5.700002 0.700000
v 8.500001 5.800001 0.700000
v 8.900002 5.800001 0.800000
v 8.400002 5.700002 0.500000
v 8.400002 5.800001 0.500000
v 8.500001 5.700002 0.500000
v 8.600001 5.700002 0.400000
v 8.500001 5.800001 0.500000
v 8.600001 5.800001 0.400000
v 8.600001 5.900002 0.400000
v 8.500001 5.700002 0.400000
v 8.500001 5.800001 0.400000
v 8.600001 5.800001 0.300000
v 9.100001 5.200002 0.700000
v 9.100001 5.300002 0.700000
v 9.100001 5.200002 0.599999
v 9.100001 5.300002 0.599999
v 9.100001 5.500002 0.700000
v 9.100001 5.500002 0.599999
v 9.200001 5.200002 0.700000
v 9.200001 5.300002 0.700000
v 9.200001 5.200002 0.599999
v 9.200001 5.300002 0.599999
v 9.200001 5.500002 0.700000
v 9.200001 5.500002 0.599999
v 9.000001 5.700002 0.900000
v 9.000001 5.700002 0.800000
v 8.900002 5.900002 0.800000
v 9.000001 5.800001 0.900000
v 8.900002 5.900002 0.700000
v 8.900002 5.800001 0.700000
v 9.100001 5.700002 0.800000
v 9.000001 5.800001 0.800000
v 9.100001 5.800001 0.800000
v 9.100001 5.700002 0.700000
v 9.000001 5.800001 0.700000
v 9.000001 5.900002 0.700000
v 9.100001 5.800001 0.700000
v 9.200001 5.800001 0.700000
v 9.100001 5.300002 0.500000
v 9.100001 5.400002 0.500000
v 9.100001 5.400002 0.400000
v 9.200001 5.300002 0.500000
v 9.200001 5.400002 0.500000
v 9.200001 5.400002 0.400000
v 9.000001 5.700002 0.400000
v 9.000001 5.900002 0.400000
v 9.000001 5.700002 0.300000
v 9.000001 5.800001 0.300000
v 9.100001 5.700002 0.500000
v 9.000001 5.800001 0.400000
v 9.100001 5.800001 0.500000
v 9.100001 5.700002 0.400000
v 9.100001 5.800001 0.400000
v 9.200001 5.700002 0.500000
v 9.200001 5.800001 0.500000
v 9.200001 5.700002 0.400000
v 8.600001 5.100001 -3.600000
v 8.600001 5.200002 -3.600000
v 9.000001 5.100001 -3.600000
v 9.000001 5.200002 -3.600000
v 8.900002 5.100001 -3.900000
v 8.900002 5.200002 -3.900000
v 8.600001 5.100001 -3.900000
v 8.600001 5.200002 -3.900000
v 9.000001 5.100001 -3.900000
v 9.000001 5.200002 -3.900000
v 8.900002 5.100001 -3.600000
v 8.900002 5.200002 -3.600000
v 8.900002 5.100001 -4.000000
v 8.600001 5.200002 -4.000000
v 8.600001 5.100001 -4.000000
v 8.500001 5.100001 -3.600000
v 8.500001 5.200002 -3.600000
v 8.500001 5.200002 -3.900000
v 8.500001 5.100001 -3.900000
v 8.600001 5.100001 -3.500000
v 8.900002 5.100001 -3.500000
v 8.500001 5.500002 -4.000000
v 8.500001 5.200002 -4.000000
v 8.900002 5.200002 -4.000000
v 9.000001 5.200002 -4.000000
v 9.000001 5.500002 -4.000000
v 9.000001 5.200002 -3.500000
v 8.900002 5.200002 -3.500000
v 9.000001 5.500002 -3.500000
v 8.500001 5.200002 -3.500000
v 8.500001 5.500002 -3.500000
v 8.600001 5.200002 -3.500000
v 9.000001 5.700002 -3.999900
v 8.500001 5.700002 -3.999900
v 9.000001 5.700002 -3.499900
v 8.500001 5.700002 -3.499900
v 9.000001 5.500002 -3.400000
v 8.500001 5.500002 -3.400000
v 9.000001 5.700002 -3.399900
v 8.500001 5.700002 -3.399900
v 8.400002 5.500002 -4.000000
v 8.400002 5.500002 -3.500000
v 8.400002 5.700002 -3.999900
v 8.400002 5.700002 -3.499900
v 9.000001 5.500002 -4.100000
v 8.500001 5.500002 -4.100000
v 8.900002 5.700402 -4.099901
v 8.600001 5.700002 -4.099901
v 8.500001 5.700002 -4.099901
v 9.100001 5.500002 -4.000000
v 9.100001 5.500002 -3.500000
v 9.100001 5.700002 -3.999900
v 9.100001 5.700002 -3.499900
v 8.400002 5.700002 -3.700000
v 8.400002 5.800001 -3.700000
v 8.500001 5.700002 -3.500000
v 8.500001 5.800001 -3.500000
v 8.600001 5.800001 -3.600000
v 8.600001 5.900002 -3.600000
v 8.500001 5.700002 -3.700000
v 8.500001 5.800001 -3.700000
v 8.900002 5.800001 -3.600000
v 8.400002 5.700002 -3.900000
v 8.400002 5.800001 -3.900000
v 8.500001 5.700002 -3.900000
v 8.600001 5.700002 -4.000000
v 8.500001 5.800001 -3.900000
v 8.600001 5.800001 -4.000000
v 8.600001 5.900002 -4.000000
v 8.500001 5.700002 -4.000000
v 8.500001 5.800001 -4.000000
v 8.600001 5.800001 -4.100000
v 9.100001 5.200002 -3.700000
v 9.100001 5.300002 -3.700000
v 9.100001 5.200002 -3.800001
v 9.100001 5.300002 -3.800001
v 9.100001 5.500002 -3.700000
v 9.100001 5.500002 -3.800001
v 9.200001 5.200002 -3.700000
v 9.200001 5.300002 -3.700000
v 9.200001 5.200002 -3.800001
v 9.200001 5.300002 -3.800001
v 9.200001 5.500002 -3.700000
v 9.200001 5.500002 -3.800001
v 9.000001 5.700002 -3.500000
v 9.000001 5.700002 -3.600000
v 8.900002 5.900002 -3.600000
v 9.000001 5.800001 -3.500000
v 8.900002 5.900002 -3.700000
v 8.900002 5.800001 -3.700000
v 9.100001 5.700002 -3.600000
v 9.000001 5.800001 -3.600000
v 9.100001 5.800001 -3.600000
v 9.100001 5.700002 -3.700000
v 9.000001 5.800001 -3.700000
v 9.000001 5.900002 -3.700000
v 9.100001 5.800001 -3.700000
v 9.200001 5.800001 -3.700000
v 9.100001 5.300002 -3.900000
v 9.100001 5.400002 -3.900000
v 9.100001 5.400002 -4.000000
v 9.200001 5.300002 -3.900000
v 9.200001 5.400002 -3.900000
v 9.200001 5.400002 -4.000000
v 9.000001 5.700002 -4.000000
v 9.000001 5.900002 -4.000000
v 9.000001 5.700002 -4.100000
v 9.000001 5.800001 -4.100000
v 9.100001 5.700002 -3.900000
v 9.000001 5.800001 -4.000000
v 9.100001 5.800001 -3.900000
v 9.100001 5.700002 -4.000000
v 9.100001 5.800001 -4.000000
v 9.200001 5.700002 -3.900000
v 9.200001 5.800001 -3.900000
v 9.200001 5.700002 -4.000000
v 8.600001 5.100001 -8.000000
v 8.600001 5.200002 -8.000000
v 9.000001 5.100001 -8.000000
v 9.000001 5.200002 -8.000000
v 8.900002 5.100001 -8.300000
v 8.900002 5.200002 -8.300000
v 8.600001 5.100001 -8.300000
v 8.600001 5.200002 -8.300000
v 9.000001 5.100001 -8.300000
v 9.000001 5.200002 -8.300000
v 8.900002 5.100001 -8.000000
v 8.900002 5.200002 -8.000000
v 8.900002 5.100001 -8.400001
v 8.600001 5.200002 -8.400001
v 8.600001 5.100001 -8.400001
v 8.500001 5.100001 -8.000000
v 8.500001 5.200002 -8.000000
v 8.500001 5.200002 -8.300000
v 8.500001 5.100001 -8.300000
v 8.600001 5.100001 -7.900001
v 8.900002 5.100001 -7.900001
v 8.500001 5.500002 -8.400001
v 8.500001 5.200002 -8.400001
v 8.900002 5.200002 -8.400001
v 9.000001 5.200002 -8.400001
v 9.000001 5.500002 -8.400001
v 9.000001 5.200002 -7.900001
v 8.900002 5.200002 -7.900001
v 9.000001 5.500002 -7.900001
v 8.500001 5.200002 -7.900001
v 8.500001 5.500002 -7.900001
v 8.600001 5.200002 -7.900001
v 9.000001 5.700002 -8.399900
v 8.500001 5.700002 -8.399900
v 9.000001 5.700002 -7.899900
v 8.500001 5.700002 -7.899900
v 9.000001 5.500002 -7.800000
v 8.500001 5.500002 -7.800000
v 9.000001 5.700002 -7.799900
v 8.500001 5.700002 -7.799900
v 8.400002 5.500002 -8.400001
v 8.400002 5.500002 -7.900001
v 8.400002 5.700002 -8.399900
v 8.400002 5.700002 -7.899900
v 9.000001 5.500002 -8.500000
v 8.500001 5.500002 -8.500000
v 8.900002 5.700402 -8.499901
v 8.600001 5.700002 -8.499901
v 8.500001 5.700002 -8.499901
v 9.100001 5.500002 -8.400001
v 9.100001 5.500002 -7.900001
v 9.100001 5.700002 -8.399900
v 9.100001 5.700002 -7.899900
v 8.400002 5.700002 -8.100000
v 8.400002 5.800001 -8.100000
v 8.500001 5.700002 -7.900001
v 8.500001 5.800001 -7.900001
v 8.600001 5.800001 -8.000000
v 8.600001 5.900002 -8.000000
v 8.500001 5.700002 -8.100000
v 8.500001 5.800001 -8.100000
v 8.900002 5.800001 -8.000000
v 8.400002 5.700002 -8.300000
v 8.400002 5.800001 -8.300000
v 8.500001 5.700002 -8.300000
v 8.600001 5.700002 -8.400001
v 8.500001 5.800001 -8.300000
v 8.600001 5.800001 -8.400001
v 8.600001 5.900002 -8.400001
v 8.500001 5.700002 -8.400001
v 8.500001 5.800001 -8.400001
v 8.600001 5.800001 -8.500000
v 9.100001 5.200002 -8.100000
v 9.100001 5.300002 -8.100000
v 9.100001 5.200002 -8.200001
v 9.100001 5.300002 -8.200001
v 9.100001 5.500002 -8.100000
v 9.100001 5.500002 -8.200001
v 9.200001 5.200002 -8.100000
v 9.200001 5.300002 -8.100000
v 9.200001 5.200002 -8.200001
v 9.200001 5.300002 -8.200001
v 9.200001 5.500002 -8.100000
v 9.200001 5.500002 -8.200001
v 9.000001 5.700002 -7.900001
v 9.000001 5.700002 -8.000000
v 8.900002 5.900002 -8.000000
v 9.000001 5.800001 -7.900001
v 8.900002 5.900002 -8.100000
v 8.900002 5.800001 -8.100000
v 9.100001 5.700002 -8.000000
v 9.000001 5.800001 -8.000000
v 9.100001 5.800001 -8.000000
v 9.100001 5.700002 -8.100000
v 9.000001 5.800001 -8.100000
v 9.000001 5.900002 -8.100000
v 9.100001 5.800001 -8.100000
v 9.200001 5.800001 -8.100000
v 9.100001 5.300002 -8.300000
v 9.100001 5.400002 -8.300000
v 9.100001 5.400002 -8.400001
v 9.200001 5.300002 -8.300000
v 9.200001 5.400002 -8.300000
v 9.200001 5.400002 -8.400001
v 9.000001 5.700002 -8.400001
v 9.000001 5.900002 -8.400001
v 9.000001 5.700002 -8.500000
v 9.000001 5.800001 -8.500000
v 9.100001 5.700002 -8.300000
v 9.000001 5.800001 -8.400001
v 9.100001 5.800001 -8.300000
v 9.100001 5.700002 -8.400001
v 9.100001 5.800001 -8.400001
v 9.200001 5.700002 -8.300000
v 9.200001 5.800001 -8.300000
v 9.200001 5.700002 -8.400001
v 6.700003 5.100001 -10.200002
v 6.700003 5.200002 -10.200002
v 6.700003 5.100001 -10.600001
v 6.700003 5.200002 -10.600001
v 6.400003 5.100001 -10.500002
v 6.400003 5.200001 -10.500002
v 6.400003 5.100001 -10.200002
v 6.400003 5.200001 -10.200002
v 6.400003 5.100001 -10.600001
v 6.400003 5.200002 -10.600001
v 6.700003 5.100001 -10.500002
v 6.700003 5.200002 -10.500002
v 6.300003 5.100002 -10.500002
v 6.300003 5.200002 -10.200002
v 6.300003 5.100002 -10.200002
v 6.700003 5.100001 -10.100001
v 6.700003 5.200002 -10.100001
v 6.400002 5.200002 -10.100001
v 6.400002 5.100001 -10.100001
v 6.800002 5.100001 -10.200002
v 6.800003 5.100001 -10.500002
v 6.300003 5.500002 -10.100001
v 6.300003 5.200002 -10.100001
v 6.300003 5.200002 -10.500002
v 6.300003 5.200002 -10.600001
v 6.300003 5.500002 -10.600001
v 6.800003 5.200002 -10.600001
v 6.800003 5.200002 -10.500002
v 6.800003 5.500002 -10.600001
v 6.800002 5.200002 -10.100001
v 6.800002 5.500002 -10.100001
v 6.800002 5.200002 -10.200002
v 6.300103 5.700002 -10.600001
v 6.300103 5.700002 -10.100001
v 6.800103 5.700002 -10.600001
v 6.800103 5.700002 -10.100001
v 6.900002 5.500002 -10.600001
v 6.900002 5.500002 -10.100001
v 6.900103 5.700002 -10.600001
v 6.900103 5.700002 -10.100001
v 6.300003 5.500002 -10.000002
v 6.800002 5.500002 -10.000002
v 6.300103 5.700002 -10.000002
v 6.800103 5.700002 -10.000002
v 6.200003 5.500002 -10.600001
v 6.200003 5.500002 -10.100001
v 6.200102 5.700402 -10.500002
v 6.200102 5.700002 -10.200002
v 6.200102 5.700002 -10.100001
v 6.300003 5.500002 -10.700002
v 6.800003 5.500002 -10.700002
v 6.300103 5.700002 -10.700002
v 6.800103 5.700002 -10.700002
v 6.600002 5.700002 -10.000002
v 6.600003 5.800002 -10.000002
v 6.800002 5.700002 -10.100001
v 6.800003 5.800002 -10.100001
v 6.700003 5.800001 -10.200002
v 6.700003 5.900002 -10.200002
v 6.600002 5.700002 -10.100001
v 6.600003 5.800001 -10.100001
v 6.700003 5.800001 -10.500002
v 6.400002 5.700002 -10.000002
v 6.400003 5.800002 -10.000002
v 6.400003 5.700002 -10.100001
v 6.300003 5.700002 -10.200002
v 6.400003 5.800001 -10.100001
v 6.300003 5.800002 -10.200002
v 6.300003 5.900002 -10.200002
v 6.300003 5.700002 -10.100001
v 6.300003 5.800002 -10.100001
v 6.200003 5.800001 -10.200002
v 6.600003 5.200002 -10.700002
v 6.600003 5.300002 -10.700002
v 6.500002 5.200002 -10.700002
v 6.500002 5.300002 -10.700002
v 6.600003 5.500002 -10.700002
v 6.500002 5.500002 -10.700002
v 6.600003 5.200002 -10.800001
v 6.600003 5.300002 -10.800001
v 6.500002 5.200002 -10.800001
v 6.500002 5.300002 -10.800001
v 6.600003 5.500002 -10.800001
v 6.500002 5.500002 -10.800001
v 6.800003 5.700002 -10.600001
v 6.700003 5.700002 -10.600001
v 6.700003 5.900002 -10.500002
v 6.800003 5.800001 -10.600001
v 6.600003 5.900001 -10.500002
v 6.600003 5.800001 -10.500002
v 6.700003 5.700002 -10.700002
v 6.700003 5.800001 -10.600001
v 6.700003 5.800001 -10.700002
v 6.600003 5.700002 -10.700002
v 6.600003 5.800001 -10.600001
v 6.600003 5.900001 -10.600001
v 6.600003 5.800001 -10.700002
v 6.600003 5.800001 -10.800001
v 6.400003 5.300002 -10.700002
v 6.400003 5.400002 -10.700002
v 6.300003 5.400002 -10.700002
v 6.400003 5.300002 -10.800001
v 6.400003 5.400002 -10.800001
v 6.300003 5.400002 -10.800001
v 6.300003 5.700002 -10.600001
v 6.300003 5.900002 -10.600001
v 6.200003 5.700002 -10.600001
v 6.200003 5.800001 -10.600001
v 6.400003 5.700002 -10.700002
v 6.300003 5.800002 -10.600001
v 6.400003 5.800001 -10.700002
v 6.300003 5.700002 -10.700002
v 6.300003 5.800002 -10.700002
v 6.400003 5.700002 -10.800001
v 6.400003 5.800001 -10.800001
v 6.300003 5.700002 -10.800001
v 2.300003 5.100001 -10.200002
v 2.300003 5.200001 -10.200002
v 2.300003 5.100001 -10.600001
v 2.300003 5.200001 -10.600001
v 2.000003 5.100001 -10.500002
v 2.000003 5.200002 -10.500002
v 2.000003 5.100001 -10.200002
v 2.000003 5.200002 -10.200002
v 2.000003 5.100001 -10.600001
v 2.000003 5.200002 -10.600001
v 2.300003 5.100001 -10.500002
v 2.300003 5.200001 -10.500002
v 1.900002 5.100001 -10.500002
v 1.900002 5.200001 -10.200002
v 1.900002 5.100001 -10.200002
v 2.300003 5.100001 -10.100001
v 2.300003 5.200001 -10.100001
v 2.000003 5.200002 -10.100001
v 2.000003 5.100001 -10.100001
v 2.400002 5.100001 -10.200002
v 2.400002 5.100001 -10.500002
v 1.900002 5.500001 -10.100001
v 1.900002 5.200001 -10.100001
v 1.900002 5.200001 -10.500002
v 1.900002 5.200001 -10.600001
v 1.900002 5.500001 -10.600001
v 2.400002 5.200002 -10.600001
v 2.400002 5.200002 -10.500002
v 2.400002 5.500001 -10.600001
v 2.400002 5.200002 -10.100001
v 2.400002 5.500001 -10.100001
v 2.400002 5.200002 -10.200002
v 1.900103 5.700001 -10.600001
v 1.900103 5.700001 -10.100001
v 2.400103 5.700001 -10.600001
v 2.400103 5.700001 -10.100001
v 2.500003 5.500001 -10.600001
v 2.500003 5.500001 -10.100001
v 2.500103 5.700001 -10.600001
v 2.500103 5.700001 -10.100001
v 1.900002 5.500001 -10.000002
v 2.400002 5.500001 -10.000002
v 1.900103 5.700001 -10.000002
v 2.400103 5.700001 -10.000002
v 1.800003 5.500002 -10.600001
v 1.800003 5.500002 -10.100001
v 1.800102 5.700401 -10.500002
v 1.800102 5.700001 -10.200002
v 1.800102 5.700001 -10.100001
v 1.900002 5.500001 -10.700002
v 2.400002 5.500001 -10.700002
v 1.900103 5.700001 -10.700002
v 2.400103 5.700001 -10.700002
v 2.200003 5.700001 -10.000002
v 2.200003 5.800001 -10.000002
v 2.400002 5.700001 -10.100001
v 2.400002 5.800001 -10.100001
v 2.300003 5.800001 -10.200002
v 2.300003 5.900001 -10.200002
v 2.200003 5.700001 -10.100001
v 2.200003 5.800001 -10.100001
v 2.300003 5.800001 -10.500002
v 2.000003 5.700002 -10.000002
v 2.000003 5.800001 -10.000002
v 2.000003 5.700002 -10.100001
v 1.900002 5.700001 -10.200002
v 2.000003 5.800001 -10.100001
v 1.900002 5.800002 -10.200002
v 1.900002 5.900001 -10.200002
v 1.900002 5.700001 -10.100001
v 1.900002 5.800002 -10.100001
v 1.800003 5.800001 -10.200002
v 2.200003 5.200002 -10.700002
v 2.200003 5.300001 -10.700002
v 2.100002 5.200002 -10.700002
v 2.100002 5.300001 -10.700002
v 2.200003 5.500002 -10.700002
v 2.100002 5.500001 -10.700002
v 2.200003 5.200002 -10.800001
v 2.200003 5.300001 -10.800001
v 2.100002 5.200002 -10.800001
v 2.100002 5.300001 -10.800001
v 2.200003 5.500002 -10.800001
v 2.100002 5.500001 -10.800001
v 2.400002 5.700001 -10.600001
v 2.300003 5.700001 -10.600001
v 2.300003 5.900001 -10.500002
v 2.400002 5.800001 -10.600001
v 2.200003 5.900001 -10.500002
v 2.200003 5.800001 -10.500002
v 2.300003 5.700001 -10.700002
v 2.300003 5.800001 -10.600001
v 2.300003 5.800001 -10.700002
v 2.200003 5.700001 -10.700002
v 2.200003 5.800001 -10.600001
v 2.200003 5.900001 -10.600001
v 2.200003 5.800001 -10.700002
v 2.200003 5.800001 -10.800001
v 2.000003 5.300001 -10.700002
v 2.000003 5.400001 -10.700002
v 1.900002 5.400002 -10.700002
v 2.000003 5.300001 -10.800001
v 2.000003 5.400001 -10.800001
v 1.900002 5.400002 -10.800001
v 1.900002 5.700001 -10.600001
v 1.900002 5.900001 -10.600001
v 1.800003 5.700001 -10.600001
v 1.800003 5.800001 -10.600001
v 2.000003 5.700002 -10.700002
v 1.900002 5.800002 -10.600001
v 2.000003 5.800001 -10.700002
v 1.900002 5.700001 -10.700002
v 1.900002 5.800002 -10.700002
v 2.000003 5.700001 -10.800001
v 2.000003 5.800001 -10.800001
v 1.900002 5.700001 -10.800001
v -6.499996 5.100002 -10.200002
v -6.499997 5.200001 -10.200002
v -6.499996 5.100002 -10.600001
v -6.499997 5.200001 -10.600001
v -6.799998 5.100002 -10.500002
v -6.799997 5.200002 -10.500002
v -6.799998 5.100002 -10.200002
v -6.799997 5.200002 -10.200002
v -6.799998 5.100002 -10.600001
v -6.799997 5.200002 -10.600001
v -6.499996 5.100002 -10.500002
v -6.499997 5.200001 -10.500002
v -6.899998 5.100002 -10.500002
v -6.899998 5.200001 -10.200002
v -6.899998 5.100002 -10.200002
v -6.499996 5.100002 -10.100001
v -6.499997 5.200001 -10.100001
v -6.799997 5.200002 -10.100001
v -6.799998 5.100002 -10.100001
v -6.399998 5.100002 -10.200002
v -6.399998 5.100002 -10.500002
v -6.899998 5.500003 -10.100001
v -6.899998 5.200001 -10.100001
v -6.899998 5.200001 -10.500002
v -6.899998 5.200001 -10.600001
v -6.899998 5.500003 -10.600001
v -6.399998 5.200001 -10.600001
v -6.399998 5.200001 -10.500002
v -6.399998 5.500003 -10.600001
v -6.399998 5.200001 -10.100001
v -6.399998 5.500003 -10.100001
v -6.399998 5.200001 -10.200002
v -6.899898 5.700002 -10.600001
v -6.899898 5.700002 -10.100001
v -6.399898 5.700002 -10.600001
v -6.399898 5.700002 -10.100001
v -6.299997 5.500002 -10.600001
v -6.299997 5.500002 -10.100001
v -6.299897 5.700003 -10.600001
v -6.299897 5.700003 -10.100001
v -6.899998 5.500003 -10.000002
v -6.399998 5.500003 -10.000002
v -6.899898 5.700002 -10.000002
v -6.399898 5.700002 -10.000002
v -6.999997 5.500002 -10.600001
v -6.999997 5.500002 -10.100001
v -6.999899 5.700402 -10.500002
v -6.999898 5.700003 -10.200002
v -6.999898 5.700003 -10.100001
v -6.899998 5.500003 -10.700002
v -6.399998 5.500003 -10.700002
v -6.899898 5.700002 -10.700002
v -6.399898 5.700002 -10.700002
v -6.599998 5.700002 -10.000002
v -6.599998 5.800003 -10.000002
v -6.399997 5.700002 -10.100001
v -6.399998 5.800001 -10.100001
v -6.499997 5.800002 -10.200002
v -6.499997 5.900002 -10.200002
v -6.599998 5.700002 -10.100001
v -6.599998 5.800003 -10.100001
v -6.499997 5.800002 -10.500002
v -6.799997 5.700001 -10.000002
v -6.799997 5.800002 -10.000002
v -6.799997 5.700001 -10.100001
v -6.899998 5.700002 -10.200002
v -6.799997 5.800002 -10.100001
v -6.899999 5.800001 -10.200002
v -6.899998 5.900002 -10.200002
v -6.899998 5.700002 -10.100001
v -6.899999 5.800001 -10.100001
v -6.999997 5.800002 -10.200002
v -6.599998 5.200002 -10.700002
v -6.599998 5.300001 -10.700002
v -6.699998 5.200002 -10.700002
v -6.699998 5.300002 -10.700002
v -6.599997 5.500002 -10.700002
v -6.699998 5.500001 -10.700002
v -6.599998 5.200002 -10.800001
v -6.599998 5.300001 -10.800001
v -6.699998 5.200002 -10.800001
v -6.699998 5.300002 -10.800001
v -6.599997 5.500002 -10.800001
v -6.699998 5.500001 -10.800001
v -6.399997 5.700002 -10.600001
v -6.499996 5.700003 -10.600001
v -6.499997 5.900002 -10.500002
v -6.399998 5.800001 -10.600001
v -6.599998 5.900001 -10.500002
v -6.599998 5.800003 -10.500002
v -6.499996 5.700003 -10.700002
v -6.499997 5.800002 -10.600001
v -6.499997 5.800002 -10.700002
v -6.599998 5.700002 -10.700002
v -6.599998 5.800003 -10.600001
v -6.599998 5.900001 -10.600001
v -6.599998 5.800003 -10.700002
v -6.599998 5.800003 -10.800001
v -6.799996 5.300003 -10.700002
v -6.799997 5.400002 -10.700002
v -6.899998 5.400003 -10.700002
v -6.799996 5.300003 -10.800001
v -6.799997 5.400002 -10.800001
v -6.899998 5.400003 -10.800001
v -6.899998 5.700002 -10.600001
v -6.899998 5.900002 -10.600001
v -6.999997 5.700003 -10.600001
v -6.999997 5.800001 -10.600001
v -6.799997 5.700001 -10.700002
v -6.899999 5.800001 -10.600001
v -6.799997 5.800002 -10.700002
v -6.899998 5.700002 -10.700002
v -6.899999 5.800001 -10.700002
v -6.799997 5.700001 -10.800001
v -6.799997 5.800002 -10.800001
v -6.899998 5.700002 -10.800001
v -2.099997 5.100001 -10.200002
v -2.099997 5.200001 -10.200002
v -2.099997 5.100001 -10.600001
v -2.099997 5.200001 -10.600001
v -2.399997 5.100002 -10.500002
v -2.399996 5.200001 -10.500002
v -2.399997 5.100002 -10.200002
v -2.399996 5.200001 -10.200002
v -2.399997 5.100002 -10.600001
v -2.399996 5.200001 -10.600001
v -2.099997 5.100001 -10.500002
v -2.099997 5.200001 -10.500002
v -2.499997 5.100001 -10.500002
v -2.499997 5.200002 -10.200002
v -2.499997 5.100001 -10.200002
v -2.099997 5.100001 -10.100001
v -2.099997 5.200001 -10.100001
v -2.399996 5.200001 -10.100001
v -2.399997 5.100002 -10.100001
v -1.999997 5.100002 -10.200002
v -1.999997 5.100002 -10.500002
v -2.499998 5.500002 -10.100001
v -2.499997 5.200002 -10.100001
v -2.499997 5.200002 -10.500002
v -2.499997 5.200002 -10.600001
v -2.499998 5.500002 -10.600001
v -1.999996 5.200001 -10.600001
v -1.999996 5.200001 -10.500002
v -1.999997 5.500001 -10.600001
v -1.999996 5.200001 -10.100001
v -1.999997 5.500001 -10.100001
v -1.999996 5.200001 -10.200002
v -2.499897 5.700001 -10.600001
v -2.499897 5.700001 -10.100001
v -1.999897 5.700001 -10.600001
v -1.999897 5.700001 -10.100001
v -1.899997 5.500001 -10.600001
v -1.899997 5.500001 -10.100001
v -1.899897 5.700001 -10.600001
v -1.899897 5.700001 -10.100001
v -2.499998 5.500002 -10.000002
v -1.999997 5.500001 -10.000002
v -2.499897 5.700001 -10.000002
v -1.999897 5.700001 -10.000002
v -2.599997 5.500001 -10.600001
v -2.599997 5.500001 -10.100001
v -2.599897 5.700402 -10.500002
v -2.599897 5.700001 -10.200002
v -2.599897 5.700001 -10.100001
v -2.499998 5.500002 -10.700002
v -1.999997 5.500001 -10.700002
v -2.499897 5.700001 -10.700002
v -1.999897 5.700001 -10.700002
v -2.199997 5.700001 -10.000002
v -2.199997 5.800002 -10.000002
v -1.999997 5.700001 -10.100001
v -1.999997 5.800002 -10.100001
v -2.099997 5.800002 -10.200002
v -2.099997 5.900002 -10.200002
v -2.199997 5.700001 -10.100001
v -2.199997 5.800002 -10.100001
v -2.099997 5.800002 -10.500002
v -2.399997 5.700001 -10.000002
v -2.399997 5.800002 -10.000002
v -2.399997 5.700001 -10.100001
v -2.499997 5.700001 -10.200002
v -2.399997 5.800002 -10.100001
v -2.499997 5.800002 -10.200002
v -2.499996 5.900001 -10.200002
v -2.499997 5.700001 -10.100001
v -2.499997 5.800002 -10.100001
v -2.599997 5.800002 -10.200002
v -2.199997 5.200002 -10.700002
v -2.199997 5.300002 -10.700002
v -2.299996 5.200001 -10.700002
v -2.299997 5.300001 -10.700002
v -2.199997 5.500001 -10.700002
v -2.299997 5.500001 -10.700002
v -2.199997 5.200002 -10.800001
v -2.199997 5.300002 -10.800001
v -2.299996 5.200001 -10.800001
v -2.299997 5.300001 -10.800001
v -2.199997 5.500001 -10.800001
v -2.299997 5.500001 -10.800001
v -1.999997 5.700001 -10.600001
v -2.099997 5.700001 -10.600001
v -2.099997 5.900002 -10.500002
v -1.999997 5.800002 -10.600001
v -2.199997 5.900001 -10.500002
v -2.199997 5.800002 -10.500002
v -2.099997 5.700001 -10.700002
v -2.099997 5.800002 -10.600001
v -2.099997 5.800002 -10.700002
v -2.199997 5.700001 -10.700002
v -2.199997 5.800002 -10.600001
v -2.199997 5.900001 -10.600001
v -2.199997 5.800002 -10.700002
v -2.199997 5.800002 -10.800001
v -2.399997 5.300001 -10.700002
v -2.399997 5.400002 -10.700002
v -2.499997 5.400002 -10.700002
v -2.399997 5.300001 -10.800001
v -2.399997 5.400002 -10.800001
v -2.499997 5.400002 -10.800001
v -2.499997 5.700001 -10.600001
v -2.499996 5.900001 -10.600001
v -2.599997 5.700001 -10.600001
v -2.599996 5.800001 -10.600001
v -2.399997 5.700001 -10.700002
v -2.499997 5.800002 -10.600001
v -2.399997 5.800002 -10.700002
v -2.499997 5.700001 -10.700002
v -2.499997 5.800002 -10.700002
v -2.399997 5.700001 -10.800001
v -2.399997 5.800002 -10.800001
v -2.499997 5.700001 -10.800001
v 6.851923 2.100001 8.720167
v 6.851923 2.200002 8.720167
v 7.081353 2.100002 8.392506
v 7.081353 2.200002 8.392506
v 6.778250 2.100002 8.302347
v 6.778250 2.200002 8.302347
v 6.606176 2.100001 8.548094
v 6.606177 2.200002 8.548094
v 6.835607 2.100001 8.220432
v 6.835607 2.200002 8.220432
v 7.023995 2.100002 8.474421
v 7.023995 2.200002 8.474421
v 6.696334 2.100001 8.244989
v 6.524261 2.200001 8.490736
v 6.524261 2.100001 8.490736
v 6.794564 2.100001 8.802082
v 6.794565 2.200001 8.802082
v 6.548819 2.200001 8.630009
v 6.548819 2.100002 8.630009
v 6.933837 2.100001 8.777523
v 7.105910 2.100001 8.531778
v 6.466904 2.500002 8.572651
v 6.466903 2.200001 8.572651
v 6.696334 2.200002 8.244989
v 6.753692 2.200001 8.163074
v 6.753692 2.500001 8.163074
v 7.163268 2.200002 8.449863
v 7.105910 2.200001 8.531778
v 7.163268 2.500001 8.449863
v 6.876479 2.200002 8.859440
v 6.876479 2.500002 8.859440
v 6.933837 2.200002 8.777523
v 6.753774 2.700001 8.163132
v 6.466986 2.700002 8.572708
v 7.163350 2.700001 8.449921
v 6.876561 2.700002 8.859497
v 7.245183 2.500002 8.507221
v 6.958395 2.500002 8.916798
v 7.245265 2.700001 8.507278
v 6.958477 2.700002 8.916855
v 6.409546 2.500002 8.654566
v 6.819122 2.500002 8.941355
v 6.409628 2.700002 8.654623
v 6.819204 2.700002 8.941412
v 6.671777 2.500002 8.105719
v 6.384989 2.500002 8.515293
v 6.614501 2.700402 8.187689
v 6.442428 2.700002 8.433435
v 6.385070 2.700002 8.515350
v 6.811049 2.500002 8.081160
v 7.220625 2.500002 8.367949
v 6.811131 2.700002 8.081217
v 7.220707 2.700001 8.368006
v 6.655292 2.700001 8.826639
v 6.655292 2.800002 8.826639
v 6.876479 2.700001 8.859440
v 6.876479 2.800002 8.859440
v 6.851923 2.800002 8.720167
v 6.851923 2.900001 8.720167
v 6.712649 2.700002 8.744724
v 6.712649 2.800001 8.744724
v 7.023995 2.800001 8.474421
v 6.491462 2.700002 8.711924
v 6.491462 2.800001 8.711924
v 6.548819 2.700001 8.630009
v 6.524261 2.700002 8.490736
v 6.548819 2.800002 8.630009
v 6.524261 2.800002 8.490736
v 6.524261 2.900002 8.490736
v 6.466903 2.700001 8.572651
v 6.466904 2.800001 8.572651
v 6.442347 2.800001 8.433378
v 7.056795 2.200001 8.253233
v 7.056795 2.300001 8.253233
v 6.974880 2.200001 8.195875
v 6.974880 2.300002 8.195875
v 7.056795 2.500002 8.253233
v 6.974880 2.500001 8.195875
v 7.114152 2.200002 8.171318
v 7.114153 2.300002 8.171318
v 7.032237 2.200002 8.113960
v 7.032237 2.300001 8.113960
v 7.114152 2.500001 8.171318
v 7.032237 2.500002 8.113960
v 7.163268 2.700002 8.449863
v 7.081353 2.700002 8.392506
v 7.023995 2.900001 8.474421
v 7.163268 2.800001 8.449863
v 6.942080 2.900001 8.417063
v 6.942080 2.800001 8.417063
v 7.138711 2.700002 8.310591
v 7.081353 2.800001 8.392506
v 7.138711 2.800001 8.310591
v 7.056795 2.700001 8.253233
v 6.999437 2.800001 8.335148
v 6.999437 2.900001 8.335148
v 7.056795 2.800001 8.253233
v 7.114152 2.800001 8.171318
v 6.892965 2.300002 8.138517
v 6.892965 2.400001 8.138517
v 6.811049 2.400002 8.081160
v 6.950322 2.300002 8.056602
v 6.950322 2.400002 8.056602
v 6.868407 2.400001 7.999245
v 6.753692 2.700002 8.163074
v 6.753692 2.900001 8.163074
v 6.671777 2.700002 8.105719
v 6.671777 2.800001 8.105719
v 6.892965 2.700002 8.138517
v 6.753692 2.800002 8.163074
v 6.892965 2.800001 8.138517
v 6.811049 2.700002 8.081160
v 6.811049 2.800001 8.081160
v 6.950322 2.700002 8.056602
v 6.950322 2.800002 8.056602
v 6.868407 2.700002 7.999245
v 6.300001 12.200002 -6.400001
v 6.300001 10.100001 -3.300000
v 6.300001 12.200002 -3.300000
v 6.300001 10.100001 -6.400001
v 6.000001 12.200002 -6.400001
v 6.000001 12.200002 -3.300000
v 6.000001 10.100001 -6.400001
v 6.000001 10.100001 -3.300000
v 6.300001 12.200002 -4.000000
v 6.300001 10.100001 -4.000000
v 6.300001 12.200002 -4.900001
v 6.300001 12.200002 -4.800000
v 6.300001 12.100001 -5.700000
v 6.300001 10.200002 -5.700000
v 6.300001 11.100001 -4.000000
v 6.300001 10.200002 -4.000000
v 6.300001 10.200002 -5.600000
v 6.300001 10.200002 -4.900001
v 6.300001 10.200002 -4.800000
v 6.300001 10.200002 -4.100000
v 6.300001 11.100001 -5.600000
v 6.300001 11.100001 -4.900001
v 6.300001 11.100001 -4.800000
v 6.300001 11.100001 -4.100000
v 6.300001 11.200002 -5.600000
v 6.300001 11.200002 -4.900001
v 6.300001 11.200002 -4.800000
v 6.300001 11.200002 -4.100000
v 6.300001 12.100001 -5.600000
v 6.300001 12.100001 -4.900001
v 6.300001 12.100001 -4.800000
v 6.300001 12.100001 -4.100000
v 6.200001 10.200002 -5.600000
v 6.200001 10.200002 -4.900001
v 6.200001 10.200002 -4.800000
v 6.200001 10.200002 -4.100000
v 6.200001 11.100002 -5.600000
v 6.200001 11.100002 -4.900001
v 6.200001 11.100002 -4.800000
v 6.200001 11.100002 -4.100000
v 6.200001 11.200002 -5.600000
v 6.200001 11.200002 -4.900001
v 6.200001 11.200002 -4.800000
v 6.200001 11.200002 -4.100000
v 6.200001 12.100001 -5.600000
v 6.200001 12.100001 -4.900001
v 6.200001 12.100001 -4.800000
v 6.200001 12.100001 -4.100000
v 6.300001 6.300003 -5.300001
v 6.300001 4.200002 -2.200001
v 6.300001 6.300003 -2.200001
v 6.300001 4.200002 -5.300001
v 6.000001 6.300003 -5.300001
v 6.000001 6.300003 -2.200001
v 6.000001 4.200003 -5.300001
v 6.000001 4.200003 -2.200001
v 6.300001 6.300003 -2.900001
v 6.300001 4.200002 -2.900001
v 6.300001 6.300003 -3.800001
v 6.300001 6.300003 -3.700000
v 6.300001 6.200002 -4.600000
v 6.300001 4.300003 -4.600000
v 6.300001 5.200002 -2.900001
v 6.300001 4.300003 -2.900001
v 6.300001 4.300003 -4.500000
v 6.300001 4.300003 -3.800001
v 6.300001 4.300003 -3.700000
v 6.300001 4.300003 -3.000000
v 6.300001 5.200002 -4.500000
v 6.300001 5.200002 -3.800001
v 6.300001 5.200002 -3.700000
v 6.300001 5.200002 -3.000000
v 6.300001 5.300002 -4.500000
v 6.300001 5.300002 -3.800001
v 6.300001 5.300002 -3.700000
v 6.300001 5.300002 -3.000000
v 6.300001 6.200002 -4.500000
v 6.300001 6.200002 -3.800001
v 6.300001 6.200002 -3.700000
v 6.300001 6.200002 -3.000000
v 6.200001 4.300003 -4.500000
v 6.200001 4.300003 -3.800001
v 6.200001 4.300003 -3.700000
v 6.200001 4.300003 -3.000000
v 6.200001 5.200003 -4.500000
v 6.200001 5.200003 -3.800001
v 6.200001 5.200003 -3.700000
v 6.200001 5.200003 -3.000000
v 6.200001 5.300003 -4.500000
v 6.200001 5.300003 -3.800001
v 6.200001 5.300003 -3.700000
v 6.200001 5.300003 -3.000000
v 6.200001 6.200002 -4.500000
v 6.200001 6.200002 -3.800001
v 6.200001 6.200002 -3.700000
v 6.200001 6.200002 -3.000000
v 6.300001 6.300003 -0.900002
v 6.300001 4.200002 2.199999
v 6.300001 6.300003 2.199999
v 6.300001 4.200002 -0.900002
v 6.000001 6.300003 -0.900002
v 6.000001 6.300003 2.199999
v 6.000001 4.200003 -0.900002
v 6.000001 4.200003 2.199999
v 6.300001 6.300003 1.499999
v 6.300001 4.200002 1.499999
v 6.300001 6.300003 0.599998
v 6.300001 6.300003 0.699999
v 6.300001 6.200002 -0.200001
v 6.300001 4.300003 -0.200001
v 6.300001 5.200002 1.499999
v 6.300001 4.300003 1.499999
v 6.300001 4.300003 -0.100000
v 6.300001 4.300003 0.599998
v 6.300001 4.300003 0.699999
v 6.300001 4.300003 1.400000
v 6.300001 5.200002 -0.100000
v 6.300001 5.200002 0.599998
v 6.300001 5.200002 0.699999
v 6.300001 5.200002 1.400000
v 6.300001 5.300002 -0.100000
v 6.300001 5.300002 0.599998
v 6.300001 5.300002 0.699999
v 6.300001 5.300002 1.400000
v 6.300001 6.200002 -0.100000
v 6.300001 6.200002 0.599998
v 6.300001 6.200002 0.699999
v 6.300001 6.200002 1.400000
v 6.200001 4.300003 -0.100000
v 6.200001 4.300003 0.599998
v 6.200001 4.300003 0.699999
v 6.200001 4.300003 1.400000
v 6.200001 5.200003 -0.100000
v 6.200001 5.200003 0.599998
v 6.200001 5.200003 0.699999
v 6.200001 5.200003 1.400000
v 6.200001 5.300003 -0.100000
v 6.200001 5.300003 0.599998
v 6.200001 5.300003 0.699999
v 6.200001 5.300003 1.400000
v 6.200001 6.200002 -0.100000
v 6.200001 6.200002 0.599998
v 6.200001 6.200002 0.699999
v 6.200001 6.200002 1.400000
v 0.600000 6.300002 -7.900001
v 3.700000 4.200002 -7.900001
v 3.700000 6.300002 -7.900001
v 0.600000 4.200002 -7.900001
v 0.600000 6.300003 -7.600000
v 3.700000 6.300002 -7.600000
v 0.600000 4.200002 -7.600000
v 3.700000 4.200002 -7.600000
v 3.000000 6.300002 -7.900001
v 3.000000 4.200002 -7.900001
v 2.099999 6.300002 -7.900001
v 2.200001 6.300002 -7.900001
v 1.300000 6.200002 -7.900001
v 1.300000 4.300002 -7.900001
v 3.000000 5.200002 -7.900001
v 3.000000 4.300002 -7.900001
v 1.400001 4.300002 -7.900001
v 2.100000 4.300003 -7.900001
v 2.200000 4.300002 -7.900001
v 2.900001 4.300003 -7.900001
v 1.400000 5.200002 -7.900001
v 2.099999 5.200002 -7.900001
v 2.200000 5.200002 -7.900001
v 2.900000 5.200002 -7.900001
v 1.400001 5.300002 -7.900001
v 2.100000 5.300002 -7.900001
v 2.200000 5.300002 -7.900001
v 2.900000 5.300002 -7.900001
v 1.400001 6.200002 -7.900001
v 2.100000 6.200002 -7.900001
v 2.200000 6.200002 -7.900001
v 2.900001 6.200002 -7.900001
v 1.400001 4.300002 -7.800001
v 2.100000 4.300003 -7.800001
v 2.200000 4.300002 -7.800001
v 2.900001 4.300003 -7.800000
v 1.400001 5.200002 -7.800000
v 2.100000 5.200002 -7.800000
v 2.200000 5.200003 -7.800000
v 2.900001 5.200002 -7.800000
v 1.400001 5.300002 -7.800000
v 2.100000 5.300003 -7.800000
v 2.200000 5.300002 -7.800000
v 2.900001 5.300003 -7.800000
v 1.400000 6.200002 -7.800000
v 2.100000 6.200002 -7.800000
v 2.200001 6.200002 -7.800000
v 2.900001 6.200002 -7.800000
v 6.900001 2.100002 9.000000
v 6.900001 2.100002 8.900002
v 6.700001 2.100002 9.000000
v 6.700001 2.100002 8.900002
v 6.700001 3.900002 9.000000
v 6.900001 3.900002 9.000000
v 6.900001 3.900002 8.900002
v 6.700001 3.900002 8.900002
v 6.400001 2.100002 9.000000
v 6.400001 2.100002 8.900002
v 6.200001 2.100002 9.000000
v 6.200001 2.100002 8.900002
v 6.200001 3.900002 9.000000
v 6.400001 3.900002 9.000000
v 6.400001 3.900002 8.900002
v 6.200001 3.900002 8.900002
v 7.400001 2.100002 9.000000
v 7.400001 2.100002 8.900002
v 7.200001 2.100002 9.000000
v 7.200001 2.100002 8.900002
v 7.200001 3.900002 9.000000
v 7.400001 3.900002 9.000000
v 7.400001 3.900002 8.900002
v 7.200001 3.900002 8.900002
v 7.900001 2.100002 9.000000
v 7.900001 2.100002 8.900002
v 7.700001 2.100002 9.000000
v 7.700001 2.100002 8.900002
v 7.700001 3.900002 9.000000
v 7.900001 3.900002 9.000000
v 7.900001 3.900002 8.900002
v 7.700001 3.900002 8.900002
v 8.400001 2.100002 9.000000
v 8.400001 2.100002 8.900002
v 8.200001 2.100002 9.000000
v 8.200001 2.100002 8.900002
v 8.200001 3.900002 9.000000
v 8.400001 3.900002 9.000000
v 8.400001 3.900002 8.900002
v 8.200001 3.900002 8.900002
v 8.800001 2.100002 8.400002
v 8.700003 2.100002 8.400002
v 8.800001 2.100002 8.600000
v 8.700004 2.100002 8.600000
v 8.800001 3.900002 8.600000
v 8.800001 3.900002 8.400002
v 8.700003 3.900002 8.400002
v 8.700003 3.900002 8.600000
v 8.800001 2.100002 7.900002
v 8.700003 2.100002 7.900002
v 8.800001 2.100002 8.100000
v 8.700004 2.100002 8.100000
v 8.800001 3.900002 8.100000
v 8.800001 3.900002 7.900002
v 8.700003 3.900002 7.900002
v 8.700003 3.900002 8.100000
v 8.800001 2.100002 6.900002
v 8.700003 2.100002 6.900002
v 8.800001 2.100002 7.100000
v 8.700004 2.100002 7.100000
v 8.800001 3.900002 7.100000
v 8.800001 3.900002 6.900002
v 8.700003 3.900002 6.900002
v 8.700003 3.900002 7.100000
v 8.800001 2.100002 7.400002
v 8.700003 2.100002 7.400002
v 8.800001 2.100002 7.600000
v 8.700004 2.100002 7.600000
v 8.800001 3.900002 7.600000
v 8.800001 3.900002 7.400002
v 8.700003 3.900002 7.400002
v 8.700003 3.900002 7.600000
v 8.800001 2.100002 6.400002
v 8.700003 2.100002 6.400002
v 8.800001 2.100002 6.600000
v 8.700004 2.100002 6.600000
v 8.800001 3.900002 6.600000
v 8.800001 3.900002 6.400002
v 8.700003 3.900002 6.400002
v 8.700003 3.900002 6.600000
v 8.800001 2.100002 0.300001
v 8.700003 2.100002 0.300001
v 8.800001 2.100002 0.500001
v 8.700004 2.100002 0.500001
v 8.800001 3.900002 0.500001
v 8.800001 3.900002 0.300001
v 8.700003 3.900002 0.300001
v 8.700003 3.900002 0.500001
v 8.800001 2.100002 1.300001
v 8.700003 2.100002 1.300001
v 8.800001 2.100002 1.500001
v 8.700004 2.100002 1.500001
v 8.800001 3.900002 1.500001
v 8.800001 3.900002 1.300001
v 8.700003 3.900002 1.300001
v 8.700003 3.900002 1.500001
v 8.800001 2.100002 0.800001
v 8.700003 2.100002 0.800001
v 8.800001 2.100002 1.000001
v 8.700004 2.100002 1.000001
v 8.800001 3.900002 1.000001
v 8.800001 3.900002 0.800001
v 8.700003 3.900002 0.800001
v 8.700003 3.900002 1.000001
v 8.800001 2.100002 1.800001
v 8.700003 2.100002 1.800001
v 8.800001 2.100002 2.000001
v 8.700004 2.100002 2.000001
v 8.800001 3.900002 2.000001
v 8.800001 3.900002 1.800001
v 8.700003 3.900002 1.800001
v 8.700003 3.900002 2.000001
v 8.800001 2.100002 2.300001
v 8.700003 2.100002 2.300001
v 8.800001 2.100002 2.500001
v 8.700004 2.100002 2.500001
v 8.800001 3.900002 2.500001
v 8.800001 3.900002 2.300001
v 8.700003 3.900002 2.300001
v 8.700003 3.900002 2.500001
v 8.800001 2.100002 -0.699999
v 8.700003 2.100002 -0.699999
v 8.800001 2.100002 -0.499999
v 8.700004 2.100002 -0.499999
v 8.800001 3.900002 -0.499999
v 8.800001 3.900002 -0.699999
v 8.700003 3.900002 -0.699999
v 8.700003 3.900002 -0.499999
v 8.800001 2.100002 -0.199999
v 8.700003 2.100002 -0.199999
v 8.800001 2.100002 0.000001
v 8.700004 2.100002 0.000001
v 8.800001 3.900002 0.000001
v 8.800001 3.900002 -0.199999
v 8.700003 3.900002 -0.199999
v 8.700003 3.900002 0.000001
v 8.800001 2.100002 -1.199999
v 8.700003 2.100002 -1.199999
v 8.800001 2.100002 -0.999999
v 8.700004 2.100002 -0.999999
v 8.800001 3.900002 -0.999999
v 8.800001 3.900002 -1.199999
v 8.700003 3.900002 -1.199999
v 8.700003 3.900002 -0.999999
v 8.800001 2.100002 -5.599998
v 8.700003 2.100002 -5.599998
v 8.800001 2.100002 -5.399999
v 8.700004 2.100002 -5.399999
v 8.800001 3.900002 -5.399999
v 8.800001 3.900002 -5.599998
v 8.700003 3.900002 -5.599998
v 8.700003 3.900002 -5.399999
v 8.800001 2.100002 -4.599998
v 8.700003 2.100002 -4.599998
v 8.800001 2.100002 -4.399999
v 8.700004 2.100002 -4.399999
v 8.800001 3.900002 -4.399999
v 8.800001 3.900002 -4.599998
v 8.700003 3.900002 -4.599998
v 8.700003 3.900002 -4.399999
v 8.800001 2.100002 -5.099998
v 8.700003 2.100002 -5.099998
v 8.800001 2.100002 -4.899999
v 8.700004 2.100002 -4.899999
v 8.800001 3.900002 -4.899999
v 8.800001 3.900002 -5.099998
v 8.700003 3.900002 -5.099998
v 8.700003 3.900002 -4.899999
v 8.800001 2.100002 -2.099998
v 8.700003 2.100002 -2.099998
v 8.800001 2.100002 -1.899999
v 8.700004 2.100002 -1.899999
v 8.800001 3.900002 -1.899999
v 8.800001 3.900002 -2.099998
v 8.700003 3.900002 -2.099998
v 8.700003 3.900002 -1.899999
v 8.800001 2.100002 -2.599998
v 8.700003 2.100002 -2.599998
v 8.800001 2.100002 -2.399999
v 8.700004 2.100002 -2.399999
v 8.800001 3.900002 -2.399999
v 8.800001 3.900002 -2.599998
v 8.700003 3.900002 -2.599998
v 8.700003 3.900002 -2.399999
v 8.800001 2.100002 -3.599998
v 8.700003 2.100002 -3.599998
v 8.800001 2.100002 -3.399999
v 8.700004 2.100002 -3.399999
v 8.800001 3.900002 -3.399999
v 8.800001 3.900002 -3.599998
v 8.700003 3.900002 -3.599998
v 8.700003 3.900002 -3.399999
v 8.800001 2.100002 -3.099998
v 8.700003 2.100002 -3.099998
v 8.800001 2.100002 -2.899999
v 8.700004 2.100002 -2.899999
v 8.800001 3.900002 -2.899999
v 8.800001 3.900002 -3.099998
v 8.700003 3.900002 -3.099998
v 8.700003 3.900002 -2.899999
v 8.800001 2.100002 -4.099998
v 8.700003 2.100002 -4.099998
v 8.800001 2.100002 -3.899999
v 8.700004 2.100002 -3.899999
v 8.800001 3.900002 -3.899999
v 8.800001 3.900002 -4.099998
v 8.700003 3.900002 -4.099998
v 8.700003 3.900002 -3.899999
v 8.800001 2.100002 -8.499998
v 8.700003 2.100002 -8.499998
v 8.800001 2.100002 -8.299999
v 8.700004 2.100002 -8.299999
v 8.800001 3.900002 -8.299999
v 8.800001 3.900002 -8.499998
v 8.700003 3.900002 -8.499998
v 8.700003 3.900002 -8.299999
v 8.800001 2.100002 -7.499999
v 8.700003 2.100002 -7.499999
v 8.800001 2.100002 -7.299999
v 8.700004 2.100002 -7.299999
v 8.800001 3.900002 -7.299999
v 8.800001 3.900002 -7.499999
v 8.700003 3.900002 -7.499999
v 8.700003 3.900002 -7.299999
v 8.800001 2.100002 -7.999999
v 8.700003 2.100002 -7.999999
v 8.800001 2.100002 -7.799999
v 8.700004 2.100002 -7.799999
v 8.800001 3.900002 -7.799999
v 8.800001 3.900002 -7.999999
v 8.700003 3.900002 -7.999999
v 8.700003 3.900002 -7.799999
v 8.800001 2.100002 -6.999999
v 8.700003 2.100002 -6.999999
v 8.800001 2.100002 -6.799999
v 8.700004 2.100002 -6.799999
v 8.800001 3.900002 -6.799999
v 8.800001 3.900002 -6.999999
v 8.700003 3.900002 -6.999999
v 8.700003 3.900002 -6.799999
v 8.800001 2.100002 -6.499999
v 8.700003 2.100002 -6.499999
v 8.800001 2.100002 -6.299999
v 8.700004 2.100002 -6.299999
v 8.800001 3.900002 -6.299999
v 8.800001 3.900002 -6.499999
v 8.700003 3.900002 -6.499999
v 8.700003 3.900002 -6.299999
v 8.800001 2.100002 -9.499998
v 8.700003 2.100002 -9.499998
v 8.800001 2.100002 -9.299999
v 8.700004 2.100002 -9.299999
v 8.800001 3.900002 -9.299998
v 8.800001 3.900002 -9.499998
v 8.700003 3.900002 -9.499998
v 8.700003 3.900002 -9.299998
v 8.800001 2.100002 -8.999998
v 8.700003 2.100002 -8.999998
v 8.800001 2.100002 -8.799999
v 8.700004 2.100002 -8.799999
v 8.800001 3.900002 -8.799998
v 8.800001 3.900002 -8.999998
v 8.700003 3.900002 -8.999998
v 8.700003 3.900002 -8.799998
v 8.800001 2.100002 -9.999998
v 8.700003 2.100002 -9.999998
v 8.800001 2.100002 -9.799998
v 8.700004 2.100002 -9.799998
v 8.800001 3.900002 -9.799998
v 8.800001 3.900002 -9.999998
v 8.700003 3.900002 -9.999998
v 8.700003 3.900002 -9.799998
v 8.200003 2.100002 -10.400000
v 8.200003 2.100002 -10.300001
v 8.400002 2.100002 -10.400000
v 8.400002 2.100002 -10.300001
v 8.400002 3.900002 -10.400000
v 8.200003 3.900002 -10.400000
v 8.200003 3.900002 -10.300001
v 8.400002 3.900002 -10.300001
v 7.700003 2.100002 -10.400000
v 7.700003 2.100002 -10.300001
v 7.900002 2.100002 -10.400000
v 7.900002 2.100002 -10.300001
v 7.900002 3.900002 -10.400000
v 7.700003 3.900002 -10.400000
v 7.700003 3.900002 -10.300001
v 7.900002 3.900002 -10.300001
v 6.700003 2.100002 -10.400000
v 6.700003 2.100002 -10.300001
v 6.900002 2.100002 -10.400000
v 6.900002 2.100002 -10.300001
v 6.900002 3.900002 -10.400000
v 6.700003 3.900002 -10.400000
v 6.700003 3.900002 -10.300001
v 6.900002 3.900002 -10.300001
v 7.200003 2.100002 -10.400000
v 7.200003 2.100002 -10.300001
v 7.400002 2.100002 -10.400000
v 7.400002 2.100002 -10.300001
v 7.400002 3.900002 -10.400000
v 7.200003 3.900002 -10.400000
v 7.200003 3.900002 -10.300001
v 7.400002 3.900002 -10.300001
v 5.200003 2.100002 -10.400000
v 5.200003 2.100002 -10.300001
v 5.400002 2.100002 -10.400000
v 5.400002 2.100002 -10.300001
v 5.400002 3.900002 -10.400000
v 5.200003 3.900002 -10.400000
v 5.200003 3.900002 -10.300001
v 5.400002 3.900002 -10.300001
v 4.700003 2.100002 -10.400000
v 4.700003 2.100002 -10.300001
v 4.900002 2.100003 -10.400000
v 4.900002 2.100003 -10.300001
v 4.900002 3.900002 -10.400000
v 4.700003 3.900002 -10.400000
v 4.700003 3.900002 -10.300001
v 4.900002 3.900002 -10.300001
v 5.700003 2.100002 -10.400000
v 5.700003 2.100002 -10.300001
v 5.900002 2.100002 -10.400000
v 5.900002 2.100002 -10.300001
v 5.900002 3.900002 -10.400000
v 5.700003 3.900002 -10.400000
v 5.700003 3.900002 -10.300001
v 5.900002 3.900002 -10.300001
v 6.200003 2.100002 -10.400000
v 6.200003 2.100002 -10.300001
v 6.400002 2.100002 -10.400000
v 6.400002 2.100002 -10.300001
v 6.400002 3.900002 -10.400000
v 6.200003 3.900002 -10.400000
v 6.200003 3.900002 -10.300001
v 6.400002 3.900002 -10.300001
v 1.800003 2.100003 -10.400000
v 1.800003 2.100003 -10.300001
v 2.000002 2.100003 -10.400000
v 2.000002 2.100003 -10.300001
v 2.000002 3.900002 -10.400000
v 1.800003 3.900002 -10.400000
v 1.800003 3.900002 -10.300001
v 2.000002 3.900002 -10.300001
v 1.300004 2.100003 -10.400000
v 1.300004 2.100003 -10.300001
v 1.500003 2.100003 -10.400000
v 1.500003 2.100003 -10.300001
v 1.500002 3.900002 -10.400000
v 1.300003 3.900002 -10.400000
v 1.300003 3.900002 -10.300001
v 1.500002 3.900002 -10.300001
v 0.300003 2.100003 -10.400000
v 0.300003 2.100002 -10.300001
v 0.500004 2.100003 -10.400000
v 0.500004 2.100003 -10.300001
v 0.500002 3.900002 -10.400000
v 0.300003 3.900002 -10.400000
v 0.300003 3.900002 -10.300001
v 0.500002 3.900002 -10.300001
v 0.800003 2.100003 -10.400000
v 0.800004 2.100002 -10.300001
v 1.000003 2.100003 -10.400000
v 1.000003 2.100003 -10.300001
v 1.000003 3.900002 -10.400000
v 0.800003 3.900002 -10.400000
v 0.800003 3.900002 -10.300001
v 1.000003 3.900002 -10.300001
v 2.800003 2.100002 -10.400000
v 2.800003 2.100002 -10.300001
v 3.000002 2.100002 -10.400000
v 3.000002 2.100002 -10.300001
v 3.000002 3.900002 -10.400000
v 2.800003 3.900002 -10.400000
v 2.800003 3.900002 -10.300001
v 3.000002 3.900002 -10.300001
v 2.300003 2.100002 -10.400000
v 2.300003 2.100002 -10.300001
v 2.500003 2.100003 -10.400000
v 2.500003 2.100003 -10.300001
v 2.500003 3.900002 -10.400000
v 2.300003 3.900002 -10.400000
v 2.300003 3.900002 -10.300001
v 2.500003 3.900002 -10.300001
v 3.300003 2.100002 -10.400000
v 3.300003 2.100002 -10.300001
v 3.500002 2.100002 -10.400000
v 3.500002 2.100002 -10.300001
v 3.500002 3.900002 -10.400000
v 3.300003 3.900002 -10.400000
v 3.300003 3.900002 -10.300001
v 3.500003 3.900002 -10.300001
v 3.800003 2.100002 -10.400000
v 3.800003 2.100002 -10.300001
v 4.000002 2.100003 -10.400000
v 4.000002 2.100003 -10.300001
v 4.000002 3.900002 -10.400000
v 3.800003 3.900002 -10.400000
v 3.800003 3.900002 -10.300001
v 4.000002 3.900002 -10.300001
v -0.599997 2.100002 -10.400000
v -0.599997 2.100002 -10.300001
v -0.399998 2.100002 -10.400000
v -0.399998 2.100002 -10.300001
v -0.399998 3.900002 -10.400000
v -0.599998 3.900002 -10.400000
v -0.599998 3.900002 -10.300001
v -0.399998 3.900002 -10.300001
v -1.099998 2.100002 -10.400000
v -1.099997 2.100002 -10.300001
v -0.899998 2.100003 -10.400000
v -0.899998 2.100003 -10.300001
v -0.899998 3.900002 -10.400000
v -1.099998 3.900002 -10.400000
v -1.099998 3.900002 -10.300001
v -0.899998 3.900002 -10.300001
v -2.099997 2.100002 -10.400000
v -2.099997 2.100002 -10.300001
v -1.899998 2.100003 -10.400000
v -1.899998 2.100003 -10.300001
v -1.899999 3.900001 -10.400000
v -2.099998 3.900002 -10.400000
v -2.099997 3.900002 -10.300001
v -1.899999 3.900001 -10.300001
v -1.599997 2.100002 -10.400000
v -1.599997 2.100002 -10.300001
v -1.399998 2.100002 -10.400000
v -1.399998 2.100002 -10.300001
v -1.399998 3.900001 -10.400000
v -1.599998 3.900002 -10.400000
v -1.599997 3.900002 -10.300001
v -1.399998 3.900001 -10.300001
v -3.599998 2.100002 -10.400000
v -3.599998 2.100002 -10.300001
v -3.399998 2.100003 -10.400000
v -3.399998 2.100003 -10.300001
v -3.399999 3.900001 -10.400000
v -3.599998 3.900002 -10.400000
v -3.599998 3.900002 -10.300001
v -3.399999 3.900001 -10.300001
v -4.099997 2.100002 -10.400000
v -4.099997 2.100002 -10.300001
v -3.899998 2.100003 -10.400000
v -3.899998 2.100003 -10.300001
v -3.899998 3.900001 -10.400000
v -4.099997 3.900002 -10.400000
v -4.099997 3.900002 -10.300001
v -3.899998 3.900001 -10.300001
v -3.099998 2.100003 -10.400000
v -3.099997 2.100002 -10.300001
v -2.899998 2.100002 -10.400000
v -2.899998 2.100002 -10.300001
v -2.899999 3.900001 -10.400000
v -3.099997 3.900002 -10.400000
v -3.099997 3.900002 -10.300001
v -2.899999 3.900001 -10.300001
v -2.599997 2.100002 -10.400000
v -2.599997 2.100002 -10.300001
v -2.399998 2.100003 -10.400000
v -2.399998 2.100003 -10.300001
v -2.399998 3.900001 -10.400000
v -2.599997 3.900002 -10.400000
v -2.599997 3.900002 -10.300001
v -2.399998 3.900001 -10.300001
v -6.999997 2.100002 -10.400000
v -6.999997 2.100002 -10.300001
v -6.799997 2.100002 -10.400000
v -6.799997 2.100002 -10.300001
v -6.799997 3.900002 -10.400000
v -6.999997 3.900001 -10.400000
v -6.999997 3.900001 -10.300001
v -6.799997 3.900002 -10.300001
v -7.499996 2.100001 -10.400000
v -7.499996 2.100001 -10.300001
v -7.299999 2.100002 -10.400000
v -7.299999 2.100002 -10.300001
v -7.299997 3.900002 -10.400000
v -7.499996 3.900002 -10.400000
v -7.499996 3.900002 -10.300001
v -7.299997 3.900002 -10.300001
v -8.499998 2.100002 -10.400000
v -8.499998 2.100002 -10.300001
v -8.299999 2.100002 -10.400000
v -8.299999 2.100002 -10.300001
v -8.299999 3.900002 -10.400000
v -8.499998 3.900002 -10.400000
v -8.499998 3.900002 -10.300001
v -8.299999 3.900002 -10.300001
v -7.999996 2.100001 -10.400000
v -7.999996 2.100001 -10.300001
v -7.799997 2.100002 -10.400000
v -7.799997 2.100002 -10.300001
v -7.799997 3.900002 -10.400000
v -7.999996 3.900001 -10.400000
v -7.999996 3.900001 -10.300001
v -7.799997 3.900002 -10.300001
v -5.999998 2.100001 -10.400000
v -5.999998 2.100001 -10.300001
v -5.799998 2.100002 -10.400000
v -5.799998 2.100002 -10.300001
v -5.799998 3.900002 -10.400000
v -5.999997 3.900002 -10.400000
v -5.999997 3.900002 -10.300001
v -5.799998 3.900002 -10.300001
v -6.499997 2.100001 -10.400000
v -6.499997 2.100001 -10.300001
v -6.299997 2.100002 -10.400000
v -6.299997 2.100002 -10.300001
v -6.299997 3.900002 -10.400000
v -6.499997 3.900001 -10.400000
v -6.499997 3.900001 -10.300001
v -6.299997 3.900002 -10.300001
v -5.499997 2.100002 -10.400000
v -5.499997 2.100002 -10.300001
v -5.299998 2.100002 -10.400000
v -5.299998 2.100002 -10.300001
v -5.299997 3.900002 -10.400000
v -5.499997 3.900001 -10.400000
v -5.499997 3.900001 -10.300001
v -5.299997 3.900002 -10.300001
v -4.999997 2.100001 -10.400000
v -4.999997 2.100001 -10.300001
v -4.799997 2.100002 -10.400000
v -4.799997 2.100002 -10.300001
v -4.799997 3.900002 -10.400000
v -4.999997 3.900001 -10.400000
v -4.999997 3.900001 -10.300001
v -4.799997 3.900002 -10.300001
v -8.899998 2.100001 -9.800000
v -8.799999 2.100001 -9.800000
v -8.899998 2.100001 -10.000000
v -8.799999 2.100001 -10.000000
v -8.899998 3.900002 -10.000000
v -8.899998 3.900002 -9.800000
v -8.799999 3.900002 -9.800000
v -8.799999 3.900002 -10.000000
v -8.899998 2.100001 -9.300000
v -8.799999 2.100001 -9.300000
v -8.899998 2.100001 -9.500000
v -8.799999 2.100001 -9.500000
v -8.899998 3.900002 -9.500000
v -8.899998 3.900002 -9.300000
v -8.799999 3.900002 -9.300000
v -8.799999 3.900002 -9.500000
v -8.899998 2.100001 -8.300000
v -8.799999 2.100001 -8.300000
v -8.899998 2.100001 -8.500000
v -8.799999 2.100001 -8.500000
v -8.899998 3.900002 -8.500000
v -8.899998 3.900002 -8.300000
v -8.799999 3.900002 -8.300000
v -8.799999 3.900002 -8.500000
v -8.899998 2.100001 -8.800000
v -8.799999 2.100001 -8.800000
v -8.899998 2.100001 -9.000000
v -8.799999 2.100001 -9.000000
v -8.899998 3.900002 -9.000000
v -8.899998 3.900002 -8.800000
v -8.799999 3.900002 -8.800000
v -8.799999 3.900002 -9.000000
v -8.899998 2.100001 -6.800000
v -8.799999 2.100001 -6.800000
v -8.899998 2.100001 -7.000000
v -8.799999 2.100001 -7.000000
v -8.899998 3.900002 -7.000000
v -8.899998 3.900002 -6.800000
v -8.799999 3.900002 -6.800000
v -8.799999 3.900002 -7.000000
v -8.899998 2.100001 -6.300000
v -8.799999 2.100001 -6.300000
v -8.899998 2.100001 -6.500000
v -8.799999 2.100001 -6.500000
v -8.899998 3.900002 -6.500000
v -8.899998 3.900002 -6.300000
v -8.799999 3.900002 -6.300000
v -8.799999 3.900002 -6.500000
v -8.899998 2.100001 -7.300000
v -8.799999 2.100001 -7.300000
v -8.899998 2.100001 -7.500000
v -8.799999 2.100001 -7.500000
v -8.899998 3.900002 -7.500000
v -8.899998 3.900002 -7.300000
v -8.799999 3.900002 -7.300000
v -8.799999 3.900002 -7.500000
v -8.899998 2.100001 -7.800000
v -8.799999 2.100001 -7.800000
v -8.899998 2.100001 -8.000000
v -8.799999 2.100001 -8.000000
v -8.899998 3.900002 -8.000000
v -8.899998 3.900002 -7.800000
v -8.799999 3.900002 -7.800000
v -8.799999 3.900002 -8.000000
v 6.200001 7.000000 -10.000000
v 8.700001 7.200001 -10.600000
v -8.700001 7.200000 -10.600000
v 0.000000 12.222901 -10.600000
v 8.400001 7.000000 9.600000
v 8.400001 7.000000 -10.700000
v -8.500000 7.000000 -10.700000
v 8.400001 7.200000 -10.000000
v 8.400001 7.200000 -10.700000
v 8.400001 7.200000 9.600000
v 8.400001 7.200000 9.200001
v -9.200001 7.200000 -10.000000
v 6.233472 12.500002 -1.500000
v 6.200001 12.500002 -1.900001
v 6.200001 12.500002 -1.900001
v -6.700001 12.500002 -1.900001
v -6.705697 12.500002 -1.500000
v -6.700001 12.500002 -1.900001
v -7.099998 12.500002 -1.839008
vn -0.0000 -0.0000 1.0000
vn 0.5000 0.8660 -0.0000
vn 1.0000 -0.0000 -0.0000
vn -0.0000 1.0000 -0.0000
vn -0.0000 -0.0000 -1.0000
vn -0.0000 -1.0000 -0.0000
vn -0.8660 0.5000 -0.0000
vn -1.0000 -0.0000 -0.0000
vn 0.0007 1.0000 -0.0000
vn -0.5000 -0.8660 -0.0000
vn -0.5001 0.8660 -0.0000
vn 0.5000 -0.8660 -0.0000
vn 0.5001 0.8660 -0.0000
vn 0.8660 -0.5000 -0.0000
vn -0.0000 0.8660 0.5000
vn -0.0000 0.8660 -0.5000
vn -0.0000 0.8660 0.5001
vn -0.0000 -0.8660 -0.5000
vn -0.0000 0.8660 -0.5001
vn -0.0000 -0.8660 0.5000
vn -0.5000 0.8660 -0.0000
vn -0.0001 -0.0005 -1.0000
vn -0.0000 -0.0005 1.0000
vn -0.0000 0.0005 -1.0000
vn -0.0001 0.0004 -1.0000
vn -0.0000 1.0000 0.0002
vn -1.0000 -0.0005 0.0001
vn 1.0000 -0.0005 -0.0000
vn -1.0000 0.0005 -0.0000
vn -1.0000 0.0004 0.0001
vn 0.0002 1.0000 -0.0000
vn -0.8192 -0.0005 -0.5735
vn -0.8192 -0.0000 -0.5736
vn -0.5736 -0.0000 0.8192
vn 0.5736 -0.0000 -0.8191
vn 0.5736 -0.0000 -0.8192
vn 0.8192 -0.0000 0.5736
vn 0.8192 -0.0005 0.5736
vn -0.8192 0.0005 -0.5736
vn -0.8192 0.0004 -0.5735
vn -0.8191 0.0005 -0.5736
vn 0.8191 -0.0005 0.5736
vn -0.5736 -0.0000 0.8191
vn -0.8191 -0.0000 -0.5736
vn 0.0001 1.0000 0.0001
vt 0.331250 0.687500
vt 0.875000 0.687500
vt 0.603125 0.843750
vt 0.009375 0.378125
vt 0.331250 0.378125
vt 0.331250 1.000000
vt 0.009375 1.000000
vt 0.445383 0.663035
vt 0.353125 0.615625
vt 0.353125 0.603125
vt 0.353125 0.546875
vt 0.353125 0.512500
vt 0.396875 0.546875
vt 0.396875 0.603125
vt 0.493750 0.603125
vt 0.493750 0.546875
vt 0.537500 0.512500
vt 0.537500 0.615625
vt 0.000000 0.087500
vt 0.000000 0.000000
vt 0.618750 0.000000
vt 0.618750 0.087500
vt 0.531250 0.087500
vt 0.181250 0.087500
vt 0.115625 0.087500
vt 0.559375 0.818750
vt 0.428125 0.840625
vt 0.734375 0.840625
vt 0.656250 0.818750
vt 0.000000 0.312500
vt 0.000000 0.378125
vt 0.553125 0.378125
vt 0.553125 0.312500
vt 0.478125 0.312500
vt 0.084375 0.312500
vt 0.643750 0.000000
vt 0.643750 0.084375
vt 0.618750 0.084375
vt 0.684375 0.084375
vt 0.684375 0.103125
vt 0.687500 0.103125
vt 0.687500 0.106250
vt 0.662500 0.106250
vt 0.662500 0.125000
vt 0.665625 0.125000
vt 0.665625 0.128125
vt 0.640625 0.128125
vt 0.640625 0.146875
vt 0.643750 0.146875
vt 0.643750 0.150000
vt 0.618750 0.150000
vt 0.003125 0.087500
vt 0.003125 0.171875
vt 0.000000 0.171875
vt 0.043750 0.171875
vt 0.025000 0.171875
vt 0.025000 0.087500
vt 0.043750 0.087500
vt 0.993750 0.781250
vt 0.993750 0.759375
vt 0.993750 0.203125
vt 0.993750 0.181250
vt 1.000000 0.181250
vt 1.000000 0.758315
vt 1.000000 0.781250
vt 0.668750 -0.000000
vt 0.668750 0.084375
vt 0.196875 0.300000
vt 0.112500 0.300000
vt 0.112500 0.303125
vt 0.196875 0.303125
vt 0.640625 0.084375
vt 0.640625 -0.000000
vt 0.001111 0.417737
vt 0.068525 0.417737
vt 0.122060 0.417737
vt 0.393697 0.417737
vt 0.068750 0.312500
vt 0.565625 0.312500
vt 0.565625 0.378125
vt 0.068750 0.378125
vt 0.443750 0.378125
vt 0.443750 0.312500
vt 0.406250 0.687500
vt 0.331250 0.840625
vt 0.406250 0.840625
vt 0.928125 0.871875
vt 0.928125 0.996875
vt 0.925000 0.996875
vt 0.925000 0.871875
vt 0.865625 0.996875
vt 0.865625 0.871875
vt 0.862500 0.871875
vt 0.862500 0.878125
vt 0.862500 0.996875
vt 0.925000 1.000000
vt 0.865625 1.000000
vt 0.890625 0.996875
vt 0.900000 0.996875
vt 1.000000 0.225391
vt 1.000000 0.846875
vt 0.978125 0.846875
vt 0.978125 0.828125
vt 0.978125 0.225391
vt 0.978125 0.221875
vt 0.978125 0.212500
vt 1.000000 0.212500
vt 0.918750 0.878125
vt 0.918750 0.921875
vt 0.915625 0.921875
vt 0.915625 0.878125
vt 0.890625 0.993750
vt 0.875000 0.993750
vt 0.875000 0.990625
vt 0.878125 0.990625
vt 0.887500 0.990625
vt 0.890625 0.990625
vt 0.915625 0.993750
vt 0.909375 0.993750
vt 0.900000 0.993750
vt 0.900000 0.990625
vt 0.903125 0.990625
vt 0.912500 0.990625
vt 0.915625 0.990625
vt 0.875000 0.928125
vt 0.890625 0.928125
vt 0.890625 0.925000
vt 0.875000 0.925000
vt 0.900000 0.878125
vt 0.900000 0.921875
vt 0.900000 0.928125
vt 0.890625 0.921875
vt 0.890625 0.878125
vt 0.875000 0.878125
vt 0.865625 0.878125
vt 0.915625 0.928125
vt 0.921875 0.928125
vt 0.921875 0.925000
vt 0.921875 0.921875
vt 0.875000 0.921875
vt 0.915625 0.875000
vt 0.900000 0.875000
vt 0.918750 0.928125
vt 0.918750 0.990625
vt 0.915625 0.987500
vt 0.871875 0.878125
vt 0.871875 0.921875
vt 0.871875 0.928125
vt 0.871875 0.931250
vt 0.871875 0.990625
vt 0.890625 0.875000
vt 0.875000 0.875000
vt 0.909375 0.928125
vt 0.915625 0.925000
vt 0.900000 0.925000
vt 0.871875 0.987500
vt 0.875000 0.987500
vt 0.878125 0.987500
vt 0.887500 0.987500
vt 0.890625 0.987500
vt 0.878125 0.931250
vt 0.887500 0.931250
vt 0.884375 0.931250
vt 0.884375 0.987500
vt 0.912500 0.931250
vt 0.903125 0.931250
vt 0.900000 0.931250
vt 0.912500 0.987500
vt 0.878125 0.918750
vt 0.878125 0.881250
vt 0.881250 0.881250
vt 0.881250 0.918750
vt 0.878125 0.921875
vt 0.887500 0.921875
vt 0.887500 0.918750
vt 0.887500 0.881250
vt 0.884375 0.881250
vt 0.884375 0.918750
vt 0.887500 0.915625
vt 0.878125 0.915625
vt 0.912500 0.918750
vt 0.912500 0.921875
vt 0.903125 0.921875
vt 0.903125 0.918750
vt 0.903125 0.987500
vt 0.912500 0.881250
vt 0.903125 0.881250
vt 0.912500 0.884375
vt 0.903125 0.884375
vt 0.881250 0.931250
vt 0.881250 0.987500
vt 0.887500 0.934375
vt 0.878125 0.934375
vt 0.912500 0.984375
vt 0.903125 0.984375
vt 0.887500 0.884375
vt 0.878125 0.884375
vt 0.912500 0.915625
vt 0.903125 0.915625
vt 0.887500 0.984375
vt 0.878125 0.984375
vt 0.912500 0.934375
vt 0.903125 0.934375
vt 0.909375 0.921875
vt 0.909375 0.925000
vt 0.912500 0.925000
vt 0.918750 0.925000
vt 0.946875 0.878125
vt 0.946875 1.000000
vt 0.943750 1.000000
vt 0.943750 0.878125
vt 0.937500 0.878125
vt 0.937500 1.000000
vt 0.928125 1.000000
vt 0.928125 0.878125
vt 0.946875 0.925000
vt 0.943750 0.925000
vt 0.937500 0.953125
vt 0.928125 0.953125
vt 0.946875 0.953125
vt 0.943750 0.953125
vt 0.946875 0.950000
vt 0.943750 0.950000
vt 0.937500 0.950000
vt 0.928125 0.950000
vt 0.937500 0.928125
vt 0.946875 0.928125
vt 0.943750 0.928125
vt 0.918750 0.871875
vt 0.918750 1.000000
vt 0.856250 1.000000
vt 0.856250 0.871875
vt 0.331250 0.565625
vt 0.734375 0.687500
vt 0.734375 0.565625
vt 0.331250 0.646875
vt 0.331250 0.581250
vt 0.488387 0.853258
vt 0.709895 0.853258
vt 0.709895 0.853266
vt 0.488387 0.853266
vt 0.772165 0.661038
vt 0.772173 0.661038
vt 0.772173 0.882546
vt 0.772165 0.882546
vt 1.000000 0.831250
vt 0.993750 0.846875
vt 0.993750 0.178125
vt 1.000000 0.178125
vt 0.903125 0.415625
vt 0.903125 0.403125
vt 0.943750 0.403125
vt 0.943750 0.806250
vt 0.903125 0.806250
vt 0.903125 0.793750
vt 0.931250 0.793750
vt 0.931250 0.415625
vt 0.009375 0.243750
vt 0.050000 0.243750
vt 0.050000 0.265625
vt 0.009375 0.265625
vt 0.946875 0.756250
vt 0.946875 0.453125
vt 0.953125 0.462500
vt 0.953125 0.759375
vt 0.695835 0.392060
vt 0.691870 0.398929
vt 0.691870 0.195164
vt 0.695836 0.192875
vt 0.943750 0.356250
vt 0.956250 0.356250
vt 0.956250 0.621875
vt 0.943750 0.621875
vt 0.943750 0.593750
vt 0.943750 0.300000
vt 0.946875 0.300000
vt 0.956250 0.300000
vt 0.956250 0.593750
vt 0.532299 0.881567
vt 0.536265 0.881567
vt 0.536265 0.873636
vt 0.532299 0.873636
vt 0.209601 0.664445
vt 0.001257 0.664445
vt 0.008126 0.660479
vt 0.211890 0.660479
vt 0.946875 0.456250
vt 0.953125 0.446875
vt 0.953125 0.756250
vt 0.946875 0.759375
vt 0.943750 0.393750
vt 0.943750 0.703125
vt 0.956250 0.703125
vt 0.956250 0.393750
vt 0.956250 0.628125
vt 0.943750 0.628125
vt 0.002894 0.714147
vt 0.206658 0.714148
vt 0.199790 0.710182
vt 0.000605 0.710181
vt 0.956250 0.356250
vt 0.943750 0.356250
vt 0.943750 0.621875
vt 0.956250 0.621875
vt 0.953125 0.340625
vt 0.946875 0.340625
vt 0.946875 0.352677
vt 0.946875 0.748172
vt 0.710182 0.881567
vt 0.714148 0.881567
vt 0.714148 0.873636
vt 0.710182 0.873636
vt 0.008126 0.676175
vt 0.001257 0.680140
vt 0.209601 0.680141
vt 0.211890 0.676175
vt 0.002050 0.002336
vt 0.002050 0.000353
vt 0.002050 0.008284
vt 0.956250 0.393750
vt 0.956250 0.703125
vt 0.953125 0.703125
vt 0.943750 0.703125
vt 0.943750 0.393750
vt 0.975740 0.320784
vt 0.944516 0.383233
vt 0.944516 0.375302
vt 0.973757 0.316819
vt 0.971875 0.625000
vt 0.962500 0.625000
vt 0.962500 0.737500
vt 0.971875 0.737500
vt 0.899878 0.076118
vt 0.899878 0.150372
vt 0.896331 0.153032
vt 0.896331 0.083212
vt 0.962500 0.618750
vt 0.975000 0.737500
vt 0.975000 0.618750
vt 0.971875 0.618750
vt 0.965625 0.625000
vt 0.965625 0.734375
vt 0.959375 0.725000
vt 0.959375 0.621875
vt 0.731485 0.874933
vt 0.727519 0.876916
vt 0.786002 0.906157
vt 0.793933 0.906157
vt 0.975000 0.625000
vt 0.962500 0.621875
vt 0.975000 0.621875
vt 0.975000 0.725000
vt 0.962500 0.725000
vt 0.714474 0.066998
vt 0.715619 0.070963
vt 0.708750 0.070963
vt 0.707605 0.066998
vt 0.894647 0.453819
vt 0.894646 0.379566
vt 0.891099 0.386659
vt 0.891099 0.456479
vt 0.965625 0.621875
vt 0.965625 0.737500
vt 0.959375 0.740625
vt 0.959375 0.631250
vt 0.959375 0.618750
vt 0.959375 0.737500
vt 0.971875 0.628125
vt 0.971875 0.740625
vt 0.959375 0.628125
vt 0.393655 0.986121
vt 0.393655 0.994052
vt 0.397621 0.994052
vt 0.397621 0.986121
vt 0.961842 0.491794
vt 0.965277 0.491794
vt 0.965277 0.473949
vt 0.961842 0.473949
vt 0.307697 0.008284
vt 0.314565 0.008284
vt 0.314565 0.000353
vt 0.307697 0.000353
vt 0.833056 0.907726
vt 0.833056 0.651951
vt 0.829091 0.651951
vt 0.829091 0.907726
vt 0.943750 0.415625
vt 0.943750 0.793750
vt 0.934375 0.806250
vt 0.858024 0.984813
vt 0.858024 0.992744
vt 0.854058 0.992744
vt 0.854058 0.984813
vt 0.965625 0.700000
vt 0.959375 0.700000
vt 0.959375 0.662500
vt 0.965625 0.662500
vt 0.285136 0.987429
vt 0.278267 0.987429
vt 0.278267 0.995360
vt 0.285136 0.995360
vt 0.212500 0.378125
vt 0.331250 0.800000
vt 0.212500 0.800000
vt 0.687500 0.762500
vt 0.687500 0.818750
vt 0.646875 0.818750
vt 0.646875 0.753125
vt 0.546875 0.753125
vt 0.546875 0.803125
vt 0.546875 0.818750
vt 0.509375 0.815625
vt 0.509375 0.687500
vt 0.862500 0.687500
vt 0.784375 0.753125
vt 0.687500 0.753125
vt 0.946875 0.621875
vt 0.946875 0.753125
vt 0.950000 0.753125
vt 0.950000 0.621875
vt 0.950000 0.606250
vt 0.946875 0.609375
vt 0.946875 0.606250
vt 0.956250 0.753125
vt 0.956250 0.606250
vt 0.956250 0.609375
vt 0.950000 0.759375
vt 0.045104 0.514563
vt 0.045104 0.515554
vt 0.047087 0.515554
vt 0.047087 0.514563
vt 0.994052 0.456340
vt 0.997486 0.456340
vt 0.997486 0.454357
vt 0.994052 0.454357
vt 0.996035 0.906405
vt 0.994052 0.906405
vt 0.994052 0.908122
vt 0.996035 0.908122
vt 0.994972 0.448409
vt 0.994972 0.446426
vt 0.994052 0.446426
vt 0.994052 0.448409
vt 0.714148 0.838404
vt 0.714148 0.819516
vt 0.712165 0.819516
vt 0.712165 0.838404
vt 0.950000 0.737500
vt 0.946875 0.737500
vt 0.943750 0.746875
vt 0.953125 0.746875
vt 0.953125 0.743750
vt 0.943750 0.743750
vt 0.994052 0.458323
vt 0.994052 0.460305
vt 0.997486 0.460305
vt 0.997486 0.458323
vt 0.994052 0.909839
vt 0.994052 0.908122
vt 0.996035 0.908122
vt 0.996035 0.909839
vt 0.950000 0.756250
vt 0.950000 0.728125
vt 0.946875 0.728125
vt 0.950000 0.612500
vt 0.946875 0.612500
vt 0.953125 0.603125
vt 0.956250 0.759375
vt 0.998212 0.252492
vt 0.999203 0.252492
vt 0.999203 0.254475
vt 0.998212 0.254475
vt 0.761234 0.309864
vt 0.759252 0.309864
vt 0.759252 0.310784
vt 0.761234 0.310784
vt 0.950000 0.631250
vt 0.946875 0.631250
vt 0.999203 0.262406
vt 0.994052 0.262406
vt 0.994052 0.264389
vt 0.999203 0.264389
vt 0.950000 0.625000
vt 0.946875 0.625000
vt 0.999203 0.256458
vt 0.998212 0.256458
vt 0.994052 0.464271
vt 0.997486 0.464271
vt 0.997486 0.466254
vt 0.994052 0.466254
vt 0.063533 0.997976
vt 0.063533 0.999958
vt 0.065250 0.999958
vt 0.065250 0.997976
vt 0.043163 0.511290
vt 0.041180 0.511290
vt 0.041180 0.512210
vt 0.043163 0.512210
vt 0.117042 0.805128
vt 0.117042 0.824017
vt 0.119025 0.824017
vt 0.119025 0.805128
vt 0.943750 0.603125
vt 0.953125 0.600000
vt 0.943750 0.600000
vt 0.994052 0.458323
vt 0.994052 0.456340
vt 0.997486 0.456340
vt 0.997486 0.458323
vt 0.066968 0.999958
vt 0.066968 0.997976
vt 0.950000 0.615625
vt 0.946875 0.615625
vt 0.946875 0.731250
vt 0.950000 0.731250
vt 0.946875 0.618750
vt 0.950000 0.618750
vt 0.008481 0.747380
vt 0.008481 0.748371
vt 0.010464 0.748371
vt 0.010464 0.747380
vt 0.994972 0.450391
vt 0.994972 0.448409
vt 0.994052 0.448409
vt 0.994052 0.450391
vt 0.994052 0.268355
vt 0.999203 0.268355
vt 0.999203 0.266372
vt 0.994052 0.266372
vt 0.978125 0.887500
vt 0.978125 0.893750
vt 0.971875 0.893750
vt 0.971875 0.896875
vt 0.956250 0.896875
vt 0.956250 0.893750
vt 0.950000 0.893750
vt 0.950000 0.887500
vt 0.946875 0.887500
vt 0.981250 0.878125
vt 0.981250 0.887500
vt 0.504129 0.944349
vt 0.540189 0.944349
vt 0.540189 0.882884
vt 0.504129 0.882884
vt 0.978125 0.225000
vt 0.978125 0.825000
vt 0.862500 1.000000
vt 0.928125 1.006250
vt 0.862500 1.006250
vt 0.025000 0.171875
vt 0.025000 0.087500
vt 1.000000 0.203700
vt 1.000000 0.778125
vt 0.993750 0.778125
vt 0.478125 0.378125
vt 0.704663 0.609511
vt 0.405885 0.609511
vt 0.711532 0.609511
vt 0.809375 0.687500
vt 0.809375 0.840625
vt 0.509375 0.840625
vt 0.443750 0.687500
vt 0.443750 0.815625
vt 0.784375 0.818750
vt 0.862500 0.840625
vt 0.196875 0.243750
vt 0.128125 0.243750
vt 0.050000 0.300000
vt 0.346875 0.537500
vt 0.346875 0.546875
vt 0.350000 0.546875
vt 0.350000 0.537500
vt 0.331250 0.546875
vt 0.331250 0.537500
vt 0.334375 0.537500
vt 0.334375 0.546875
vt 0.331250 0.540625
vt 0.350000 0.540625
vt 0.331250 0.543750
vt 0.350000 0.543750
vt 0.346875 0.556250
vt 0.346875 0.565625
vt 0.350000 0.565625
vt 0.350000 0.556250
vt 0.331250 0.556250
vt 0.334375 0.556250
vt 0.334375 0.565625
vt 0.331250 0.559375
vt 0.350000 0.559375
vt 0.331250 0.562500
vt 0.350000 0.562500
vt 0.346875 0.528125
vt 0.350000 0.528125
vt 0.331250 0.528125
vt 0.334375 0.528125
vt 0.331250 0.531250
vt 0.350000 0.531250
vt 0.331250 0.534375
vt 0.350000 0.534375
vt 0.331250 0.550000
vt 0.350000 0.550000
vt 0.331250 0.553125
vt 0.350000 0.553125
vt 0.350000 0.537981
vt 0.350000 0.546394
vt 0.343750 0.537500
vt 0.343750 0.528125
vt 0.337500 0.531250
vt 0.337500 0.528125
vt 0.337500 0.537500
vt 0.337500 0.534375
vt 0.343750 0.565625
vt 0.343750 0.556250
vt 0.337500 0.559375
vt 0.337500 0.556250
vt 0.337500 0.565625
vt 0.337500 0.562500
vt 0.340625 0.537500
vt 0.340625 0.546875
vt 0.340625 0.537500
vt 0.340625 0.540625
vt 0.340625 0.543750
vt 0.340625 0.528125
vt 0.340625 0.528125
vt 0.340625 0.531250
vt 0.340625 0.534375
vt 0.340625 0.534375
vt 0.343750 0.534375
vt 0.343750 0.528125
vt 0.347074 0.528125
vt 0.337500 0.528125
vt 0.337500 0.537500
vt 0.346857 0.537500
vt 0.340625 0.537500
vt 0.340625 0.528125
vt 0.340625 0.531250
vt 0.340625 0.534375
vt 0.343750 0.531250
vt 0.337500 0.531250
vt 0.337500 0.534375
vt 0.528846 0.500000
vt 0.471154 0.500000
vt 0.984375 0.846875
vt 0.984375 0.925000
vt 0.981250 0.925000
vt 0.981250 0.846875
vt 0.993750 0.925000
vt 0.993750 0.915625
vt 0.996875 0.915625
vt 0.996875 0.925000
vt 0.996875 0.846875
vt 0.993750 0.993750
vt 0.984375 0.993750
vt 0.993750 0.928125
vt 0.984375 0.928125
vt 0.984375 0.996875
vt 0.981250 0.996875
vt 0.981250 0.993750
vt 0.981250 1.000000
vt 0.978125 1.000000
vt 0.978125 0.996875
vt 0.993750 0.996875
vt 0.996875 0.993750
vt 0.996875 0.996875
vt 0.993750 0.931250
vt 0.984375 0.931250
vt 0.993750 1.000000
vt 0.996875 1.000000
vt 0.984375 1.000000
vt 0.990625 0.931250
vt 0.990625 0.928125
vt 1.000000 0.996875
vt 1.000000 1.000000
vt 0.006250 0.281250
vt 0.018750 0.281250
vt 0.018750 0.284375
vt 0.006250 0.284375
vt 0.037500 0.265625
vt 0.037500 0.268750
vt 0.040625 0.268750
vt 0.040625 0.265625
vt 0.050000 0.278125
vt 0.034375 0.278125
vt 0.034375 0.268750
vt 0.046875 0.265625
vt 0.046875 0.268750
vt 0.050000 0.268750
vt 0.037500 0.271875
vt 0.034375 0.271875
vt 0.034375 0.281250
vt 0.050000 0.281250
vt 0.034375 0.284375
vt 0.037500 0.278125
vt 0.037500 0.284375
vt 0.050000 0.284375
vt 0.046875 0.284375
vt 0.046875 0.278125
vt 0.006250 0.271875
vt 0.006250 0.268750
vt 0.015625 0.268750
vt 0.015625 0.271875
vt 0.025000 0.284375
vt 0.025000 0.275000
vt 0.028125 0.275000
vt 0.028125 0.268750
vt 0.031250 0.268750
vt 0.031250 0.271875
vt 0.031250 0.281250
vt 0.031250 0.284375
vt 0.006250 0.281250
vt 0.006250 0.278125
vt 0.018750 0.278125
vt 0.018750 0.271875
vt 0.018750 0.281250
vt 0.015625 0.281250
vt 0.015625 0.271875
vt 0.003125 0.271875
vt 0.003125 0.265625
vt 0.006250 0.265625
vt 0.018750 0.271875
vt 0.009375 0.268750
vt 0.009375 0.281250
vt -0.000000 0.275000
vt -0.000000 0.271875
vt 0.003125 0.275000
vt 0.018750 0.265625
vt 0.018750 0.268750
vt 0.003125 0.268750
vt 0.006250 0.284375
vt 0.009375 0.284375
vt 0.003125 0.281250
vt 0.003125 0.278125
vt -0.000000 0.278125
vt 0.028125 0.265625
vt 0.025000 0.265625
vt 0.025000 0.268750
vt 0.028125 0.278125
vt 0.025000 0.278125
vt 0.031250 0.275000
vt 0.015625 0.275000
vt 0.018750 0.275000
vt 0.012500 0.271875
vt 0.012500 0.268750
vt 0.015625 0.265625
vt 0.021875 0.268750
vt 0.021875 0.271875
vt 0.015625 0.281250
vt 0.015625 0.278125
vt 0.025000 0.281250
vt 0.028125 0.271875
vt 0.034375 0.275000
vt 0.021875 0.278125
vt 0.021875 0.281250
vt 0.028125 0.284375
vt 0.028125 0.281250
vt 0.031250 0.278125
vt 0.025000 0.271875
vt 0.018750 0.287500
vt 0.021875 0.287500
vt 0.021875 0.303125
vt 0.018750 0.303125
vt 0.018750 0.306250
vt 0.015625 0.306250
vt 0.006250 0.306250
vt 0.003125 0.306250
vt 0.003125 0.303125
vt 0.000000 0.303125
vt 0.000000 0.287500
vt 0.003125 0.287500
vt 0.003125 0.284375
vt 0.015625 0.300000
vt 0.015625 0.303125
vt 0.006250 0.303125
vt 0.006250 0.300000
vt 0.003125 0.300000
vt 0.003125 0.290625
vt 0.006250 0.290625
vt 0.006250 0.287500
vt 0.015625 0.287500
vt 0.015625 0.290625
vt 0.018750 0.290625
vt 0.018750 0.300000
vt 0.912500 0.868750
vt 0.912500 0.871875
vt 0.909375 0.871875
vt 0.909375 0.868750
vt 0.909375 0.840625
vt 0.912500 0.840625
vt 0.959375 0.806250
vt 0.956250 0.806250
vt 0.956250 0.871875
vt 0.959375 0.871875
vt 0.862500 0.806250
vt 0.865625 0.806250
vt 0.959375 0.809375
vt 0.862500 0.809375
vt 0.937500 0.809375
vt 0.959375 0.868750
vt 0.862500 0.868750
vt 0.884375 0.868750
vt 0.937500 0.868750
vt 0.934375 0.868750
vt 0.934375 0.840625
vt 0.934375 0.837500
vt 0.934375 0.809375
vt 0.887500 0.840625
vt 0.887500 0.868750
vt 0.884375 0.840625
vt 0.909375 0.837500
vt 0.887500 0.837500
vt 0.912500 0.837500
vt 0.912500 0.809375
vt 0.884375 0.871875
vt 0.884375 0.837500
vt 0.909375 0.809375
vt 0.887500 0.809375
vt 0.884375 0.809375
vt 0.884375 0.806250
vt 0.912500 0.806250
vt 0.887500 0.871875
vt 0.887500 0.806250
vt 0.909375 0.806250
vt 0.978125 0.943750
vt 0.971875 1.000000
vt 0.971875 0.943750
vt 0.975000 0.943750
vt 0.975000 1.000000
vt 0.600000 0.175000
vt 0.000000 0.175000
vt 0.000000 0.243750
vt 0.531250 0.243750
vt 0.600000 0.243750
vt 0.600000 0.312500
vt 0.196875 0.312500
vt 0.956250 0.212500
vt 0.943750 0.759375
vt 0.943750 0.212500
vt 0.978125 0.740625
vt 0.956250 0.740625
vt 0.956250 0.671875
vt 0.956250 0.268750
vt 0.978125 0.043750
vt 0.978125 0.065625
vt 1.000000 0.043750
vt 0.956250 0.718750
vt 0.215625 0.087500
vt 0.215625 0.162500
vt 0.050000 0.162500
vt 0.050000 0.087500
vt 0.128125 0.087500
vt 0.618750 0.175000
vt 0.215625 0.175000
s 0
usemtl Material
f 2/1/1 1/2/1 3/3/1
f 6/4/2 4/5/2 5/6/2 7/7/2
f 280/8/3 286/9/3 228/9/3 222/10/3 223/11/3 547/12/3 218/12/3 10/13/3 227/14/3 226/15/3 549/16/3 548/17/3 229/18/3 233/18/3
f 52/19/4 51/20/4 13/21/4 558/22/4 14/23/4 16/24/4 17/25/4
f 67/26/5 15/27/5 216/28/5 68/29/5
f 13/30/5 12/31/5 64/32/5 63/33/5 559/34/5 558/35/5
f 25/21/4 40/36/4 38/37/4 26/38/4
f 31/39/1 42/40/1 49/41/1 48/42/1 27/43/1 36/44/1 39/45/1 40/46/1 25/47/1 32/48/1 45/49/1 46/50/1 24/51/1 22/38/1
f 47/19/3 34/52/3 48/53/3 49/54/3
f 26/55/3 33/56/3 32/57/3 25/58/3
f 207/59/5 6199/60/5 6200/61/5 210/62/5 204/63/5 6202/64/5 239/65/5
f 29/55/3 37/56/3 36/57/3 27/58/3
f 27/36/4 48/66/4 34/67/4 29/37/4
f 26/47/5 38/46/5 35/45/5 37/44/5 29/43/5 34/42/5 47/41/5 41/40/5 30/39/5 21/38/5 23/51/5 44/50/5 43/49/5 33/48/5
f 36/68/6 37/69/6 35/70/6 39/71/6
f 43/19/3 44/52/3 46/53/3 45/54/3
f 35/37/3 38/72/3 40/73/3 39/36/3
f 30/55/3 41/56/3 42/57/3 31/58/3
f 32/68/6 33/69/6 43/70/6 45/71/6
f 42/68/6 41/69/6 47/70/6 49/71/6
f 51/74/7 24/75/7 23/76/7
f 23/76/2 13/77/2 51/74/2
f 21/78/3 12/79/3 13/80/3 23/81/3
f 50/80/3 22/82/3 24/83/3 51/79/3
f 28/84/5 69/1/5 70/85/5 71/86/5
f 86/87/1 88/88/1 92/89/1 91/90/1
f 87/91/5 85/92/5 90/93/5 93/94/5 89/95/5
f 88/96/6 87/97/6 89/91/6 95/98/6 94/99/6 92/89/6
f 252/100/4 239/101/4 6202/102/4 6201/103/4 203/103/4 205/104/4 6204/105/4 6203/106/4 255/107/4
f 96/108/1 100/109/1 116/110/1 112/111/1
f 102/112/6 103/113/6 119/114/6 131/115/6 130/116/6 118/117/6
f 100/118/6 172/119/6 101/120/6 117/121/6 129/122/6 128/123/6 116/124/6
f 107/125/4 106/126/4 122/127/4 123/128/4
f 97/129/3 101/130/3 105/131/3 106/126/3 102/132/3 98/133/3 99/134/3 93/135/3 90/92/3 91/90/3 92/89/3 94/99/3 109/121/3 108/124/3 104/136/3 169/137/3 171/138/3 168/139/3 100/110/3 96/111/3
f 109/121/3 94/99/3 95/98/3 110/117/3 106/126/3 105/131/3
f 107/125/3 111/114/3 110/117/3 95/98/3 89/91/3 93/135/3 99/134/3 103/140/3 102/132/3 106/126/3
f 97/129/4 96/111/4 112/141/4 113/142/4
f 108/118/6 109/120/6 125/121/6 124/124/6
f 104/143/1 108/144/1 124/124/1 132/145/1 120/136/1
f 101/140/5 97/134/5 113/146/5 117/147/5
f 109/114/5 105/125/5 121/148/5 133/149/5 125/150/5
f 98/108/1 102/109/1 118/110/1 114/111/1
f 99/134/4 98/133/4 114/151/4 115/152/4
f 110/112/6 111/113/6 127/114/6 126/117/6
f 106/143/1 110/144/1 126/124/1 134/145/1 122/136/1
f 105/131/4 170/153/4 104/136/4 120/154/4 121/155/4
f 103/140/5 99/134/5 115/146/5 119/147/5
f 111/114/5 107/125/5 123/148/5 135/156/5 127/150/5
f 126/117/3 127/114/3 135/157/3 139/158/3 138/159/3 134/160/3
f 137/161/3 139/158/3 135/157/3 123/125/3 122/126/3 134/160/3 138/159/3 136/162/3
f 136/163/5 138/164/5 154/159/5 152/162/5
f 140/165/3 141/166/3 133/167/3 121/131/3 120/136/3 132/145/3 142/168/3
f 151/169/1 149/170/1 165/171/1 167/172/1
f 145/170/3 147/169/3 131/173/3 119/140/3 115/134/3 114/133/3 118/132/3 130/174/3 146/175/3 144/176/3
f 148/177/5 150/178/5 166/175/5 164/176/5
f 146/175/3 130/174/3 131/173/3 147/169/3
f 146/179/4 147/180/4 163/169/4 162/175/4
f 150/181/3 128/182/3 129/183/3 151/184/3
f 152/162/3 154/159/3 155/158/3 153/161/3
f 156/165/3 158/168/3 159/185/3 157/166/3
f 160/176/3 162/175/3 163/169/3 161/170/3
f 164/186/3 166/181/3 167/184/3 165/187/3
f 149/187/6 148/186/6 164/188/6 165/189/6
f 139/158/1 137/161/1 153/190/1 155/191/1
f 137/161/6 136/162/6 152/192/6 153/193/6
f 142/194/4 143/195/4 159/185/4 158/168/4
f 144/177/5 146/178/5 162/175/5 160/176/5
f 147/169/1 145/170/1 161/171/1 163/172/1
f 145/170/6 144/176/6 160/196/6 161/197/6
f 150/198/4 151/199/4 167/184/4 166/181/4
f 138/200/4 139/201/4 155/158/4 154/159/4
f 140/163/5 142/164/5 158/159/5 156/162/5
f 143/158/1 141/161/1 157/190/1 159/191/1
f 141/166/6 140/165/6 156/202/6 157/203/6
f 173/204/4 175/205/4 177/138/4 171/139/4
f 175/205/3 174/204/3 176/139/3 177/138/3
f 172/204/1 174/182/1 175/206/1 173/205/1
f 171/207/5 177/138/5 176/139/5 168/109/5
f 168/139/6 176/138/6 174/205/6 172/204/6
f 184/208/3 181/209/3 180/210/3 185/211/3
f 185/212/6 180/213/6 183/214/6 178/215/6
f 179/213/4 182/212/4 181/208/4 184/209/4
f 178/210/8 183/211/8 182/208/8 179/209/8
f 192/216/3 189/209/3 188/210/3 193/217/3
f 193/212/6 188/218/6 191/219/6 186/215/6
f 187/218/4 190/212/4 189/208/4 192/220/4
f 186/221/8 191/211/8 190/208/8 187/220/8
f 200/208/1 197/222/1 196/223/1 201/211/1
f 201/212/6 196/224/6 199/225/6 194/215/6
f 195/213/4 198/226/4 197/227/4 200/209/4
f 194/210/5 199/228/5 198/227/5 195/209/5
f 78/87/5 83/229/5 82/230/5 80/214/5
f 79/97/1 81/231/1 84/232/1 77/92/1
f 169/137/3 170/153/3 105/131/3 101/130/3 172/204/3 173/205/3 171/138/3
f 229/233/5 548/1/5 220/1/5 221/234/5 314/235/5
f 230/235/1 219/234/1 218/1/1 547/1/1 223/236/1 222/237/1 228/233/1
f 229/238/4 314/239/4 276/240/4 233/241/4
f 228/242/9 286/243/9 231/244/9 230/245/9
f 252/246/3 255/101/3 208/247/3 207/248/3 239/249/3
f 305/250/4 310/251/4 307/252/4 313/253/4 317/254/4 316/255/4 314/256/4 229/257/4
f 234/258/3 235/259/3 237/260/3 236/261/3
f 124/124/3 125/121/3 133/167/3 141/166/3 143/185/3 142/168/3 132/145/3
f 251/262/5 239/263/5 238/264/5 516/265/5
f 240/266/1 241/267/1 243/268/1 244/269/1
f 241/270/2 239/271/2 251/272/2 243/273/2
f 516/274/10 238/275/10 242/276/10 240/277/10 244/278/10
f 244/279/11 243/280/11 251/281/11 516/282/11
f 249/283/1 246/284/1 245/285/1 243/286/1
f 247/287/5 248/288/5 250/289/5 251/290/5
f 243/291/12 245/292/12 247/293/12 251/294/12
f 251/272/13 250/295/13 249/296/13 243/273/13
f 257/297/5 252/298/5 253/299/5 256/300/5
f 254/264/1 255/263/1 264/262/1 467/265/1
f 255/301/2 252/302/2 257/303/2 264/304/2
f 256/274/10 253/275/10 254/277/10 467/278/10
f 293/265/1 298/305/1 299/306/1 6210/307/1 6206/308/1 294/290/1
f 467/309/11 264/310/11 257/311/11 256/312/11
f 265/289/1 258/288/1 259/287/1 264/290/1
f 260/313/5 261/314/5 266/315/5 257/316/5
f 262/317/14 258/318/14 261/319/14
f 264/320/12 259/321/12 263/322/12 260/323/12 257/324/12
f 257/296/13 266/273/13 265/272/13 264/295/13
f 272/325/3 273/326/3 231/327/3 232/328/3
f 272/329/15 269/330/15 274/331/15 273/332/15
f 277/333/3 271/334/3 272/335/3 276/336/3
f 275/337/16 270/331/16 271/338/16 277/339/16
f 272/329/17 271/340/17 270/337/17 269/330/17
f 279/341/3 285/342/3 284/343/3 278/344/3
f 281/345/8 280/346/8 286/347/8 287/348/8
f 279/349/15 281/330/15 287/331/15 285/338/15
f 280/350/18 278/351/18 284/352/18 286/353/18
f 280/354/19 281/355/19 279/356/19 278/357/19
f 282/358/8 288/359/8 233/360/8 281/361/8
f 290/362/3 283/363/3 279/364/3 289/365/3
f 288/366/16 282/367/16 283/332/16 290/340/16
f 289/368/20 279/369/20 281/364/20 233/370/20
f 279/349/17 283/339/17 282/337/17 281/330/17
f 315/257/6 319/250/6 318/251/6 312/252/6 306/253/6 311/254/6 309/255/6 308/256/6
f 295/371/5 297/372/5 296/373/5 292/374/5
f 291/375/8 228/376/8 295/377/8 292/378/8
f 253/379/6 252/380/6 255/381/6 254/382/6
f 291/383/5 6207/383/5 6208/383/5 300/384/5 230/385/5 228/386/5
f 306/290/5 312/306/5 313/305/5 307/265/5
f 294/252/6 6206/387/6 6210/388/6 299/253/6 6212/389/6 302/254/6 301/255/6 6211/256/6 6209/256/6 300/256/6 6208/257/6 6207/257/6 291/257/6 292/250/6 296/251/6
f 309/390/1 311/391/1 310/392/1 305/393/1
f 310/394/3 311/395/3 306/396/3 307/397/3
f 245/398/6 246/399/6 248/400/6 247/401/6
f 296/396/3 297/397/3 293/394/3 294/395/3
f 325/402/16 320/5/16 321/403/16 322/404/16
f 322/402/15 323/5/15 324/403/15 325/404/15
f 59/405/3 62/406/3 56/407/3 55/408/3 53/409/3 54/410/3 550/411/3 553/412/3 19/412/3 16/413/3 14/414/3 557/415/3 58/416/3
f 370/208/3 367/209/3 366/210/3 371/211/3
f 371/212/6 366/213/6 369/214/6 364/215/6
f 365/213/4 368/212/4 367/208/4 370/209/4
f 364/210/8 369/211/8 368/208/8 365/209/8
f 378/208/3 375/209/3 374/210/3 379/211/3
f 379/212/6 374/213/6 377/214/6 372/215/6
f 373/213/4 376/212/4 375/208/4 378/209/4
f 372/210/8 377/211/8 376/208/8 373/209/8
f 386/208/1 383/209/1 382/210/1 387/211/1
f 387/212/6 382/213/6 385/214/6 380/215/6
f 381/213/4 384/212/4 383/208/4 386/209/4
f 380/210/5 385/211/5 384/208/5 381/209/5
f 394/208/1 391/209/1 390/210/1 395/211/1
f 395/212/6 390/213/6 393/214/6 388/215/6
f 389/213/4 392/212/4 391/208/4 394/209/4
f 388/210/5 393/211/5 392/208/5 389/209/5
f 402/208/1 399/209/1 398/210/1 403/211/1
f 403/212/6 398/213/6 401/214/6 396/215/6
f 397/213/4 400/212/4 399/208/4 402/209/4
f 396/210/5 401/211/5 400/208/5 397/209/5
f 410/208/1 407/209/1 406/210/1 411/211/1
f 411/212/6 406/213/6 409/214/6 404/215/6
f 405/213/4 408/212/4 407/208/4 410/209/4
f 404/210/5 409/211/5 408/208/5 405/209/5
f 418/208/3 415/209/3 414/210/3 419/211/3
f 419/212/6 414/213/6 417/214/6 412/215/6
f 413/213/4 416/212/4 415/208/4 418/209/4
f 412/210/8 417/211/8 416/208/8 413/209/8
f 425/417/21 420/418/21 421/419/21 424/420/21
f 439/421/1 432/422/1 426/423/1 422/290/1 420/424/1 425/425/1 427/426/1
f 430/420/12 423/427/12 422/290/12 426/417/12
f 426/428/8 432/429/8 429/430/8 430/431/8
f 439/432/8 427/433/8 428/434/8 438/435/8
f 429/436/6 432/437/6 439/438/6 438/439/6
f 425/440/6 424/441/6 428/442/6 427/443/6
f 431/444/6 436/445/6 437/446/6 433/447/6
f 447/448/4 446/419/4 449/418/4 448/449/4
f 436/450/3 429/451/3 432/452/3 437/453/3
f 433/453/8 435/452/8 434/451/8 431/450/8
f 457/454/8 458/455/8 440/456/8 441/457/8
f 435/458/4 458/459/4 457/460/4 434/461/4
f 443/262/8 444/462/8 447/427/8 448/290/8
f 440/463/4 444/448/4 443/449/4 441/464/4
f 445/462/3 442/262/3 449/290/3 446/427/3
f 445/419/4 427/427/4 428/290/4 442/418/4
f 455/465/2 450/419/2 451/418/2 454/466/2
f 458/467/1 440/422/1 454/423/1 451/418/1 453/468/1 459/425/1 435/425/1
f 459/466/10 453/290/10 452/427/10 456/465/10
f 456/469/3 434/470/3 435/471/3 459/472/3
f 455/473/6 454/474/6 440/475/6 441/476/6
f 465/427/3 463/477/3 462/478/3 464/290/3
f 461/479/6 462/480/6 463/481/6 460/482/6
f 468/424/1 460/425/1 463/423/1 465/418/1 467/289/1
f 461/478/8 460/477/8 468/427/8 466/290/8
f 474/483/2 469/419/2 470/418/2 473/484/2
f 476/467/5 480/425/5 475/425/5 471/468/5 469/418/5 474/423/5 477/422/5
f 478/484/10 472/290/10 471/427/10 475/483/10
f 475/472/3 480/471/3 481/485/3 478/486/3
f 476/487/3 477/488/3 490/489/3 486/490/3
f 481/491/6 480/492/6 476/493/6 486/494/6
f 474/495/6 473/496/6 490/497/6 477/498/6
f 479/499/6 484/500/6 485/501/6 482/502/6
f 496/418/4 495/449/4 498/448/4 497/419/4
f 484/503/8 481/467/8 480/504/8 485/505/8
f 482/505/3 506/504/3 483/467/3 479/503/3
f 487/506/3 507/507/3 488/508/3 489/509/3
f 506/510/4 507/493/4 487/494/4 483/511/4
f 492/466/3 493/465/3 496/512/3 497/513/3
f 488/290/4 493/418/4 492/419/4 489/427/4
f 494/465/8 491/466/8 498/513/8 495/512/8
f 494/449/4 477/514/4 490/515/4 491/448/4
f 504/516/21 499/418/21 500/419/21 503/517/21
f 507/421/5 488/426/5 503/425/5 500/424/5 502/290/5 508/423/5 506/422/5
f 508/517/12 502/427/12 501/290/12 505/516/12
f 505/518/8 483/519/8 506/520/8 508/521/8
f 504/522/6 503/523/6 488/524/6 489/525/6
f 514/427/8 512/512/8 511/513/8 513/290/8
f 510/526/6 511/527/6 512/528/6 509/529/6
f 517/418/5 509/423/5 512/425/5 514/424/5 516/289/5
f 510/513/3 509/512/3 517/427/3 515/290/3
f 476/530/5 477/531/5 494/532/5 495/533/5 496/534/5 493/535/5 488/536/5 507/537/5 506/538/5 482/208/5 485/539/5 480/540/5
f 521/541/8 519/542/8 518/543/8 520/544/8
f 149/187/3 151/184/3 129/183/3 117/130/3 113/129/3 112/111/3 116/110/3 128/182/3 150/181/3 148/186/3
f 439/537/1 427/536/1 445/535/1 446/534/1 447/533/1 444/532/1 440/531/1 458/530/1 435/540/1 433/539/1 437/208/1 432/538/1
f 522/258/3 523/259/3 525/260/3 524/261/3
f 206/545/6 202/546/6 6199/102/6 207/101/6 208/107/6 6198/106/6
f 526/258/3 527/259/3 529/260/3 528/261/3
f 530/261/5 531/260/5 533/259/5 532/258/5
f 534/261/5 535/260/5 537/259/5 536/258/5
f 78/87/3 80/214/3 79/547/3 77/93/3 85/92/3 87/91/3 88/89/3 86/90/3
f 80/88/4 82/548/4 81/549/4 79/95/4
f 538/261/5 539/260/5 541/259/5 540/258/5
f 230/257/4 304/250/4 303/251/4 298/252/4 293/253/4 297/254/4 295/255/4 228/256/4
f 24/550/4 46/54/4 44/19/4 23/551/4
f 255/63/1 6203/552/1 258/553/1 209/554/1 6198/61/1 208/62/1
f 542/261/5 543/260/5 545/259/5 544/258/5
f 51/80/1 52/555/1 546/31/1 65/30/1 50/79/1
f 267/556/2 242/557/2 268/558/2
f 546/1/1 52/559/1 215/560/1 66/85/1
f 225/13/3 11/13/3 10/13/3 218/12/3 220/17/3 548/17/3 549/16/3 224/16/3
f 18/561/3 215/85/3 52/1/3 17/562/3 20/563/3 19/412/3 553/412/3 550/411/3 57/411/3 56/407/3 62/406/3 555/564/3 554/564/3 61/564/3 60/415/3 557/415/3 14/414/3 216/565/3
f 556/566/6 217/567/6 71/259/6 214/568/6 213/68/6
f 562/569/8 563/570/8 567/571/8 566/572/8
f 566/572/5 567/571/5 565/573/5 564/574/5
f 564/575/3 565/576/3 561/573/3 560/574/3
f 562/574/6 566/577/6 564/578/6 560/572/6
f 567/573/4 563/579/4 561/580/4 565/571/4
f 570/581/5 571/582/5 575/583/5 574/584/5
f 574/584/3 575/583/3 573/233/3 572/585/3
f 572/586/1 573/587/1 569/233/1 568/585/1
f 570/585/6 574/588/6 572/589/6 568/584/6
f 575/233/4 571/590/4 569/591/4 573/583/4
f 578/592/5 579/569/5 583/572/5 582/593/5
f 582/593/3 583/572/3 581/574/3 580/594/3
f 580/595/1 581/575/1 577/574/1 576/594/1
f 578/594/6 582/596/6 580/597/6 576/593/6
f 583/574/4 579/598/4 577/599/4 581/572/4
f 586/569/5 587/570/5 591/571/5 590/572/5
f 590/572/3 591/571/3 589/573/3 588/574/3
f 588/575/1 589/576/1 585/573/1 584/574/1
f 586/574/6 590/577/6 588/578/6 584/572/6
f 591/573/4 587/579/4 585/580/4 589/571/4
f 594/592/5 595/569/5 599/572/5 598/593/5
f 598/593/3 599/572/3 597/574/3 596/594/3
f 596/595/1 597/575/1 593/574/1 592/594/1
f 594/594/6 598/596/6 596/597/6 592/593/6
f 599/574/4 595/598/4 593/599/4 597/572/4
f 602/581/5 603/582/5 607/583/5 606/584/5
f 606/584/3 607/583/3 605/233/3 604/585/3
f 604/586/1 605/587/1 601/233/1 600/585/1
f 602/585/6 606/588/6 604/589/6 600/584/6
f 607/233/4 603/590/4 601/591/4 605/583/4
f 610/592/5 611/569/5 615/572/5 614/593/5
f 614/593/3 615/572/3 613/574/3 612/594/3
f 612/595/1 613/575/1 609/574/1 608/594/1
f 610/594/6 614/596/6 612/597/6 608/593/6
f 615/574/4 611/598/4 609/599/4 613/572/4
f 618/569/5 619/570/5 623/571/5 622/572/5
f 622/572/3 623/571/3 621/573/3 620/574/3
f 620/575/1 621/576/1 617/573/1 616/574/1
f 618/574/6 622/577/6 620/578/6 616/572/6
f 623/573/4 619/579/4 617/580/4 621/571/4
f 626/569/5 627/570/5 631/571/5 630/572/5
f 630/572/3 631/571/3 629/573/3 628/574/3
f 628/575/1 629/576/1 625/573/1 624/574/1
f 626/574/6 630/577/6 628/578/6 624/572/6
f 631/573/4 627/579/4 625/580/4 629/571/4
f 634/569/5 635/570/5 639/571/5 638/572/5
f 638/572/3 639/571/3 637/573/3 636/574/3
f 636/575/1 637/576/1 633/573/1 632/574/1
f 634/574/6 638/577/6 636/578/6 632/572/6
f 639/573/4 635/579/4 633/580/4 637/571/4
f 642/592/5 643/569/5 647/572/5 646/593/5
f 646/593/3 647/572/3 645/574/3 644/594/3
f 644/595/1 645/575/1 641/574/1 640/594/1
f 642/594/6 646/596/6 644/597/6 640/593/6
f 647/574/4 643/598/4 641/599/4 645/572/4
f 650/581/5 651/582/5 655/583/5 654/584/5
f 654/584/3 655/583/3 653/233/3 652/585/3
f 652/586/1 653/587/1 649/233/1 648/585/1
f 650/585/6 654/588/6 652/589/6 648/584/6
f 655/233/4 651/590/4 649/591/4 653/583/4
f 658/569/5 659/570/5 663/571/5 662/572/5
f 662/572/3 663/571/3 661/573/3 660/574/3
f 660/575/1 661/576/1 657/573/1 656/574/1
f 658/574/6 662/577/6 660/578/6 656/572/6
f 663/573/4 659/579/4 657/580/4 661/571/4
f 666/592/5 667/569/5 671/572/5 670/593/5
f 670/593/3 671/572/3 669/574/3 668/594/3
f 668/595/1 669/575/1 665/574/1 664/594/1
f 666/594/6 670/596/6 668/597/6 664/593/6
f 671/574/4 667/598/4 665/599/4 669/572/4
f 674/581/5 675/582/5 679/583/5 678/584/5
f 678/584/3 679/583/3 677/233/3 676/585/3
f 676/586/1 677/587/1 673/233/1 672/585/1
f 674/585/6 678/588/6 676/589/6 672/584/6
f 679/233/4 675/590/4 673/591/4 677/583/4
f 682/569/5 683/570/5 687/571/5 686/572/5
f 686/572/3 687/571/3 685/573/3 684/574/3
f 684/575/1 685/576/1 681/573/1 680/574/1
f 682/574/6 686/577/6 684/578/6 680/572/6
f 687/573/4 683/579/4 681/580/4 685/571/4
f 690/581/5 691/582/5 695/583/5 694/584/5
f 694/584/3 695/583/3 693/233/3 692/585/3
f 692/586/1 693/587/1 689/233/1 688/585/1
f 690/585/6 694/588/6 692/589/6 688/584/6
f 695/233/4 691/590/4 689/591/4 693/583/4
f 698/592/5 699/569/5 703/572/5 702/593/5
f 702/593/3 703/572/3 701/574/3 700/594/3
f 700/595/1 701/575/1 697/574/1 696/594/1
f 698/594/6 702/596/6 700/597/6 696/593/6
f 703/574/4 699/598/4 697/599/4 701/572/4
f 706/569/5 707/570/5 711/571/5 710/572/5
f 710/572/3 711/571/3 709/573/3 708/574/3
f 708/575/1 709/576/1 705/573/1 704/574/1
f 706/574/6 710/577/6 708/578/6 704/572/6
f 711/573/4 707/579/4 705/580/4 709/571/4
f 714/581/5 715/582/5 719/583/5 718/584/5
f 718/584/3 719/583/3 717/233/3 716/585/3
f 716/586/1 717/587/1 713/233/1 712/585/1
f 714/585/6 718/588/6 716/589/6 712/584/6
f 719/233/4 715/590/4 713/591/4 717/583/4
f 722/569/5 723/570/5 727/571/5 726/572/5
f 726/572/3 727/571/3 725/573/3 724/574/3
f 724/575/1 725/576/1 721/573/1 720/574/1
f 722/574/6 726/577/6 724/578/6 720/572/6
f 727/573/4 723/579/4 721/580/4 725/571/4
f 730/569/5 731/570/5 735/571/5 734/572/5
f 734/572/3 735/571/3 733/573/3 732/574/3
f 732/575/1 733/576/1 729/573/1 728/574/1
f 730/574/6 734/577/6 732/578/6 728/572/6
f 735/573/4 731/579/4 729/580/4 733/571/4
f 738/569/5 739/570/5 743/571/5 742/572/5
f 742/572/3 743/571/3 741/573/3 740/574/3
f 740/575/1 741/576/1 737/573/1 736/574/1
f 738/574/6 742/577/6 740/578/6 736/572/6
f 743/573/4 739/579/4 737/580/4 741/571/4
f 746/592/5 747/569/5 751/572/5 750/593/5
f 750/593/3 751/572/3 749/574/3 748/594/3
f 748/595/1 749/575/1 745/574/1 744/594/1
f 746/594/6 750/596/6 748/597/6 744/593/6
f 751/574/4 747/598/4 745/599/4 749/572/4
f 754/581/5 755/582/5 759/583/5 758/584/5
f 758/584/3 759/583/3 757/233/3 756/585/3
f 756/586/1 757/587/1 753/233/1 752/585/1
f 754/585/6 758/588/6 756/589/6 752/584/6
f 759/233/4 755/590/4 753/591/4 757/583/4
f 762/592/5 763/569/5 767/572/5 766/593/5
f 766/593/3 767/572/3 765/574/3 764/594/3
f 764/595/1 765/575/1 761/574/1 760/594/1
f 762/594/6 766/596/6 764/597/6 760/593/6
f 767/574/4 763/598/4 761/599/4 765/572/4
f 770/569/5 771/570/5 775/571/5 774/572/5
f 774/572/3 775/571/3 773/573/3 772/574/3
f 772/575/1 773/576/1 769/573/1 768/574/1
f 770/574/6 774/577/6 772/578/6 768/572/6
f 775/573/4 771/579/4 769/580/4 773/571/4
f 778/592/5 779/569/5 783/572/5 782/593/5
f 782/593/3 783/572/3 781/574/3 780/594/3
f 780/595/1 781/575/1 777/574/1 776/594/1
f 778/594/6 782/596/6 780/597/6 776/593/6
f 783/574/4 779/598/4 777/599/4 781/572/4
f 786/581/5 787/582/5 791/583/5 790/584/5
f 790/584/3 791/583/3 789/233/3 788/585/3
f 788/586/1 789/587/1 785/233/1 784/585/1
f 786/585/6 790/588/6 788/589/6 784/584/6
f 791/233/4 787/590/4 785/591/4 789/583/4
f 794/581/5 795/582/5 799/583/5 798/584/5
f 798/584/3 799/583/3 797/233/3 796/585/3
f 796/586/1 797/587/1 793/233/1 792/585/1
f 794/585/6 798/588/6 796/589/6 792/584/6
f 799/233/4 795/590/4 793/591/4 797/583/4
f 802/592/5 803/569/5 807/572/5 806/593/5
f 806/593/3 807/572/3 805/574/3 804/594/3
f 804/595/1 805/575/1 801/574/1 800/594/1
f 802/594/6 806/596/6 804/597/6 800/593/6
f 807/574/4 803/598/4 801/599/4 805/572/4
f 810/569/5 811/570/5 815/571/5 814/572/5
f 814/572/3 815/571/3 813/573/3 812/574/3
f 812/575/1 813/576/1 809/573/1 808/574/1
f 810/574/6 814/577/6 812/578/6 808/572/6
f 815/573/4 811/579/4 809/580/4 813/571/4
f 818/592/5 819/569/5 823/572/5 822/593/5
f 822/593/3 823/572/3 821/574/3 820/594/3
f 820/595/1 821/575/1 817/574/1 816/594/1
f 818/594/6 822/596/6 820/597/6 816/593/6
f 823/574/4 819/598/4 817/599/4 821/572/4
f 826/581/5 827/582/5 831/583/5 830/584/5
f 830/584/3 831/583/3 829/233/3 828/585/3
f 828/586/1 829/587/1 825/233/1 824/585/1
f 826/585/6 830/588/6 828/589/6 824/584/6
f 831/233/4 827/590/4 825/591/4 829/583/4
f 834/592/5 835/569/5 839/572/5 838/593/5
f 838/593/3 839/572/3 837/574/3 836/594/3
f 836/595/1 837/575/1 833/574/1 832/594/1
f 834/594/6 838/596/6 836/597/6 832/593/6
f 839/574/4 835/598/4 833/599/4 837/572/4
f 842/569/5 843/570/5 847/571/5 846/572/5
f 846/572/3 847/571/3 845/573/3 844/574/3
f 844/575/1 845/576/1 841/573/1 840/574/1
f 842/574/6 846/577/6 844/578/6 840/572/6
f 847/573/4 843/579/4 841/580/4 845/571/4
f 850/569/5 851/570/5 855/571/5 854/572/5
f 854/572/3 855/571/3 853/573/3 852/574/3
f 852/575/1 853/576/1 849/573/1 848/574/1
f 850/574/6 854/577/6 852/578/6 848/572/6
f 855/573/4 851/579/4 849/580/4 853/571/4
f 858/569/5 859/570/5 863/571/5 862/572/5
f 862/572/3 863/571/3 861/573/3 860/574/3
f 860/575/1 861/576/1 857/573/1 856/574/1
f 858/574/6 862/577/6 860/578/6 856/572/6
f 863/573/4 859/579/4 857/580/4 861/571/4
f 866/592/5 867/569/5 871/572/5 870/593/5
f 870/593/3 871/572/3 869/574/3 868/594/3
f 868/595/1 869/575/1 865/574/1 864/594/1
f 866/594/6 870/596/6 868/597/6 864/593/6
f 871/574/4 867/598/4 865/599/4 869/572/4
f 874/581/5 875/582/5 879/583/5 878/584/5
f 878/584/3 879/583/3 877/233/3 876/585/3
f 876/586/1 877/587/1 873/233/1 872/585/1
f 874/585/6 878/588/6 876/589/6 872/584/6
f 879/233/4 875/590/4 873/591/4 877/583/4
f 882/569/5 883/570/5 887/571/5 886/572/5
f 886/572/3 887/571/3 885/573/3 884/574/3
f 884/575/1 885/576/1 881/573/1 880/574/1
f 882/574/6 886/577/6 884/578/6 880/572/6
f 887/573/4 883/579/4 881/580/4 885/571/4
f 890/592/5 891/569/5 895/572/5 894/593/5
f 894/593/3 895/572/3 893/574/3 892/594/3
f 892/595/1 893/575/1 889/574/1 888/594/1
f 890/594/6 894/596/6 892/597/6 888/593/6
f 895/574/4 891/598/4 889/599/4 893/572/4
f 898/581/5 899/582/5 903/583/5 902/584/5
f 902/584/3 903/583/3 901/233/3 900/585/3
f 900/586/1 901/587/1 897/233/1 896/585/1
f 898/585/6 902/588/6 900/589/6 896/584/6
f 903/233/4 899/590/4 897/591/4 901/583/4
f 906/569/5 907/570/5 911/571/5 910/572/5
f 910/572/3 911/571/3 909/573/3 908/574/3
f 908/575/1 909/576/1 905/573/1 904/574/1
f 906/574/6 910/577/6 908/578/6 904/572/6
f 911/573/4 907/579/4 905/580/4 909/571/4
f 914/581/5 915/582/5 919/583/5 918/584/5
f 918/584/3 919/583/3 917/233/3 916/585/3
f 916/586/1 917/587/1 913/233/1 912/585/1
f 914/585/6 918/588/6 916/589/6 912/584/6
f 919/233/4 915/590/4 913/591/4 917/583/4
f 922/592/5 923/569/5 927/572/5 926/593/5
f 926/593/3 927/572/3 925/574/3 924/594/3
f 924/595/1 925/575/1 921/574/1 920/594/1
f 922/594/6 926/596/6 924/597/6 920/593/6
f 927/574/4 923/598/4 921/599/4 925/572/4
f 930/569/5 931/570/5 935/571/5 934/572/5
f 934/572/3 935/571/3 933/573/3 932/574/3
f 932/575/1 933/576/1 929/573/1 928/574/1
f 930/574/6 934/577/6 932/578/6 928/572/6
f 935/573/4 931/579/4 929/580/4 933/571/4
f 938/581/5 939/582/5 943/583/5 942/584/5
f 942/584/3 943/583/3 941/233/3 940/585/3
f 940/586/1 941/587/1 937/233/1 936/585/1
f 938/585/6 942/588/6 940/589/6 936/584/6
f 943/233/4 939/590/4 937/591/4 941/583/4
f 946/592/5 947/569/5 951/572/5 950/593/5
f 950/593/3 951/572/3 949/574/3 948/594/3
f 948/595/1 949/575/1 945/574/1 944/594/1
f 946/594/6 950/596/6 948/597/6 944/593/6
f 951/574/4 947/598/4 945/599/4 949/572/4
f 954/569/5 955/570/5 959/571/5 958/572/5
f 958/572/3 959/571/3 957/573/3 956/574/3
f 956/575/1 957/576/1 953/573/1 952/574/1
f 954/574/6 958/577/6 956/578/6 952/572/6
f 959/573/4 955/579/4 953/580/4 957/571/4
f 962/569/5 963/570/5 967/571/5 966/572/5
f 966/572/3 967/571/3 965/573/3 964/574/3
f 964/575/1 965/576/1 961/573/1 960/574/1
f 962/574/6 966/577/6 964/578/6 960/572/6
f 967/573/4 963/579/4 961/580/4 965/571/4
f 970/569/5 971/570/5 975/571/5 974/572/5
f 974/572/3 975/571/3 973/573/3 972/574/3
f 972/575/1 973/576/1 969/573/1 968/574/1
f 970/574/6 974/577/6 972/578/6 968/572/6
f 975/573/4 971/579/4 969/580/4 973/571/4
f 978/592/5 979/569/5 983/572/5 982/593/5
f 982/593/3 983/572/3 981/574/3 980/594/3
f 980/595/1 981/575/1 977/574/1 976/594/1
f 978/594/6 982/596/6 980/597/6 976/593/6
f 983/574/4 979/598/4 977/599/4 981/572/4
f 986/581/5 987/582/5 991/583/5 990/584/5
f 990/584/3 991/583/3 989/233/3 988/585/3
f 988/586/1 989/587/1 985/233/1 984/585/1
f 986/585/6 990/588/6 988/589/6 984/584/6
f 991/233/4 987/590/4 985/591/4 989/583/4
f 994/592/5 995/569/5 999/572/5 998/593/5
f 998/593/3 999/572/3 997/574/3 996/594/3
f 996/595/1 997/575/1 993/574/1 992/594/1
f 994/594/6 998/596/6 996/597/6 992/593/6
f 999/574/4 995/598/4 993/599/4 997/572/4
f 1002/569/5 1003/570/5 1007/571/5 1006/572/5
f 1006/572/3 1007/571/3 1005/573/3 1004/574/3
f 1004/575/1 1005/576/1 1001/573/1 1000/574/1
f 1002/574/6 1006/577/6 1004/578/6 1000/572/6
f 1007/573/4 1003/579/4 1001/580/4 1005/571/4
f 1010/592/5 1011/569/5 1015/572/5 1014/593/5
f 1014/593/3 1015/572/3 1013/574/3 1012/594/3
f 1012/595/1 1013/575/1 1009/574/1 1008/594/1
f 1010/594/6 1014/596/6 1012/597/6 1008/593/6
f 1015/574/4 1011/598/4 1009/599/4 1013/572/4
f 1018/581/5 1019/582/5 1023/583/5 1022/584/5
f 1022/584/3 1023/583/3 1021/233/3 1020/585/3
f 1020/586/1 1021/587/1 1017/233/1 1016/585/1
f 1018/585/6 1022/588/6 1020/589/6 1016/584/6
f 1023/233/4 1019/590/4 1017/591/4 1021/583/4
f 1026/581/5 1027/582/5 1031/583/5 1030/584/5
f 1030/584/3 1031/583/3 1029/233/3 1028/585/3
f 1028/586/1 1029/587/1 1025/233/1 1024/585/1
f 1026/585/6 1030/588/6 1028/589/6 1024/584/6
f 1031/233/4 1027/590/4 1025/591/4 1029/583/4
f 1034/592/5 1035/569/5 1039/572/5 1038/593/5
f 1038/593/3 1039/572/3 1037/574/3 1036/594/3
f 1036/595/1 1037/575/1 1033/574/1 1032/594/1
f 1034/594/6 1038/596/6 1036/597/6 1032/593/6
f 1039/574/4 1035/598/4 1033/599/4 1037/572/4
f 1042/569/5 1043/570/5 1047/571/5 1046/572/5
f 1046/572/3 1047/571/3 1045/573/3 1044/574/3
f 1044/575/1 1045/576/1 1041/573/1 1040/574/1
f 1042/574/6 1046/577/6 1044/578/6 1040/572/6
f 1047/573/4 1043/579/4 1041/580/4 1045/571/4
f 1050/592/5 1051/569/5 1055/572/5 1054/593/5
f 1054/593/3 1055/572/3 1053/574/3 1052/594/3
f 1052/595/1 1053/575/1 1049/574/1 1048/594/1
f 1050/594/6 1054/596/6 1052/597/6 1048/593/6
f 1055/574/4 1051/598/4 1049/599/4 1053/572/4
f 1058/581/5 1059/582/5 1063/583/5 1062/584/5
f 1062/584/3 1063/583/3 1061/233/3 1060/585/3
f 1060/586/1 1061/587/1 1057/233/1 1056/585/1
f 1058/585/6 1062/588/6 1060/589/6 1056/584/6
f 1063/233/4 1059/590/4 1057/591/4 1061/583/4
f 1066/592/5 1067/569/5 1071/572/5 1070/593/5
f 1070/593/3 1071/572/3 1069/574/3 1068/594/3
f 1068/595/1 1069/575/1 1065/574/1 1064/594/1
f 1066/594/6 1070/596/6 1068/597/6 1064/593/6
f 1071/574/4 1067/598/4 1065/599/4 1069/572/4
f 1074/569/5 1075/570/5 1079/571/5 1078/572/5
f 1078/572/3 1079/571/3 1077/573/3 1076/574/3
f 1076/575/1 1077/576/1 1073/573/1 1072/574/1
f 1074/574/6 1078/577/6 1076/578/6 1072/572/6
f 1079/573/4 1075/579/4 1073/580/4 1077/571/4
f 1082/569/5 1083/570/5 1087/571/5 1086/572/5
f 1086/572/3 1087/571/3 1085/573/3 1084/574/3
f 1084/575/1 1085/576/1 1081/573/1 1080/574/1
f 1082/574/6 1086/577/6 1084/578/6 1080/572/6
f 1087/573/4 1083/579/4 1081/580/4 1085/571/4
f 1090/569/5 1091/570/5 1095/571/5 1094/572/5
f 1094/572/3 1095/571/3 1093/573/3 1092/574/3
f 1092/575/1 1093/576/1 1089/573/1 1088/574/1
f 1090/574/6 1094/577/6 1092/578/6 1088/572/6
f 1095/573/4 1091/579/4 1089/580/4 1093/571/4
f 1098/592/5 1099/569/5 1103/572/5 1102/593/5
f 1102/593/3 1103/572/3 1101/574/3 1100/594/3
f 1100/595/1 1101/575/1 1097/574/1 1096/594/1
f 1098/594/6 1102/596/6 1100/597/6 1096/593/6
f 1103/574/4 1099/598/4 1097/599/4 1101/572/4
f 1106/581/5 1107/582/5 1111/583/5 1110/584/5
f 1110/584/3 1111/583/3 1109/233/3 1108/585/3
f 1108/586/1 1109/587/1 1105/233/1 1104/585/1
f 1106/585/6 1110/588/6 1108/589/6 1104/584/6
f 1111/233/4 1107/590/4 1105/591/4 1109/583/4
f 1114/569/5 1115/570/5 1119/571/5 1118/572/5
f 1118/572/3 1119/571/3 1117/573/3 1116/574/3
f 1116/575/1 1117/576/1 1113/573/1 1112/574/1
f 1114/574/6 1118/577/6 1116/578/6 1112/572/6
f 1119/573/4 1115/579/4 1113/580/4 1117/571/4
f 1122/581/5 1123/582/5 1127/583/5 1126/584/5
f 1126/584/3 1127/583/3 1125/233/3 1124/585/3
f 1124/586/1 1125/587/1 1121/233/1 1120/585/1
f 1122/585/6 1126/588/6 1124/589/6 1120/584/6
f 1127/233/4 1123/590/4 1121/591/4 1125/583/4
f 1130/569/5 1131/570/5 1135/571/5 1134/572/5
f 1134/572/3 1135/571/3 1133/573/3 1132/574/3
f 1132/575/1 1133/576/1 1129/573/1 1128/574/1
f 1130/574/6 1134/577/6 1132/578/6 1128/572/6
f 1135/573/4 1131/579/4 1129/580/4 1133/571/4
f 1138/569/5 1139/570/5 1143/571/5 1142/572/5
f 1142/572/3 1143/571/3 1141/573/3 1140/574/3
f 1140/575/1 1141/576/1 1137/573/1 1136/574/1
f 1138/574/6 1142/577/6 1140/578/6 1136/572/6
f 1143/573/4 1139/579/4 1137/580/4 1141/571/4
f 1146/581/5 1147/582/5 1151/583/5 1150/584/5
f 1150/584/3 1151/583/3 1149/233/3 1148/585/3
f 1148/586/1 1149/587/1 1145/233/1 1144/585/1
f 1146/585/6 1150/588/6 1148/589/6 1144/584/6
f 1151/233/4 1147/590/4 1145/591/4 1149/583/4
f 1154/592/5 1155/569/5 1159/572/5 1158/593/5
f 1158/593/3 1159/572/3 1157/574/3 1156/594/3
f 1156/595/1 1157/575/1 1153/574/1 1152/594/1
f 1154/594/6 1158/596/6 1156/597/6 1152/593/6
f 1159/574/4 1155/598/4 1153/599/4 1157/572/4
f 1162/569/5 1163/570/5 1167/571/5 1166/572/5
f 1166/572/3 1167/571/3 1165/573/3 1164/574/3
f 1164/575/1 1165/576/1 1161/573/1 1160/574/1
f 1162/574/6 1166/577/6 1164/578/6 1160/572/6
f 1167/573/4 1163/579/4 1161/580/4 1165/571/4
f 1170/581/5 1171/582/5 1175/583/5 1174/584/5
f 1174/584/3 1175/583/3 1173/233/3 1172/585/3
f 1172/586/1 1173/587/1 1169/233/1 1168/585/1
f 1170/585/6 1174/588/6 1172/589/6 1168/584/6
f 1175/233/4 1171/590/4 1169/591/4 1173/583/4
f 1178/592/5 1179/569/5 1183/572/5 1182/593/5
f 1182/593/3 1183/572/3 1181/574/3 1180/594/3
f 1180/595/1 1181/575/1 1177/574/1 1176/594/1
f 1178/594/6 1182/596/6 1180/597/6 1176/593/6
f 1183/574/4 1179/598/4 1177/599/4 1181/572/4
f 1186/569/5 1187/570/5 1191/571/5 1190/572/5
f 1190/572/3 1191/571/3 1189/573/3 1188/574/3
f 1188/575/1 1189/576/1 1185/573/1 1184/574/1
f 1186/574/6 1190/577/6 1188/578/6 1184/572/6
f 1191/573/4 1187/579/4 1185/580/4 1189/571/4
f 1194/569/5 1195/570/5 1199/571/5 1198/572/5
f 1198/572/3 1199/571/3 1197/573/3 1196/574/3
f 1196/575/1 1197/576/1 1193/573/1 1192/574/1
f 1194/574/6 1198/577/6 1196/578/6 1192/572/6
f 1199/573/4 1195/579/4 1193/580/4 1197/571/4
f 1202/569/5 1203/570/5 1207/571/5 1206/572/5
f 1206/572/3 1207/571/3 1205/573/3 1204/574/3
f 1204/575/1 1205/576/1 1201/573/1 1200/574/1
f 1202/574/6 1206/577/6 1204/578/6 1200/572/6
f 1207/573/4 1203/579/4 1201/580/4 1205/571/4
f 1210/592/5 1211/569/5 1215/572/5 1214/593/5
f 1214/593/3 1215/572/3 1213/574/3 1212/594/3
f 1212/595/1 1213/575/1 1209/574/1 1208/594/1
f 1210/594/6 1214/596/6 1212/597/6 1208/593/6
f 1215/574/4 1211/598/4 1209/599/4 1213/572/4
f 1218/581/5 1219/582/5 1223/583/5 1222/584/5
f 1222/584/3 1223/583/3 1221/233/3 1220/585/3
f 1220/586/1 1221/587/1 1217/233/1 1216/585/1
f 1218/585/6 1222/588/6 1220/589/6 1216/584/6
f 1223/233/4 1219/590/4 1217/591/4 1221/583/4
f 1226/569/5 1227/570/5 1231/571/5 1230/572/5
f 1230/572/3 1231/571/3 1229/573/3 1228/574/3
f 1228/575/1 1229/576/1 1225/573/1 1224/574/1
f 1226/574/6 1230/577/6 1228/578/6 1224/572/6
f 1231/573/4 1227/579/4 1225/580/4 1229/571/4
f 1234/592/5 1235/569/5 1239/572/5 1238/593/5
f 1238/593/3 1239/572/3 1237/574/3 1236/594/3
f 1236/595/1 1237/575/1 1233/574/1 1232/594/1
f 1234/594/6 1238/596/6 1236/597/6 1232/593/6
f 1239/574/4 1235/598/4 1233/599/4 1237/572/4
f 1242/581/5 1243/582/5 1247/583/5 1246/584/5
f 1246/584/3 1247/583/3 1245/233/3 1244/585/3
f 1244/586/1 1245/587/1 1241/233/1 1240/585/1
f 1242/585/6 1246/588/6 1244/589/6 1240/584/6
f 1247/233/4 1243/590/4 1241/591/4 1245/583/4
f 1250/592/5 1251/569/5 1255/572/5 1254/593/5
f 1254/593/3 1255/572/3 1253/574/3 1252/594/3
f 1252/595/1 1253/575/1 1249/574/1 1248/594/1
f 1250/594/6 1254/596/6 1252/597/6 1248/593/6
f 1255/574/4 1251/598/4 1249/599/4 1253/572/4
f 1258/569/5 1259/570/5 1263/571/5 1262/572/5
f 1262/572/3 1263/571/3 1261/573/3 1260/574/3
f 1260/575/1 1261/576/1 1257/573/1 1256/574/1
f 1258/574/6 1262/577/6 1260/578/6 1256/572/6
f 1263/573/4 1259/579/4 1257/580/4 1261/571/4
f 1266/592/5 1267/569/5 1271/572/5 1270/593/5
f 1270/593/3 1271/572/3 1269/574/3 1268/594/3
f 1268/595/1 1269/575/1 1265/574/1 1264/594/1
f 1266/594/6 1270/596/6 1268/597/6 1264/593/6
f 1271/574/4 1267/598/4 1265/599/4 1269/572/4
f 1274/581/5 1275/582/5 1279/583/5 1278/584/5
f 1278/584/3 1279/583/3 1277/233/3 1276/585/3
f 1276/586/1 1277/587/1 1273/233/1 1272/585/1
f 1274/585/6 1278/588/6 1276/589/6 1272/584/6
f 1279/233/4 1275/590/4 1273/591/4 1277/583/4
f 1282/569/5 1283/570/5 1287/571/5 1286/572/5
f 1286/572/3 1287/571/3 1285/573/3 1284/574/3
f 1284/575/1 1285/576/1 1281/573/1 1280/574/1
f 1282/574/6 1286/577/6 1284/578/6 1280/572/6
f 1287/573/4 1283/579/4 1281/580/4 1285/571/4
f 1290/569/5 1291/570/5 1295/571/5 1294/572/5
f 1294/572/3 1295/571/3 1293/573/3 1292/574/3
f 1292/575/1 1293/576/1 1289/573/1 1288/574/1
f 1290/574/6 1294/577/6 1292/578/6 1288/572/6
f 1295/573/4 1291/579/4 1289/580/4 1293/571/4
f 1298/569/5 1299/570/5 1303/571/5 1302/572/5
f 1302/572/3 1303/571/3 1301/573/3 1300/574/3
f 1300/575/1 1301/576/1 1297/573/1 1296/574/1
f 1298/574/6 1302/577/6 1300/578/6 1296/572/6
f 1303/573/4 1299/579/4 1297/580/4 1301/571/4
f 1306/581/5 1307/582/5 1311/583/5 1310/584/5
f 1310/584/3 1311/583/3 1309/233/3 1308/585/3
f 1308/586/1 1309/587/1 1305/233/1 1304/585/1
f 1306/585/6 1310/588/6 1308/589/6 1304/584/6
f 1311/233/4 1307/590/4 1305/591/4 1309/583/4
f 1314/570/5 1315/581/5 1319/584/5 1318/571/5
f 1318/571/3 1319/584/3 1317/585/3 1316/573/3
f 1316/576/1 1317/586/1 1313/585/1 1312/573/1
f 1314/573/6 1318/600/6 1316/601/6 1312/571/6
f 1319/585/4 1315/602/4 1313/603/4 1317/584/4
f 1322/581/5 1323/582/5 1327/583/5 1326/584/5
f 1326/584/3 1327/583/3 1325/233/3 1324/585/3
f 1324/586/1 1325/587/1 1321/233/1 1320/585/1
f 1322/585/6 1326/588/6 1324/589/6 1320/584/6
f 1327/233/4 1323/590/4 1321/591/4 1325/583/4
f 1330/569/5 1331/570/5 1335/571/5 1334/572/5
f 1334/572/3 1335/571/3 1333/573/3 1332/574/3
f 1332/575/1 1333/576/1 1329/573/1 1328/574/1
f 1330/574/6 1334/577/6 1332/578/6 1328/572/6
f 1335/573/4 1331/579/4 1329/580/4 1333/571/4
f 1338/569/5 1339/570/5 1343/571/5 1342/572/5
f 1342/572/3 1343/571/3 1341/573/3 1340/574/3
f 1340/575/1 1341/576/1 1337/573/1 1336/574/1
f 1338/574/6 1342/577/6 1340/578/6 1336/572/6
f 1343/573/4 1339/579/4 1337/580/4 1341/571/4
f 1346/569/5 1347/570/5 1351/571/5 1350/572/5
f 1350/572/3 1351/571/3 1349/573/3 1348/574/3
f 1348/575/1 1349/576/1 1345/573/1 1344/574/1
f 1346/574/6 1350/577/6 1348/578/6 1344/572/6
f 1351/573/4 1347/579/4 1345/580/4 1349/571/4
f 1354/581/5 1355/582/5 1359/583/5 1358/584/5
f 1358/584/3 1359/583/3 1357/233/3 1356/585/3
f 1356/586/1 1357/587/1 1353/233/1 1352/585/1
f 1354/585/6 1358/588/6 1356/589/6 1352/584/6
f 1359/233/4 1355/590/4 1353/591/4 1357/583/4
f 1362/592/5 1363/569/5 1367/572/5 1366/593/5
f 1366/593/3 1367/572/3 1365/574/3 1364/594/3
f 1364/595/1 1365/575/1 1361/574/1 1360/594/1
f 1362/594/6 1366/596/6 1364/597/6 1360/593/6
f 1367/574/4 1363/598/4 1361/599/4 1365/572/4
f 1370/569/5 1371/570/5 1375/571/5 1374/572/5
f 1374/572/3 1375/571/3 1373/573/3 1372/574/3
f 1372/575/1 1373/576/1 1369/573/1 1368/574/1
f 1370/574/6 1374/577/6 1372/578/6 1368/572/6
f 1375/573/4 1371/579/4 1369/580/4 1373/571/4
f 1378/592/5 1379/569/5 1383/572/5 1382/593/5
f 1382/593/3 1383/572/3 1381/574/3 1380/594/3
f 1380/595/1 1381/575/1 1377/574/1 1376/594/1
f 1378/594/6 1382/596/6 1380/597/6 1376/593/6
f 1383/574/4 1379/598/4 1377/599/4 1381/572/4
f 1386/581/5 1387/582/5 1391/583/5 1390/584/5
f 1390/584/3 1391/583/3 1389/233/3 1388/585/3
f 1388/586/1 1389/587/1 1385/233/1 1384/585/1
f 1386/585/6 1390/588/6 1388/589/6 1384/584/6
f 1391/233/4 1387/590/4 1385/591/4 1389/583/4
f 1394/592/5 1395/569/5 1399/572/5 1398/593/5
f 1398/593/3 1399/572/3 1397/574/3 1396/594/3
f 1396/595/1 1397/575/1 1393/574/1 1392/594/1
f 1394/594/6 1398/596/6 1396/597/6 1392/593/6
f 1399/574/4 1395/598/4 1393/599/4 1397/572/4
f 1402/569/5 1403/570/5 1407/571/5 1406/572/5
f 1406/572/3 1407/571/3 1405/573/3 1404/574/3
f 1404/575/1 1405/576/1 1401/573/1 1400/574/1
f 1402/574/6 1406/577/6 1404/578/6 1400/572/6
f 1407/573/4 1403/579/4 1401/580/4 1405/571/4
f 1410/581/5 1411/582/5 1415/583/5 1414/584/5
f 1414/584/3 1415/583/3 1413/233/3 1412/585/3
f 1412/586/1 1413/587/1 1409/233/1 1408/585/1
f 1410/585/6 1414/588/6 1412/589/6 1408/584/6
f 1415/233/4 1411/590/4 1409/591/4 1413/583/4
f 1418/592/5 1419/569/5 1423/572/5 1422/593/5
f 1422/593/3 1423/572/3 1421/574/3 1420/594/3
f 1420/595/1 1421/575/1 1417/574/1 1416/594/1
f 1418/594/6 1422/596/6 1420/597/6 1416/593/6
f 1423/574/4 1419/598/4 1417/599/4 1421/572/4
f 1426/569/5 1427/570/5 1431/571/5 1430/572/5
f 1430/572/3 1431/571/3 1429/573/3 1428/574/3
f 1428/575/1 1429/576/1 1425/573/1 1424/574/1
f 1426/574/6 1430/577/6 1428/578/6 1424/572/6
f 1431/573/4 1427/579/4 1425/580/4 1429/571/4
f 1434/569/5 1435/570/5 1439/571/5 1438/572/5
f 1438/572/3 1439/571/3 1437/573/3 1436/574/3
f 1436/575/1 1437/576/1 1433/573/1 1432/574/1
f 1434/574/6 1438/577/6 1436/578/6 1432/572/6
f 1439/573/4 1435/579/4 1433/580/4 1437/571/4
f 1442/569/5 1443/570/5 1447/571/5 1446/572/5
f 1446/572/3 1447/571/3 1445/573/3 1444/574/3
f 1444/575/1 1445/576/1 1441/573/1 1440/574/1
f 1442/574/6 1446/577/6 1444/578/6 1440/572/6
f 1447/573/4 1443/579/4 1441/580/4 1445/571/4
f 1450/592/5 1451/569/5 1455/572/5 1454/593/5
f 1454/593/3 1455/572/3 1453/574/3 1452/594/3
f 1452/595/1 1453/575/1 1449/574/1 1448/594/1
f 1450/594/6 1454/596/6 1452/597/6 1448/593/6
f 1455/574/4 1451/598/4 1449/599/4 1453/572/4
f 1458/581/5 1459/582/5 1463/583/5 1462/584/5
f 1462/584/3 1463/583/3 1461/233/3 1460/585/3
f 1460/586/1 1461/587/1 1457/233/1 1456/585/1
f 1458/585/6 1462/588/6 1460/589/6 1456/584/6
f 1463/233/4 1459/590/4 1457/591/4 1461/583/4
f 1466/569/5 1467/570/5 1471/571/5 1470/572/5
f 1470/572/3 1471/571/3 1469/573/3 1468/574/3
f 1468/575/1 1469/576/1 1465/573/1 1464/574/1
f 1466/574/6 1470/577/6 1468/578/6 1464/572/6
f 1471/573/4 1467/579/4 1465/580/4 1469/571/4
f 1474/592/5 1475/569/5 1479/572/5 1478/593/5
f 1478/593/3 1479/572/3 1477/574/3 1476/594/3
f 1476/595/1 1477/575/1 1473/574/1 1472/594/1
f 1474/594/6 1478/596/6 1476/597/6 1472/593/6
f 1479/574/4 1475/598/4 1473/599/4 1477/572/4
f 1482/581/5 1483/582/5 1487/583/5 1486/584/5
f 1486/584/3 1487/583/3 1485/233/3 1484/585/3
f 1484/586/1 1485/587/1 1481/233/1 1480/585/1
f 1482/585/6 1486/588/6 1484/589/6 1480/584/6
f 1487/233/4 1483/590/4 1481/591/4 1485/583/4
f 1490/569/5 1491/570/5 1495/571/5 1494/572/5
f 1494/572/3 1495/571/3 1493/573/3 1492/574/3
f 1492/575/1 1493/576/1 1489/573/1 1488/574/1
f 1490/574/6 1494/577/6 1492/578/6 1488/572/6
f 1495/573/4 1491/579/4 1489/580/4 1493/571/4
f 1498/581/5 1499/582/5 1503/583/5 1502/584/5
f 1502/584/3 1503/583/3 1501/233/3 1500/585/3
f 1500/586/1 1501/587/1 1497/233/1 1496/585/1
f 1498/585/6 1502/588/6 1500/589/6 1496/584/6
f 1503/233/4 1499/590/4 1497/591/4 1501/583/4
f 1506/592/3 1507/569/3 1511/572/3 1510/593/3
f 1510/593/1 1511/572/1 1509/574/1 1508/594/1
f 1508/595/8 1509/575/8 1505/574/8 1504/594/8
f 1506/594/6 1510/596/6 1508/597/6 1504/593/6
f 1511/574/4 1507/598/4 1505/599/4 1509/572/4
f 1514/581/3 1515/582/3 1519/583/3 1518/584/3
f 1518/584/1 1519/583/1 1517/233/1 1516/585/1
f 1516/586/8 1517/587/8 1513/233/8 1512/585/8
f 1514/585/6 1518/588/6 1516/589/6 1512/584/6
f 1519/233/4 1515/590/4 1513/591/4 1517/583/4
f 1522/569/3 1523/570/3 1527/571/3 1526/572/3
f 1526/572/1 1527/571/1 1525/573/1 1524/574/1
f 1524/575/8 1525/576/8 1521/573/8 1520/574/8
f 1522/574/6 1526/577/6 1524/578/6 1520/572/6
f 1527/573/4 1523/579/4 1521/580/4 1525/571/4
f 1530/581/3 1531/582/3 1535/583/3 1534/584/3
f 1534/584/1 1535/583/1 1533/233/1 1532/585/1
f 1532/586/8 1533/587/8 1529/233/8 1528/585/8
f 1530/585/6 1534/588/6 1532/589/6 1528/584/6
f 1535/233/4 1531/590/4 1529/591/4 1533/583/4
f 1538/592/3 1539/569/3 1543/572/3 1542/593/3
f 1542/593/1 1543/572/1 1541/574/1 1540/594/1
f 1540/595/8 1541/575/8 1537/574/8 1536/594/8
f 1538/594/6 1542/596/6 1540/597/6 1536/593/6
f 1543/574/4 1539/598/4 1537/599/4 1541/572/4
f 1546/592/3 1547/569/3 1551/572/3 1550/593/3
f 1550/593/1 1551/572/1 1549/574/1 1548/594/1
f 1548/595/8 1549/575/8 1545/574/8 1544/594/8
f 1546/594/6 1550/596/6 1548/597/6 1544/593/6
f 1551/574/4 1547/598/4 1545/599/4 1549/572/4
f 1554/581/3 1555/582/3 1559/583/3 1558/584/3
f 1558/584/1 1559/583/1 1557/233/1 1556/585/1
f 1556/586/8 1557/587/8 1553/233/8 1552/585/8
f 1554/585/6 1558/588/6 1556/589/6 1552/584/6
f 1559/233/4 1555/590/4 1553/591/4 1557/583/4
f 1562/569/3 1563/570/3 1567/571/3 1566/572/3
f 1566/572/1 1567/571/1 1565/573/1 1564/574/1
f 1564/575/8 1565/576/8 1561/573/8 1560/574/8
f 1562/574/6 1566/577/6 1564/578/6 1560/572/6
f 1567/573/4 1563/579/4 1561/580/4 1565/571/4
f 1570/569/3 1571/570/3 1575/571/3 1574/572/3
f 1574/572/1 1575/571/1 1573/573/1 1572/574/1
f 1572/575/8 1573/576/8 1569/573/8 1568/574/8
f 1570/574/6 1574/577/6 1572/578/6 1568/572/6
f 1575/573/4 1571/579/4 1569/580/4 1573/571/4
f 1578/581/3 1579/582/3 1583/583/3 1582/584/3
f 1582/584/1 1583/583/1 1581/233/1 1580/585/1
f 1580/586/8 1581/587/8 1577/233/8 1576/585/8
f 1578/585/6 1582/588/6 1580/589/6 1576/584/6
f 1583/233/4 1579/590/4 1577/591/4 1581/583/4
f 1586/592/3 1587/569/3 1591/572/3 1590/593/3
f 1590/593/1 1591/572/1 1589/574/1 1588/594/1
f 1588/595/8 1589/575/8 1585/574/8 1584/594/8
f 1586/594/6 1590/596/6 1588/597/6 1584/593/6
f 1591/574/4 1587/598/4 1585/599/4 1589/572/4
f 1594/569/3 1595/570/3 1599/571/3 1598/572/3
f 1598/572/1 1599/571/1 1597/573/1 1596/574/1
f 1596/575/8 1597/576/8 1593/573/8 1592/574/8
f 1594/574/6 1598/577/6 1596/578/6 1592/572/6
f 1599/573/4 1595/579/4 1593/580/4 1597/571/4
f 1602/592/3 1603/569/3 1607/572/3 1606/593/3
f 1606/593/1 1607/572/1 1605/574/1 1604/594/1
f 1604/595/8 1605/575/8 1601/574/8 1600/594/8
f 1602/594/6 1606/596/6 1604/597/6 1600/593/6
f 1607/574/4 1603/598/4 1601/599/4 1605/572/4
f 1610/581/3 1611/582/3 1615/583/3 1614/584/3
f 1614/584/1 1615/583/1 1613/233/1 1612/585/1
f 1612/586/8 1613/587/8 1609/233/8 1608/585/8
f 1610/585/6 1614/588/6 1612/589/6 1608/584/6
f 1615/233/4 1611/590/4 1609/591/4 1613/583/4
f 1618/581/3 1619/582/3 1623/583/3 1622/584/3
f 1622/584/1 1623/583/1 1621/233/1 1620/585/1
f 1620/586/8 1621/587/8 1617/233/8 1616/585/8
f 1618/585/6 1622/588/6 1620/589/6 1616/584/6
f 1623/233/4 1619/590/4 1617/591/4 1621/583/4
f 1626/592/3 1627/569/3 1631/572/3 1630/593/3
f 1630/593/1 1631/572/1 1629/574/1 1628/594/1
f 1628/595/8 1629/575/8 1625/574/8 1624/594/8
f 1626/594/6 1630/596/6 1628/597/6 1624/593/6
f 1631/574/4 1627/598/4 1625/599/4 1629/572/4
f 1634/569/3 1635/570/3 1639/571/3 1638/572/3
f 1638/572/1 1639/571/1 1637/573/1 1636/574/1
f 1636/575/8 1637/576/8 1633/573/8 1632/574/8
f 1634/574/6 1638/577/6 1636/578/6 1632/572/6
f 1639/573/4 1635/579/4 1633/580/4 1637/571/4
f 1642/592/3 1643/569/3 1647/572/3 1646/593/3
f 1646/593/1 1647/572/1 1645/574/1 1644/594/1
f 1644/595/8 1645/575/8 1641/574/8 1640/594/8
f 1642/594/6 1646/596/6 1644/597/6 1640/593/6
f 1647/574/4 1643/598/4 1641/599/4 1645/572/4
f 1650/581/3 1651/582/3 1655/583/3 1654/584/3
f 1654/584/1 1655/583/1 1653/233/1 1652/585/1
f 1652/586/8 1653/587/8 1649/233/8 1648/585/8
f 1650/585/6 1654/588/6 1652/589/6 1648/584/6
f 1655/233/4 1651/590/4 1649/591/4 1653/583/4
f 1658/592/3 1659/569/3 1663/572/3 1662/593/3
f 1662/593/1 1663/572/1 1661/574/1 1660/594/1
f 1660/595/8 1661/575/8 1657/574/8 1656/594/8
f 1658/594/6 1662/596/6 1660/597/6 1656/593/6
f 1663/574/4 1659/598/4 1657/599/4 1661/572/4
f 1666/569/3 1667/570/3 1671/571/3 1670/572/3
f 1670/572/1 1671/571/1 1669/573/1 1668/574/1
f 1668/575/8 1669/576/8 1665/573/8 1664/574/8
f 1666/574/6 1670/577/6 1668/578/6 1664/572/6
f 1671/573/4 1667/579/4 1665/580/4 1669/571/4
f 1674/569/3 1675/570/3 1679/571/3 1678/572/3
f 1678/572/1 1679/571/1 1677/573/1 1676/574/1
f 1676/575/8 1677/576/8 1673/573/8 1672/574/8
f 1674/574/6 1678/577/6 1676/578/6 1672/572/6
f 1679/573/4 1675/579/4 1673/580/4 1677/571/4
f 1682/581/3 1683/582/3 1687/583/3 1686/584/3
f 1686/584/1 1687/583/1 1685/233/1 1684/585/1
f 1684/586/8 1685/587/8 1681/233/8 1680/585/8
f 1682/585/6 1686/588/6 1684/589/6 1680/584/6
f 1687/233/4 1683/590/4 1681/591/4 1685/583/4
f 1690/592/3 1691/569/3 1695/572/3 1694/593/3
f 1694/593/1 1695/572/1 1693/574/1 1692/594/1
f 1692/595/8 1693/575/8 1689/574/8 1688/594/8
f 1690/594/6 1694/596/6 1692/597/6 1688/593/6
f 1695/574/4 1691/598/4 1689/599/4 1693/572/4
f 1698/592/3 1699/569/3 1703/572/3 1702/593/3
f 1702/593/1 1703/572/1 1701/574/1 1700/594/1
f 1700/595/8 1701/575/8 1697/574/8 1696/594/8
f 1698/594/6 1702/596/6 1700/597/6 1696/593/6
f 1703/574/4 1699/598/4 1697/599/4 1701/572/4
f 1706/581/3 1707/582/3 1711/583/3 1710/584/3
f 1710/584/1 1711/583/1 1709/233/1 1708/585/1
f 1708/586/8 1709/587/8 1705/233/8 1704/585/8
f 1706/585/6 1710/588/6 1708/589/6 1704/584/6
f 1711/233/4 1707/590/4 1705/591/4 1709/583/4
f 1714/569/3 1715/570/3 1719/571/3 1718/572/3
f 1718/572/1 1719/571/1 1717/573/1 1716/574/1
f 1716/575/8 1717/576/8 1713/573/8 1712/574/8
f 1714/574/6 1718/577/6 1716/578/6 1712/572/6
f 1719/573/4 1715/579/4 1713/580/4 1717/571/4
f 1722/581/3 1723/582/3 1727/583/3 1726/584/3
f 1726/584/1 1727/583/1 1725/233/1 1724/585/1
f 1724/586/8 1725/587/8 1721/233/8 1720/585/8
f 1722/585/6 1726/588/6 1724/589/6 1720/584/6
f 1727/233/4 1723/590/4 1721/591/4 1725/583/4
f 1730/592/3 1731/569/3 1735/572/3 1734/593/3
f 1734/593/1 1735/572/1 1733/574/1 1732/594/1
f 1732/595/8 1733/575/8 1729/574/8 1728/594/8
f 1730/594/6 1734/596/6 1732/597/6 1728/593/6
f 1735/574/4 1731/598/4 1729/599/4 1733/572/4
f 1738/581/3 1739/582/3 1743/583/3 1742/584/3
f 1742/584/1 1743/583/1 1741/233/1 1740/585/1
f 1740/586/8 1741/587/8 1737/233/8 1736/585/8
f 1738/585/6 1742/588/6 1740/589/6 1736/584/6
f 1743/233/4 1739/590/4 1737/591/4 1741/583/4
f 1746/569/3 1747/570/3 1751/571/3 1750/572/3
f 1750/572/1 1751/571/1 1749/573/1 1748/574/1
f 1748/575/8 1749/576/8 1745/573/8 1744/574/8
f 1746/574/6 1750/577/6 1748/578/6 1744/572/6
f 1751/573/4 1747/579/4 1745/580/4 1749/571/4
f 1754/581/3 1755/582/3 1759/583/3 1758/584/3
f 1758/584/1 1759/583/1 1757/233/1 1756/585/1
f 1756/586/8 1757/587/8 1753/233/8 1752/585/8
f 1754/585/6 1758/588/6 1756/589/6 1752/584/6
f 1759/233/4 1755/590/4 1753/591/4 1757/583/4
f 1762/592/3 1763/569/3 1767/572/3 1766/593/3
f 1766/593/1 1767/572/1 1765/574/1 1764/594/1
f 1764/595/8 1765/575/8 1761/574/8 1760/594/8
f 1762/594/6 1766/596/6 1764/597/6 1760/593/6
f 1767/574/4 1763/598/4 1761/599/4 1765/572/4
f 1770/592/3 1771/569/3 1775/572/3 1774/593/3
f 1774/593/1 1775/572/1 1773/574/1 1772/594/1
f 1772/595/8 1773/575/8 1769/574/8 1768/594/8
f 1770/594/6 1774/596/6 1772/597/6 1768/593/6
f 1775/574/4 1771/598/4 1769/599/4 1773/572/4
f 1778/581/3 1779/582/3 1783/583/3 1782/584/3
f 1782/584/1 1783/583/1 1781/233/1 1780/585/1
f 1780/586/8 1781/587/8 1777/233/8 1776/585/8
f 1778/585/6 1782/588/6 1780/589/6 1776/584/6
f 1783/233/4 1779/590/4 1777/591/4 1781/583/4
f 1786/569/3 1787/570/3 1791/571/3 1790/572/3
f 1790/572/1 1791/571/1 1789/573/1 1788/574/1
f 1788/575/8 1789/576/8 1785/573/8 1784/574/8
f 1786/574/6 1790/577/6 1788/578/6 1784/572/6
f 1791/573/4 1787/579/4 1785/580/4 1789/571/4
f 1794/569/3 1795/570/3 1799/571/3 1798/572/3
f 1798/572/1 1799/571/1 1797/573/1 1796/574/1
f 1796/575/8 1797/576/8 1793/573/8 1792/574/8
f 1794/574/6 1798/577/6 1796/578/6 1792/572/6
f 1799/573/4 1795/579/4 1793/580/4 1797/571/4
f 1802/592/3 1803/569/3 1807/572/3 1806/593/3
f 1806/593/1 1807/572/1 1805/574/1 1804/594/1
f 1804/595/8 1805/575/8 1801/574/8 1800/594/8
f 1802/594/6 1806/596/6 1804/597/6 1800/593/6
f 1807/574/4 1803/598/4 1801/599/4 1805/572/4
f 1810/581/3 1811/582/3 1815/583/3 1814/584/3
f 1814/584/1 1815/583/1 1813/233/1 1812/585/1
f 1812/586/8 1813/587/8 1809/233/8 1808/585/8
f 1810/585/6 1814/588/6 1812/589/6 1808/584/6
f 1815/233/4 1811/590/4 1809/591/4 1813/583/4
f 1818/592/3 1819/569/3 1823/572/3 1822/593/3
f 1822/593/1 1823/572/1 1821/574/1 1820/594/1
f 1820/595/8 1821/575/8 1817/574/8 1816/594/8
f 1818/594/6 1822/596/6 1820/597/6 1816/593/6
f 1823/574/4 1819/598/4 1817/599/4 1821/572/4
f 1826/569/3 1827/570/3 1831/571/3 1830/572/3
f 1830/572/1 1831/571/1 1829/573/1 1828/574/1
f 1828/575/8 1829/576/8 1825/573/8 1824/574/8
f 1826/574/6 1830/577/6 1828/578/6 1824/572/6
f 1831/573/4 1827/579/4 1825/580/4 1829/571/4
f 1834/592/3 1835/569/3 1839/572/3 1838/593/3
f 1838/593/1 1839/572/1 1837/574/1 1836/594/1
f 1836/595/8 1837/575/8 1833/574/8 1832/594/8
f 1834/594/6 1838/596/6 1836/597/6 1832/593/6
f 1839/574/4 1835/598/4 1833/599/4 1837/572/4
f 1842/581/3 1843/582/3 1847/583/3 1846/584/3
f 1846/584/1 1847/583/1 1845/233/1 1844/585/1
f 1844/586/8 1845/587/8 1841/233/8 1840/585/8
f 1842/585/6 1846/588/6 1844/589/6 1840/584/6
f 1847/233/4 1843/590/4 1841/591/4 1845/583/4
f 1850/581/3 1851/582/3 1855/583/3 1854/584/3
f 1854/584/1 1855/583/1 1853/233/1 1852/585/1
f 1852/586/8 1853/587/8 1849/233/8 1848/585/8
f 1850/585/6 1854/588/6 1852/589/6 1848/584/6
f 1855/233/4 1851/590/4 1849/591/4 1853/583/4
f 1858/592/3 1859/569/3 1863/572/3 1862/593/3
f 1862/593/1 1863/572/1 1861/574/1 1860/594/1
f 1860/595/8 1861/575/8 1857/574/8 1856/594/8
f 1858/594/6 1862/596/6 1860/597/6 1856/593/6
f 1863/574/4 1859/598/4 1857/599/4 1861/572/4
f 1866/569/3 1867/570/3 1871/571/3 1870/572/3
f 1870/572/1 1871/571/1 1869/573/1 1868/574/1
f 1868/575/8 1869/576/8 1865/573/8 1864/574/8
f 1866/574/6 1870/577/6 1868/578/6 1864/572/6
f 1871/573/4 1867/579/4 1865/580/4 1869/571/4
f 1874/592/3 1875/569/3 1879/572/3 1878/593/3
f 1878/593/1 1879/572/1 1877/574/1 1876/594/1
f 1876/595/8 1877/575/8 1873/574/8 1872/594/8
f 1874/594/6 1878/596/6 1876/597/6 1872/593/6
f 1879/574/4 1875/598/4 1873/599/4 1877/572/4
f 1882/581/3 1883/582/3 1887/583/3 1886/584/3
f 1886/584/1 1887/583/1 1885/233/1 1884/585/1
f 1884/586/8 1885/587/8 1881/233/8 1880/585/8
f 1882/585/6 1886/588/6 1884/589/6 1880/584/6
f 1887/233/4 1883/590/4 1881/591/4 1885/583/4
f 1890/592/3 1891/569/3 1895/572/3 1894/593/3
f 1894/593/1 1895/572/1 1893/574/1 1892/594/1
f 1892/595/8 1893/575/8 1889/574/8 1888/594/8
f 1890/594/6 1894/596/6 1892/597/6 1888/593/6
f 1895/574/4 1891/598/4 1889/599/4 1893/572/4
f 1898/569/3 1899/570/3 1903/571/3 1902/572/3
f 1902/572/1 1903/571/1 1901/573/1 1900/574/1
f 1900/575/8 1901/576/8 1897/573/8 1896/574/8
f 1898/574/6 1902/577/6 1900/578/6 1896/572/6
f 1903/573/4 1899/579/4 1897/580/4 1901/571/4
f 1906/569/3 1907/570/3 1911/571/3 1910/572/3
f 1910/572/1 1911/571/1 1909/573/1 1908/574/1
f 1908/575/8 1909/576/8 1905/573/8 1904/574/8
f 1906/574/6 1910/577/6 1908/578/6 1904/572/6
f 1911/573/4 1907/579/4 1905/580/4 1909/571/4
f 1914/581/3 1915/582/3 1919/583/3 1918/584/3
f 1918/584/1 1919/583/1 1917/233/1 1916/585/1
f 1916/586/8 1917/587/8 1913/233/8 1912/585/8
f 1914/585/6 1918/588/6 1916/589/6 1912/584/6
f 1919/233/4 1915/590/4 1913/591/4 1917/583/4
f 1922/592/3 1923/569/3 1927/572/3 1926/593/3
f 1926/593/1 1927/572/1 1925/574/1 1924/594/1
f 1924/595/8 1925/575/8 1921/574/8 1920/594/8
f 1922/594/6 1926/596/6 1924/597/6 1920/593/6
f 1927/574/4 1923/598/4 1921/599/4 1925/572/4
f 1930/592/3 1931/569/3 1935/572/3 1934/593/3
f 1934/593/1 1935/572/1 1933/574/1 1932/594/1
f 1932/595/8 1933/575/8 1929/574/8 1928/594/8
f 1930/594/6 1934/596/6 1932/597/6 1928/593/6
f 1935/574/4 1931/598/4 1929/599/4 1933/572/4
f 1938/581/3 1939/582/3 1943/583/3 1942/584/3
f 1942/584/1 1943/583/1 1941/233/1 1940/585/1
f 1940/586/8 1941/587/8 1937/233/8 1936/585/8
f 1938/585/6 1942/588/6 1940/589/6 1936/584/6
f 1943/233/4 1939/590/4 1937/591/4 1941/583/4
f 1946/569/3 1947/570/3 1951/571/3 1950/572/3
f 1950/572/1 1951/571/1 1949/573/1 1948/574/1
f 1948/575/8 1949/576/8 1945/573/8 1944/574/8
f 1946/574/6 1950/577/6 1948/578/6 1944/572/6
f 1951/573/4 1947/579/4 1945/580/4 1949/571/4
f 1954/581/3 1955/582/3 1959/583/3 1958/584/3
f 1958/584/1 1959/583/1 1957/233/1 1956/585/1
f 1956/586/8 1957/587/8 1953/233/8 1952/585/8
f 1954/585/6 1958/588/6 1956/589/6 1952/584/6
f 1959/233/4 1955/590/4 1953/591/4 1957/583/4
f 1962/592/3 1963/569/3 1967/572/3 1966/593/3
f 1966/593/1 1967/572/1 1965/574/1 1964/594/1
f 1964/595/8 1965/575/8 1961/574/8 1960/594/8
f 1962/594/6 1966/596/6 1964/597/6 1960/593/6
f 1967/574/4 1963/598/4 1961/599/4 1965/572/4
f 1970/592/3 1971/569/3 1975/572/3 1974/593/3
f 1974/593/1 1975/572/1 1973/574/1 1972/594/1
f 1972/595/8 1973/575/8 1969/574/8 1968/594/8
f 1970/594/6 1974/596/6 1972/597/6 1968/593/6
f 1975/574/4 1971/598/4 1969/599/4 1973/572/4
f 1978/581/3 1979/582/3 1983/583/3 1982/584/3
f 1982/584/1 1983/583/1 1981/233/1 1980/585/1
f 1980/586/8 1981/587/8 1977/233/8 1976/585/8
f 1978/585/6 1982/588/6 1980/589/6 1976/584/6
f 1983/233/4 1979/590/4 1977/591/4 1981/583/4
f 1986/569/3 1987/570/3 1991/571/3 1990/572/3
f 1990/572/1 1991/571/1 1989/573/1 1988/574/1
f 1988/575/8 1989/576/8 1985/573/8 1984/574/8
f 1986/574/6 1990/577/6 1988/578/6 1984/572/6
f 1991/573/4 1987/579/4 1985/580/4 1989/571/4
f 1994/581/3 1995/582/3 1999/583/3 1998/584/3
f 1998/584/1 1999/583/1 1997/233/1 1996/585/1
f 1996/586/8 1997/587/8 1993/233/8 1992/585/8
f 1994/585/6 1998/588/6 1996/589/6 1992/584/6
f 1999/233/4 1995/590/4 1993/591/4 1997/583/4
f 2002/592/3 2003/569/3 2007/572/3 2006/593/3
f 2006/593/1 2007/572/1 2005/574/1 2004/594/1
f 2004/595/8 2005/575/8 2001/574/8 2000/594/8
f 2002/594/6 2006/596/6 2004/597/6 2000/593/6
f 2007/574/4 2003/598/4 2001/599/4 2005/572/4
f 2010/592/3 2011/569/3 2015/572/3 2014/593/3
f 2014/593/1 2015/572/1 2013/574/1 2012/594/1
f 2012/595/8 2013/575/8 2009/574/8 2008/594/8
f 2010/594/6 2014/596/6 2012/597/6 2008/593/6
f 2015/574/4 2011/598/4 2009/599/4 2013/572/4
f 2018/581/3 2019/582/3 2023/583/3 2022/584/3
f 2022/584/1 2023/583/1 2021/233/1 2020/585/1
f 2020/586/8 2021/587/8 2017/233/8 2016/585/8
f 2018/585/6 2022/588/6 2020/589/6 2016/584/6
f 2023/233/4 2019/590/4 2017/591/4 2021/583/4
f 2026/569/3 2027/570/3 2031/571/3 2030/572/3
f 2030/572/1 2031/571/1 2029/573/1 2028/574/1
f 2028/575/8 2029/576/8 2025/573/8 2024/574/8
f 2026/574/6 2030/577/6 2028/578/6 2024/572/6
f 2031/573/4 2027/579/4 2025/580/4 2029/571/4
f 2034/569/3 2035/570/3 2039/571/3 2038/572/3
f 2038/572/1 2039/571/1 2037/573/1 2036/574/1
f 2036/575/8 2037/576/8 2033/573/8 2032/574/8
f 2034/574/6 2038/577/6 2036/578/6 2032/572/6
f 2039/573/4 2035/579/4 2033/580/4 2037/571/4
f 2042/581/3 2043/582/3 2047/583/3 2046/584/3
f 2046/584/1 2047/583/1 2045/233/1 2044/585/1
f 2044/586/8 2045/587/8 2041/233/8 2040/585/8
f 2042/585/6 2046/588/6 2044/589/6 2040/584/6
f 2047/233/4 2043/590/4 2041/591/4 2045/583/4
f 2050/592/3 2051/569/3 2055/572/3 2054/593/3
f 2054/593/1 2055/572/1 2053/574/1 2052/594/1
f 2052/595/8 2053/575/8 2049/574/8 2048/594/8
f 2050/594/6 2054/596/6 2052/597/6 2048/593/6
f 2055/574/4 2051/598/4 2049/599/4 2053/572/4
f 2058/569/3 2059/570/3 2063/571/3 2062/572/3
f 2062/572/1 2063/571/1 2061/573/1 2060/574/1
f 2060/575/8 2061/576/8 2057/573/8 2056/574/8
f 2058/574/6 2062/577/6 2060/578/6 2056/572/6
f 2063/573/4 2059/579/4 2057/580/4 2061/571/4
f 2066/592/3 2067/569/3 2071/572/3 2070/593/3
f 2070/593/1 2071/572/1 2069/574/1 2068/594/1
f 2068/595/8 2069/575/8 2065/574/8 2064/594/8
f 2066/594/6 2070/596/6 2068/597/6 2064/593/6
f 2071/574/4 2067/598/4 2065/599/4 2069/572/4
f 2074/581/3 2075/582/3 2079/583/3 2078/584/3
f 2078/584/1 2079/583/1 2077/233/1 2076/585/1
f 2076/586/8 2077/587/8 2073/233/8 2072/585/8
f 2074/585/6 2078/588/6 2076/589/6 2072/584/6
f 2079/233/4 2075/590/4 2073/591/4 2077/583/4
f 2082/592/3 2083/569/3 2087/572/3 2086/593/3
f 2086/593/1 2087/572/1 2085/574/1 2084/594/1
f 2084/595/8 2085/575/8 2081/574/8 2080/594/8
f 2082/594/6 2086/596/6 2084/597/6 2080/593/6
f 2087/574/4 2083/598/4 2081/599/4 2085/572/4
f 2090/569/3 2091/570/3 2095/571/3 2094/572/3
f 2094/572/1 2095/571/1 2093/573/1 2092/574/1
f 2092/575/8 2093/576/8 2089/573/8 2088/574/8
f 2090/574/6 2094/577/6 2092/578/6 2088/572/6
f 2095/573/4 2091/579/4 2089/580/4 2093/571/4
f 2098/592/3 2099/569/3 2103/572/3 2102/593/3
f 2102/593/1 2103/572/1 2101/574/1 2100/594/1
f 2100/595/8 2101/575/8 2097/574/8 2096/594/8
f 2098/594/6 2102/596/6 2100/597/6 2096/593/6
f 2103/574/4 2099/598/4 2097/599/4 2101/572/4
f 2106/581/3 2107/582/3 2111/583/3 2110/584/3
f 2110/584/1 2111/583/1 2109/233/1 2108/585/1
f 2108/586/8 2109/587/8 2105/233/8 2104/585/8
f 2106/585/6 2110/588/6 2108/589/6 2104/584/6
f 2111/233/4 2107/590/4 2105/591/4 2109/583/4
f 2114/592/3 2115/569/3 2119/572/3 2118/593/3
f 2118/593/1 2119/572/1 2117/574/1 2116/594/1
f 2116/595/8 2117/575/8 2113/574/8 2112/594/8
f 2114/594/6 2118/596/6 2116/597/6 2112/593/6
f 2119/574/4 2115/598/4 2113/599/4 2117/572/4
f 2122/569/3 2123/570/3 2127/571/3 2126/572/3
f 2126/572/1 2127/571/1 2125/573/1 2124/574/1
f 2124/575/8 2125/576/8 2121/573/8 2120/574/8
f 2122/574/6 2126/577/6 2124/578/6 2120/572/6
f 2127/573/4 2123/579/4 2121/580/4 2125/571/4
f 2130/569/3 2131/570/3 2135/571/3 2134/572/3
f 2134/572/1 2135/571/1 2133/573/1 2132/574/1
f 2132/575/8 2133/576/8 2129/573/8 2128/574/8
f 2130/574/6 2134/577/6 2132/578/6 2128/572/6
f 2135/573/4 2131/579/4 2129/580/4 2133/571/4
f 2138/581/3 2139/582/3 2143/583/3 2142/584/3
f 2142/584/1 2143/583/1 2141/233/1 2140/585/1
f 2140/586/8 2141/587/8 2137/233/8 2136/585/8
f 2138/585/6 2142/588/6 2140/589/6 2136/584/6
f 2143/233/4 2139/590/4 2137/591/4 2141/583/4
f 2146/592/3 2147/569/3 2151/572/3 2150/593/3
f 2150/593/1 2151/572/1 2149/574/1 2148/594/1
f 2148/595/8 2149/575/8 2145/574/8 2144/594/8
f 2146/594/6 2150/596/6 2148/597/6 2144/593/6
f 2151/574/4 2147/598/4 2145/599/4 2149/572/4
f 2154/592/3 2155/569/3 2159/572/3 2158/593/3
f 2158/593/1 2159/572/1 2157/574/1 2156/594/1
f 2156/595/8 2157/575/8 2153/574/8 2152/594/8
f 2154/594/6 2158/596/6 2156/597/6 2152/593/6
f 2159/574/4 2155/598/4 2153/599/4 2157/572/4
f 2162/581/3 2163/582/3 2167/583/3 2166/584/3
f 2166/584/1 2167/583/1 2165/233/1 2164/585/1
f 2164/586/8 2165/587/8 2161/233/8 2160/585/8
f 2162/585/6 2166/588/6 2164/589/6 2160/584/6
f 2167/233/4 2163/590/4 2161/591/4 2165/583/4
f 2170/569/3 2171/570/3 2175/571/3 2174/572/3
f 2174/572/1 2175/571/1 2173/573/1 2172/574/1
f 2172/575/8 2173/576/8 2169/573/8 2168/574/8
f 2170/574/6 2174/577/6 2172/578/6 2168/572/6
f 2175/573/4 2171/579/4 2169/580/4 2173/571/4
f 2178/581/3 2179/582/3 2183/583/3 2182/584/3
f 2182/584/1 2183/583/1 2181/233/1 2180/585/1
f 2180/586/8 2181/587/8 2177/233/8 2176/585/8
f 2178/585/6 2182/588/6 2180/589/6 2176/584/6
f 2183/233/4 2179/590/4 2177/591/4 2181/583/4
f 2186/592/3 2187/569/3 2191/572/3 2190/593/3
f 2190/593/1 2191/572/1 2189/574/1 2188/594/1
f 2188/595/8 2189/575/8 2185/574/8 2184/594/8
f 2186/594/6 2190/596/6 2188/597/6 2184/593/6
f 2191/574/4 2187/598/4 2185/599/4 2189/572/4
f 2194/592/3 2195/569/3 2199/572/3 2198/593/3
f 2198/593/1 2199/572/1 2197/574/1 2196/594/1
f 2196/595/8 2197/575/8 2193/574/8 2192/594/8
f 2194/594/6 2198/596/6 2196/597/6 2192/593/6
f 2199/574/4 2195/598/4 2193/599/4 2197/572/4
f 2202/581/3 2203/582/3 2207/583/3 2206/584/3
f 2206/584/1 2207/583/1 2205/233/1 2204/585/1
f 2204/586/8 2205/587/8 2201/233/8 2200/585/8
f 2202/585/6 2206/588/6 2204/589/6 2200/584/6
f 2207/233/4 2203/590/4 2201/591/4 2205/583/4
f 2210/569/3 2211/570/3 2215/571/3 2214/572/3
f 2214/572/1 2215/571/1 2213/573/1 2212/574/1
f 2212/575/8 2213/576/8 2209/573/8 2208/574/8
f 2210/574/6 2214/577/6 2212/578/6 2208/572/6
f 2215/573/4 2211/579/4 2209/580/4 2213/571/4
f 2218/581/3 2219/582/3 2223/583/3 2222/584/3
f 2222/584/1 2223/583/1 2221/233/1 2220/585/1
f 2220/586/8 2221/587/8 2217/233/8 2216/585/8
f 2218/585/6 2222/588/6 2220/589/6 2216/584/6
f 2223/233/4 2219/590/4 2217/591/4 2221/583/4
f 2226/592/3 2227/569/3 2231/572/3 2230/593/3
f 2230/593/1 2231/572/1 2229/574/1 2228/594/1
f 2228/595/8 2229/575/8 2225/574/8 2224/594/8
f 2226/594/6 2230/596/6 2228/597/6 2224/593/6
f 2231/574/4 2227/598/4 2225/599/4 2229/572/4
f 2234/592/3 2235/569/3 2239/572/3 2238/593/3
f 2238/593/1 2239/572/1 2237/574/1 2236/594/1
f 2236/595/8 2237/575/8 2233/574/8 2232/594/8
f 2234/594/6 2238/596/6 2236/597/6 2232/593/6
f 2239/574/4 2235/598/4 2233/599/4 2237/572/4
f 2242/581/3 2243/582/3 2247/583/3 2246/584/3
f 2246/584/1 2247/583/1 2245/233/1 2244/585/1
f 2244/586/8 2245/587/8 2241/233/8 2240/585/8
f 2242/585/6 2246/588/6 2244/589/6 2240/584/6
f 2247/233/4 2243/590/4 2241/591/4 2245/583/4
f 2250/569/3 2251/570/3 2255/571/3 2254/572/3
f 2254/572/1 2255/571/1 2253/573/1 2252/574/1
f 2252/575/8 2253/576/8 2249/573/8 2248/574/8
f 2250/574/6 2254/577/6 2252/578/6 2248/572/6
f 2255/573/4 2251/579/4 2249/580/4 2253/571/4
f 2258/569/3 2259/570/3 2263/571/3 2262/572/3
f 2262/572/1 2263/571/1 2261/573/1 2260/574/1
f 2260/575/8 2261/576/8 2257/573/8 2256/574/8
f 2258/574/6 2262/577/6 2260/578/6 2256/572/6
f 2263/573/4 2259/579/4 2257/580/4 2261/571/4
f 2266/592/3 2267/569/3 2271/572/3 2270/593/3
f 2270/593/1 2271/572/1 2269/574/1 2268/594/1
f 2268/595/8 2269/575/8 2265/574/8 2264/594/8
f 2266/594/6 2270/596/6 2268/597/6 2264/593/6
f 2271/574/4 2267/598/4 2265/599/4 2269/572/4
f 2274/581/3 2275/582/3 2279/583/3 2278/584/3
f 2278/584/1 2279/583/1 2277/233/1 2276/585/1
f 2276/586/8 2277/587/8 2273/233/8 2272/585/8
f 2274/585/6 2278/588/6 2276/589/6 2272/584/6
f 2279/233/4 2275/590/4 2273/591/4 2277/583/4
f 2282/592/3 2283/569/3 2287/572/3 2286/593/3
f 2286/593/1 2287/572/1 2285/574/1 2284/594/1
f 2284/595/8 2285/575/8 2281/574/8 2280/594/8
f 2282/594/6 2286/596/6 2284/597/6 2280/593/6
f 2287/574/4 2283/598/4 2281/599/4 2285/572/4
f 2290/569/3 2291/570/3 2295/571/3 2294/572/3
f 2294/572/1 2295/571/1 2293/573/1 2292/574/1
f 2292/575/8 2293/576/8 2289/573/8 2288/574/8
f 2290/574/6 2294/577/6 2292/578/6 2288/572/6
f 2295/573/4 2291/579/4 2289/580/4 2293/571/4
f 2298/592/3 2299/569/3 2303/572/3 2302/593/3
f 2302/593/1 2303/572/1 2301/574/1 2300/594/1
f 2300/595/8 2301/575/8 2297/574/8 2296/594/8
f 2298/594/6 2302/596/6 2300/597/6 2296/593/6
f 2303/574/4 2299/598/4 2297/599/4 2301/572/4
f 2306/581/3 2307/582/3 2311/583/3 2310/584/3
f 2310/584/1 2311/583/1 2309/233/1 2308/585/1
f 2308/586/8 2309/587/8 2305/233/8 2304/585/8
f 2306/585/6 2310/588/6 2308/589/6 2304/584/6
f 2311/233/4 2307/590/4 2305/591/4 2309/583/4
f 2314/581/3 2315/582/3 2319/583/3 2318/584/3
f 2318/584/1 2319/583/1 2317/233/1 2316/585/1
f 2316/586/8 2317/587/8 2313/233/8 2312/585/8
f 2314/585/6 2318/588/6 2316/589/6 2312/584/6
f 2319/233/4 2315/590/4 2313/591/4 2317/583/4
f 2322/592/3 2323/569/3 2327/572/3 2326/593/3
f 2326/593/1 2327/572/1 2325/574/1 2324/594/1
f 2324/595/8 2325/575/8 2321/574/8 2320/594/8
f 2322/594/6 2326/596/6 2324/597/6 2320/593/6
f 2327/574/4 2323/598/4 2321/599/4 2325/572/4
f 2330/569/3 2331/570/3 2335/571/3 2334/572/3
f 2334/572/1 2335/571/1 2333/573/1 2332/574/1
f 2332/575/8 2333/576/8 2329/573/8 2328/574/8
f 2330/574/6 2334/577/6 2332/578/6 2328/572/6
f 2335/573/4 2331/579/4 2329/580/4 2333/571/4
f 2338/592/3 2339/569/3 2343/572/3 2342/593/3
f 2342/593/1 2343/572/1 2341/574/1 2340/594/1
f 2340/595/8 2341/575/8 2337/574/8 2336/594/8
f 2338/594/6 2342/596/6 2340/597/6 2336/593/6
f 2343/574/4 2339/598/4 2337/599/4 2341/572/4
f 2346/581/3 2347/582/3 2351/583/3 2350/584/3
f 2350/584/1 2351/583/1 2349/233/1 2348/585/1
f 2348/586/8 2349/587/8 2345/233/8 2344/585/8
f 2346/585/6 2350/588/6 2348/589/6 2344/584/6
f 2351/233/4 2347/590/4 2345/591/4 2349/583/4
f 2354/592/3 2355/569/3 2359/572/3 2358/593/3
f 2358/593/1 2359/572/1 2357/574/1 2356/594/1
f 2356/595/8 2357/575/8 2353/574/8 2352/594/8
f 2354/594/6 2358/596/6 2356/597/6 2352/593/6
f 2359/574/4 2355/598/4 2353/599/4 2357/572/4
f 2362/569/3 2363/570/3 2367/571/3 2366/572/3
f 2366/572/1 2367/571/1 2365/573/1 2364/574/1
f 2364/575/8 2365/576/8 2361/573/8 2360/574/8
f 2362/574/6 2366/577/6 2364/578/6 2360/572/6
f 2367/573/4 2363/579/4 2361/580/4 2365/571/4
f 2370/569/3 2371/570/3 2375/571/3 2374/572/3
f 2374/572/1 2375/571/1 2373/573/1 2372/574/1
f 2372/575/8 2373/576/8 2369/573/8 2368/574/8
f 2370/574/6 2374/577/6 2372/578/6 2368/572/6
f 2375/573/4 2371/579/4 2369/580/4 2373/571/4
f 2378/581/3 2379/582/3 2383/583/3 2382/584/3
f 2382/584/1 2383/583/1 2381/233/1 2380/585/1
f 2380/586/8 2381/587/8 2377/233/8 2376/585/8
f 2378/585/6 2382/588/6 2380/589/6 2376/584/6
f 2383/233/4 2379/590/4 2377/591/4 2381/583/4
f 2386/592/3 2387/569/3 2391/572/3 2390/593/3
f 2390/593/1 2391/572/1 2389/574/1 2388/594/1
f 2388/595/8 2389/575/8 2385/574/8 2384/594/8
f 2386/594/6 2390/596/6 2388/597/6 2384/593/6
f 2391/574/4 2387/598/4 2385/599/4 2389/572/4
f 2394/592/3 2395/569/3 2399/572/3 2398/593/3
f 2398/593/1 2399/572/1 2397/574/1 2396/594/1
f 2396/595/8 2397/575/8 2393/574/8 2392/594/8
f 2394/594/6 2398/596/6 2396/597/6 2392/593/6
f 2399/574/4 2395/598/4 2393/599/4 2397/572/4
f 2402/581/3 2403/582/3 2407/583/3 2406/584/3
f 2406/584/1 2407/583/1 2405/233/1 2404/585/1
f 2404/586/8 2405/587/8 2401/233/8 2400/585/8
f 2402/585/6 2406/588/6 2404/589/6 2400/584/6
f 2407/233/4 2403/590/4 2401/591/4 2405/583/4
f 2410/581/3 2411/582/3 2415/583/3 2414/584/3
f 2414/584/1 2415/583/1 2413/233/1 2412/585/1
f 2412/586/8 2413/587/8 2409/233/8 2408/585/8
f 2410/585/6 2414/588/6 2412/589/6 2408/584/6
f 2415/233/4 2411/590/4 2409/591/4 2413/583/4
f 2418/592/3 2419/569/3 2423/572/3 2422/593/3
f 2422/593/1 2423/572/1 2421/574/1 2420/594/1
f 2420/595/8 2421/575/8 2417/574/8 2416/594/8
f 2418/594/6 2422/596/6 2420/597/6 2416/593/6
f 2423/574/4 2419/598/4 2417/599/4 2421/572/4
f 2426/592/3 2427/569/3 2431/572/3 2430/593/3
f 2430/593/1 2431/572/1 2429/574/1 2428/594/1
f 2428/595/8 2429/575/8 2425/574/8 2424/594/8
f 2426/594/6 2430/596/6 2428/597/6 2424/593/6
f 2431/574/4 2427/598/4 2425/599/4 2429/572/4
f 2434/581/3 2435/582/3 2439/583/3 2438/584/3
f 2438/584/1 2439/583/1 2437/233/1 2436/585/1
f 2436/586/8 2437/587/8 2433/233/8 2432/585/8
f 2434/585/6 2438/588/6 2436/589/6 2432/584/6
f 2439/233/4 2435/590/4 2433/591/4 2437/583/4
f 2442/581/3 2443/582/3 2447/583/3 2446/584/3
f 2446/584/1 2447/583/1 2445/233/1 2444/585/1
f 2444/586/8 2445/587/8 2441/233/8 2440/585/8
f 2442/585/6 2446/588/6 2444/589/6 2440/584/6
f 2447/233/4 2443/590/4 2441/591/4 2445/583/4
f 2450/569/3 2451/570/3 2455/571/3 2454/572/3
f 2454/572/1 2455/571/1 2453/573/1 2452/574/1
f 2452/575/8 2453/576/8 2449/573/8 2448/574/8
f 2450/574/6 2454/577/6 2452/578/6 2448/572/6
f 2455/573/4 2451/579/4 2449/580/4 2453/571/4
f 2458/592/3 2459/569/3 2463/572/3 2462/593/3
f 2462/593/1 2463/572/1 2461/574/1 2460/594/1
f 2460/595/8 2461/575/8 2457/574/8 2456/594/8
f 2458/594/6 2462/596/6 2460/597/6 2456/593/6
f 2463/574/4 2459/598/4 2457/599/4 2461/572/4
f 2466/581/3 2467/582/3 2471/583/3 2470/584/3
f 2470/584/1 2471/583/1 2469/233/1 2468/585/1
f 2468/586/8 2469/587/8 2465/233/8 2464/585/8
f 2466/585/6 2470/588/6 2468/589/6 2464/584/6
f 2471/233/4 2467/590/4 2465/591/4 2469/583/4
f 2474/592/3 2475/569/3 2479/572/3 2478/593/3
f 2478/593/1 2479/572/1 2477/574/1 2476/594/1
f 2476/595/8 2477/575/8 2473/574/8 2472/594/8
f 2474/594/6 2478/596/6 2476/597/6 2472/593/6
f 2479/574/4 2475/598/4 2473/599/4 2477/572/4
f 2482/569/3 2483/570/3 2487/571/3 2486/572/3
f 2486/572/1 2487/571/1 2485/573/1 2484/574/1
f 2482/574/6 2486/577/6 2484/578/6 3672/604/6 2480/572/6
f 2485/571/4 2487/573/4 2483/579/4 2481/580/4 3673/605/4
f 2488/592/3 2489/569/3 2491/572/3 2490/593/3
f 2490/593/1 2491/572/1 3674/606/1 3675/607/1
f 2488/594/6 2490/596/6 3675/608/6 3676/609/6
f 3674/610/4 2491/574/4 2489/598/4 3677/611/4
f 2492/581/3 2493/582/3 2495/583/3 2494/584/3
f 2494/584/1 2495/583/1 3678/612/1 3679/613/1
f 2492/585/6 2494/588/6 3679/614/6 3680/615/6
f 3678/616/4 2495/233/4 2493/590/4 3681/617/4
f 2498/581/8 2499/582/8 2503/583/8 2502/584/8
f 2502/584/5 2503/583/5 2501/233/5 2500/585/5
f 2500/586/3 2501/587/3 2497/233/3 2496/585/3
f 2498/585/6 2502/588/6 2500/589/6 2496/584/6
f 2503/233/4 2499/590/4 2497/591/4 2501/583/4
f 2506/569/8 2507/570/8 2511/571/8 2510/572/8
f 2510/572/5 2511/571/5 2509/573/5 2508/574/5
f 2508/575/3 2509/576/3 2505/573/3 2504/574/3
f 2506/574/6 2510/577/6 2508/578/6 2504/572/6
f 2511/573/4 2507/579/4 2505/580/4 2509/571/4
f 2514/592/8 2515/569/8 2519/572/8 2518/593/8
f 2518/593/5 2519/572/5 2517/574/5 2516/594/5
f 2516/595/3 2517/575/3 2513/574/3 2512/594/3
f 2514/594/6 2518/596/6 2516/597/6 2512/593/6
f 2519/574/4 2515/598/4 2513/599/4 2517/572/4
f 2522/592/8 2523/569/8 2527/572/8 2526/593/8
f 2526/593/5 2527/572/5 2525/574/5 2524/594/5
f 2524/595/3 2525/575/3 2521/574/3 2520/594/3
f 2522/594/6 2526/596/6 2524/597/6 2520/593/6
f 2527/574/4 2523/598/4 2521/599/4 2525/572/4
f 2530/581/8 2531/582/8 2535/583/8 2534/584/8
f 2534/584/5 2535/583/5 2533/233/5 2532/585/5
f 2532/586/3 2533/587/3 2529/233/3 2528/585/3
f 2530/585/6 2534/588/6 2532/589/6 2528/584/6
f 2535/233/4 2531/590/4 2529/591/4 2533/583/4
f 2538/569/8 2539/570/8 2543/571/8 2542/572/8
f 2542/572/5 2543/571/5 2541/573/5 2540/574/5
f 2540/575/3 2541/576/3 2537/573/3 2536/574/3
f 2538/574/6 2542/577/6 2540/578/6 2536/572/6
f 2543/573/4 2539/579/4 2537/580/4 2541/571/4
f 2546/581/8 2547/582/8 2551/583/8 2550/584/8
f 2550/584/5 2551/583/5 2549/233/5 2548/585/5
f 2548/586/3 2549/587/3 2545/233/3 2544/585/3
f 2546/585/6 2550/588/6 2548/589/6 2544/584/6
f 2551/233/4 2547/590/4 2545/591/4 2549/583/4
f 2554/581/8 2555/582/8 2559/583/8 2558/584/8
f 2558/584/5 2559/583/5 2557/233/5 2556/585/5
f 2556/586/3 2557/587/3 2553/233/3 2552/585/3
f 2554/585/6 2558/588/6 2556/589/6 2552/584/6
f 2559/233/4 2555/590/4 2553/591/4 2557/583/4
f 2562/592/8 2563/569/8 2567/572/8 2566/593/8
f 2566/593/5 2567/572/5 2565/574/5 2564/594/5
f 2564/595/3 2565/575/3 2561/574/3 2560/594/3
f 2562/594/6 2566/596/6 2564/597/6 2560/593/6
f 2567/574/4 2563/598/4 2561/599/4 2565/572/4
f 2570/569/8 2571/570/8 2575/571/8 2574/572/8
f 2574/572/5 2575/571/5 2573/573/5 2572/574/5
f 2572/575/3 2573/576/3 2569/573/3 2568/574/3
f 2570/574/6 2574/577/6 2572/578/6 2568/572/6
f 2575/573/4 2571/579/4 2569/580/4 2573/571/4
f 2578/569/8 2579/570/8 2583/571/8 2582/572/8
f 2582/572/5 2583/571/5 2581/573/5 2580/574/5
f 2580/575/3 2581/576/3 2577/573/3 2576/574/3
f 2578/574/6 2582/577/6 2580/578/6 2576/572/6
f 2583/573/4 2579/579/4 2577/580/4 2581/571/4
f 2586/592/8 2587/569/8 2591/572/8 2590/593/8
f 2590/593/5 2591/572/5 2589/574/5 2588/594/5
f 2588/595/3 2589/575/3 2585/574/3 2584/594/3
f 2586/594/6 2590/596/6 2588/597/6 2584/593/6
f 2591/574/4 2587/598/4 2585/599/4 2589/572/4
f 2594/592/8 2595/569/8 2599/572/8 2598/593/8
f 2598/593/5 2599/572/5 2597/574/5 2596/594/5
f 2596/595/3 2597/575/3 2593/574/3 2592/594/3
f 2594/594/6 2598/596/6 2596/597/6 2592/593/6
f 2599/574/4 2595/598/4 2593/599/4 2597/572/4
f 2602/592/8 2603/569/8 2607/572/8 2606/593/8
f 2606/593/5 2607/572/5 2605/574/5 2604/594/5
f 2604/595/3 2605/575/3 2601/574/3 2600/594/3
f 2602/594/6 2606/596/6 2604/597/6 2600/593/6
f 2607/574/4 2603/598/4 2601/599/4 2605/572/4
f 2610/581/8 2611/582/8 2615/583/8 2614/584/8
f 2614/584/5 2615/583/5 2613/233/5 2612/585/5
f 2612/586/3 2613/587/3 2609/233/3 2608/585/3
f 2610/585/6 2614/588/6 2612/589/6 2608/584/6
f 2615/233/4 2611/590/4 2609/591/4 2613/583/4
f 2618/581/8 2619/582/8 2623/583/8 2622/584/8
f 2622/584/5 2623/583/5 2621/233/5 2620/585/5
f 2620/586/3 2621/587/3 2617/233/3 2616/585/3
f 2618/585/6 2622/588/6 2620/589/6 2616/584/6
f 2623/233/4 2619/590/4 2617/591/4 2621/583/4
f 2626/569/8 2627/570/8 2631/571/8 2630/572/8
f 2630/572/5 2631/571/5 2629/573/5 2628/574/5
f 2628/575/3 2629/576/3 2625/573/3 2624/574/3
f 2626/574/6 2630/577/6 2628/578/6 2624/572/6
f 2631/573/4 2627/579/4 2625/580/4 2629/571/4
f 2634/592/8 2635/569/8 2639/572/8 2638/593/8
f 2638/593/5 2639/572/5 2637/574/5 2636/594/5
f 2636/595/3 2637/575/3 2633/574/3 2632/594/3
f 2634/594/6 2638/596/6 2636/597/6 2632/593/6
f 2639/574/4 2635/598/4 2633/599/4 2637/572/4
f 2642/592/8 2643/569/8 2647/572/8 2646/593/8
f 2646/593/5 2647/572/5 2645/574/5 2644/594/5
f 2644/595/3 2645/575/3 2641/574/3 2640/594/3
f 2642/594/6 2646/596/6 2644/597/6 2640/593/6
f 2647/574/4 2643/598/4 2641/599/4 2645/572/4
f 2650/569/8 2651/570/8 2655/571/8 2654/572/8
f 2654/572/5 2655/571/5 2653/573/5 2652/574/5
f 2652/575/3 2653/576/3 2649/573/3 2648/574/3
f 2650/574/6 2654/577/6 2652/578/6 2648/572/6
f 2655/573/4 2651/579/4 2649/580/4 2653/571/4
f 2658/581/8 2659/582/8 2663/583/8 2662/584/8
f 2662/584/5 2663/583/5 2661/233/5 2660/585/5
f 2660/586/3 2661/587/3 2657/233/3 2656/585/3
f 2658/585/6 2662/588/6 2660/589/6 2656/584/6
f 2663/233/4 2659/590/4 2657/591/4 2661/583/4
f 2666/569/8 2667/570/8 2671/571/8 2670/572/8
f 2670/572/5 2671/571/5 2669/573/5 2668/574/5
f 2668/575/3 2669/576/3 2665/573/3 2664/574/3
f 2666/574/6 2670/577/6 2668/578/6 2664/572/6
f 2671/573/4 2667/579/4 2665/580/4 2669/571/4
f 2674/581/8 2675/582/8 2679/583/8 2678/584/8
f 2678/584/5 2679/583/5 2677/233/5 2676/585/5
f 2676/586/3 2677/587/3 2673/233/3 2672/585/3
f 2674/585/6 2678/588/6 2676/589/6 2672/584/6
f 2679/233/4 2675/590/4 2673/591/4 2677/583/4
f 2682/592/8 2683/569/8 2687/572/8 2686/593/8
f 2686/593/5 2687/572/5 2685/574/5 2684/594/5
f 2684/595/3 2685/575/3 2681/574/3 2680/594/3
f 2682/594/6 2686/596/6 2684/597/6 2680/593/6
f 2687/574/4 2683/598/4 2681/599/4 2685/572/4
f 2690/592/8 2691/569/8 2695/572/8 2694/593/8
f 2694/593/5 2695/572/5 2693/574/5 2692/594/5
f 2692/595/3 2693/575/3 2689/574/3 2688/594/3
f 2690/594/6 2694/596/6 2692/597/6 2688/593/6
f 2695/574/4 2691/598/4 2689/599/4 2693/572/4
f 2698/592/8 2699/569/8 2703/572/8 2702/593/8
f 2702/593/5 2703/572/5 2701/574/5 2700/594/5
f 2700/595/3 2701/575/3 2697/574/3 2696/594/3
f 2698/594/6 2702/596/6 2700/597/6 2696/593/6
f 2703/574/4 2699/598/4 2697/599/4 2701/572/4
f 2706/569/8 2707/570/8 2711/571/8 2710/572/8
f 2710/572/5 2711/571/5 2709/573/5 2708/574/5
f 2708/575/3 2709/576/3 2705/573/3 2704/574/3
f 2706/574/6 2710/577/6 2708/578/6 2704/572/6
f 2711/573/4 2707/579/4 2705/580/4 2709/571/4
f 2714/569/8 2715/570/8 2719/571/8 2718/572/8
f 2718/572/5 2719/571/5 2717/573/5 2716/574/5
f 2716/575/3 2717/576/3 2713/573/3 2712/574/3
f 2714/574/6 2718/577/6 2716/578/6 2712/572/6
f 2719/573/4 2715/579/4 2713/580/4 2717/571/4
f 2722/592/8 2723/569/8 2727/572/8 2726/593/8
f 2726/593/5 2727/572/5 2725/574/5 2724/594/5
f 2724/595/3 2725/575/3 2721/574/3 2720/594/3
f 2722/594/6 2726/596/6 2724/597/6 2720/593/6
f 2727/574/4 2723/598/4 2721/599/4 2725/572/4
f 2730/581/8 2731/582/8 2735/583/8 2734/584/8
f 2734/584/5 2735/583/5 2733/233/5 2732/585/5
f 2732/586/3 2733/587/3 2729/233/3 2728/585/3
f 2730/585/6 2734/588/6 2732/589/6 2728/584/6
f 2735/233/4 2731/590/4 2729/591/4 2733/583/4
f 2738/581/8 2739/582/8 2743/583/8 2742/584/8
f 2742/584/5 2743/583/5 2741/233/5 2740/585/5
f 2740/586/3 2741/587/3 2737/233/3 2736/585/3
f 2738/585/6 2742/588/6 2740/589/6 2736/584/6
f 2743/233/4 2739/590/4 2737/591/4 2741/583/4
f 2746/592/8 2747/569/8 2751/572/8 2750/593/8
f 2750/593/5 2751/572/5 2749/574/5 2748/594/5
f 2748/595/3 2749/575/3 2745/574/3 2744/594/3
f 2746/594/6 2750/596/6 2748/597/6 2744/593/6
f 2751/574/4 2747/598/4 2745/599/4 2749/572/4
f 2754/569/8 2755/570/8 2759/571/8 2758/572/8
f 2758/572/5 2759/571/5 2757/573/5 2756/574/5
f 2756/575/3 2757/576/3 2753/573/3 2752/574/3
f 2754/574/6 2758/577/6 2756/578/6 2752/572/6
f 2759/573/4 2755/579/4 2753/580/4 2757/571/4
f 2762/581/8 2763/582/8 2767/583/8 2766/584/8
f 2766/584/5 2767/583/5 2765/233/5 2764/585/5
f 2764/586/3 2765/587/3 2761/233/3 2760/585/3
f 2762/585/6 2766/588/6 2764/589/6 2760/584/6
f 2767/233/4 2763/590/4 2761/591/4 2765/583/4
f 2770/592/8 2771/569/8 2775/572/8 2774/593/8
f 2774/593/5 2775/572/5 2773/574/5 2772/594/5
f 2772/595/3 2773/575/3 2769/574/3 2768/594/3
f 2770/594/6 2774/596/6 2772/597/6 2768/593/6
f 2775/574/4 2771/598/4 2769/599/4 2773/572/4
f 2778/592/8 2779/569/8 2783/572/8 2782/593/8
f 2782/593/5 2783/572/5 2781/574/5 2780/594/5
f 2780/595/3 2781/575/3 2777/574/3 2776/594/3
f 2778/594/6 2782/596/6 2780/597/6 2776/593/6
f 2783/574/4 2779/598/4 2777/599/4 2781/572/4
f 2786/581/8 2787/582/8 2791/583/8 2790/584/8
f 2790/584/5 2791/583/5 2789/233/5 2788/585/5
f 2788/586/3 2789/587/3 2785/233/3 2784/585/3
f 2786/585/6 2790/588/6 2788/589/6 2784/584/6
f 2791/233/4 2787/590/4 2785/591/4 2789/583/4
f 2794/569/8 2795/570/8 2799/571/8 2798/572/8
f 2798/572/5 2799/571/5 2797/573/5 2796/574/5
f 2796/575/3 2797/576/3 2793/573/3 2792/574/3
f 2794/574/6 2798/577/6 2796/578/6 2792/572/6
f 2799/573/4 2795/579/4 2793/580/4 2797/571/4
f 2802/592/8 2803/569/8 2807/572/8 2806/593/8
f 2806/593/5 2807/572/5 2805/574/5 2804/594/5
f 2804/595/3 2805/575/3 2801/574/3 2800/594/3
f 2802/594/6 2806/596/6 2804/597/6 2800/593/6
f 2807/574/4 2803/598/4 2801/599/4 2805/572/4
f 2810/592/8 2811/569/8 2815/572/8 2814/593/8
f 2814/593/5 2815/572/5 2813/574/5 2812/594/5
f 2812/595/3 2813/575/3 2809/574/3 2808/594/3
f 2810/594/6 2814/596/6 2812/597/6 2808/593/6
f 2815/574/4 2811/598/4 2809/599/4 2813/572/4
f 2818/581/8 2819/582/8 2823/583/8 2822/584/8
f 2822/584/5 2823/583/5 2821/233/5 2820/585/5
f 2820/586/3 2821/587/3 2817/233/3 2816/585/3
f 2818/585/6 2822/588/6 2820/589/6 2816/584/6
f 2823/233/4 2819/590/4 2817/591/4 2821/583/4
f 2826/569/8 2827/570/8 2831/571/8 2830/572/8
f 2830/572/5 2831/571/5 2829/573/5 2828/574/5
f 2828/575/3 2829/576/3 2825/573/3 2824/574/3
f 2826/574/6 2830/577/6 2828/578/6 2824/572/6
f 2831/573/4 2827/579/4 2825/580/4 2829/571/4
f 2834/592/8 2835/569/8 2839/572/8 2838/593/8
f 2838/593/5 2839/572/5 2837/574/5 2836/594/5
f 2836/595/3 2837/575/3 2833/574/3 2832/594/3
f 2834/594/6 2838/596/6 2836/597/6 2832/593/6
f 2839/574/4 2835/598/4 2833/599/4 2837/572/4
f 2842/581/8 2843/582/8 2847/583/8 2846/584/8
f 2846/584/5 2847/583/5 2845/233/5 2844/585/5
f 2844/586/3 2845/587/3 2841/233/3 2840/585/3
f 2842/585/6 2846/588/6 2844/589/6 2840/584/6
f 2847/233/4 2843/590/4 2841/591/4 2845/583/4
f 2850/581/8 2851/582/8 2855/583/8 2854/584/8
f 2854/584/5 2855/583/5 2853/233/5 2852/585/5
f 2852/586/3 2853/587/3 2849/233/3 2848/585/3
f 2850/585/6 2854/588/6 2852/589/6 2848/584/6
f 2855/233/4 2851/590/4 2849/591/4 2853/583/4
f 2858/592/8 2859/569/8 2863/572/8 2862/593/8
f 2862/593/5 2863/572/5 2861/574/5 2860/594/5
f 2860/595/3 2861/575/3 2857/574/3 2856/594/3
f 2858/594/6 2862/596/6 2860/597/6 2856/593/6
f 2863/574/4 2859/598/4 2857/599/4 2861/572/4
f 2866/569/8 2867/570/8 2871/571/8 2870/572/8
f 2870/572/5 2871/571/5 2869/573/5 2868/574/5
f 2868/575/3 2869/576/3 2865/573/3 2864/574/3
f 2866/574/6 2870/577/6 2868/578/6 2864/572/6
f 2871/573/4 2867/579/4 2865/580/4 2869/571/4
f 2874/592/8 2875/569/8 2879/572/8 2878/593/8
f 2878/593/5 2879/572/5 2877/574/5 2876/594/5
f 2876/595/3 2877/575/3 2873/574/3 2872/594/3
f 2874/594/6 2878/596/6 2876/597/6 2872/593/6
f 2879/574/4 2875/598/4 2873/599/4 2877/572/4
f 2882/592/8 2883/569/8 2887/572/8 2886/593/8
f 2886/593/5 2887/572/5 2885/574/5 2884/594/5
f 2884/595/3 2885/575/3 2881/574/3 2880/594/3
f 2882/594/6 2886/596/6 2884/597/6 2880/593/6
f 2887/574/4 2883/598/4 2881/599/4 2885/572/4
f 2890/592/8 2891/569/8 2895/572/8 2894/593/8
f 2894/593/5 2895/572/5 2893/574/5 2892/594/5
f 2892/595/3 2893/575/3 2889/574/3 2888/594/3
f 2890/594/6 2894/596/6 2892/597/6 2888/593/6
f 2895/574/4 2891/598/4 2889/599/4 2893/572/4
f 2898/581/8 2899/582/8 2903/583/8 2902/584/8
f 2902/584/5 2903/583/5 2901/233/5 2900/585/5
f 2900/586/3 2901/587/3 2897/233/3 2896/585/3
f 2898/585/6 2902/588/6 2900/589/6 2896/584/6
f 2903/233/4 2899/590/4 2897/591/4 2901/583/4
f 2906/569/8 2907/570/8 2911/571/8 2910/572/8
f 2910/572/5 2911/571/5 2909/573/5 2908/574/5
f 2908/575/3 2909/576/3 2905/573/3 2904/574/3
f 2906/574/6 2910/577/6 2908/578/6 2904/572/6
f 2911/573/4 2907/579/4 2905/580/4 2909/571/4
f 2914/581/8 2915/582/8 2919/583/8 2918/584/8
f 2918/584/5 2919/583/5 2917/233/5 2916/585/5
f 2916/586/3 2917/587/3 2913/233/3 2912/585/3
f 2914/585/6 2918/588/6 2916/589/6 2912/584/6
f 2919/233/4 2915/590/4 2913/591/4 2917/583/4
f 2922/569/8 2923/570/8 2927/571/8 2926/572/8
f 2926/572/5 2927/571/5 2925/573/5 2924/574/5
f 2924/575/3 2925/576/3 2921/573/3 2920/574/3
f 2922/574/6 2926/577/6 2924/578/6 2920/572/6
f 2927/573/4 2923/579/4 2921/580/4 2925/571/4
f 2930/592/8 2931/569/8 2935/572/8 2934/593/8
f 2934/593/5 2935/572/5 2933/574/5 2932/594/5
f 2932/595/3 2933/575/3 2929/574/3 2928/594/3
f 2930/594/6 2934/596/6 2932/597/6 2928/593/6
f 2935/574/4 2931/598/4 2929/599/4 2933/572/4
f 2938/592/8 2939/569/8 2943/572/8 2942/593/8
f 2942/593/5 2943/572/5 2941/574/5 2940/594/5
f 2940/595/3 2941/575/3 2937/574/3 2936/594/3
f 2938/594/6 2942/596/6 2940/597/6 2936/593/6
f 2943/574/4 2939/598/4 2937/599/4 2941/572/4
f 2946/569/8 2947/570/8 2951/571/8 2950/572/8
f 2950/572/5 2951/571/5 2949/573/5 2948/574/5
f 2948/575/3 2949/576/3 2945/573/3 2944/574/3
f 2946/574/6 2950/577/6 2948/578/6 2944/572/6
f 2951/573/4 2947/579/4 2945/580/4 2949/571/4
f 2954/581/8 2955/582/8 2959/583/8 2958/584/8
f 2958/584/5 2959/583/5 2957/233/5 2956/585/5
f 2956/586/3 2957/587/3 2953/233/3 2952/585/3
f 2954/585/6 2958/588/6 2956/589/6 2952/584/6
f 2959/233/4 2955/590/4 2953/591/4 2957/583/4
f 2962/569/8 2963/570/8 2967/571/8 2966/572/8
f 2966/572/5 2967/571/5 2965/573/5 2964/574/5
f 2964/575/3 2965/576/3 2961/573/3 2960/574/3
f 2962/574/6 2966/577/6 2964/578/6 2960/572/6
f 2967/573/4 2963/579/4 2961/580/4 2965/571/4
f 2970/581/8 2971/582/8 2975/583/8 2974/584/8
f 2974/584/5 2975/583/5 2973/233/5 2972/585/5
f 2972/586/3 2973/587/3 2969/233/3 2968/585/3
f 2970/585/6 2974/588/6 2972/589/6 2968/584/6
f 2975/233/4 2971/590/4 2969/591/4 2973/583/4
f 2978/592/8 2979/569/8 2983/572/8 2982/593/8
f 2982/593/5 2983/572/5 2981/574/5 2980/594/5
f 2980/595/3 2981/575/3 2977/574/3 2976/594/3
f 2978/594/6 2982/596/6 2980/597/6 2976/593/6
f 2983/574/4 2979/598/4 2977/599/4 2981/572/4
f 2986/592/8 2987/569/8 2991/572/8 2990/593/8
f 2990/593/5 2991/572/5 2989/574/5 2988/594/5
f 2988/595/3 2989/575/3 2985/574/3 2984/594/3
f 2986/594/6 2990/596/6 2988/597/6 2984/593/6
f 2991/574/4 2987/598/4 2985/599/4 2989/572/4
f 2994/592/8 2995/569/8 2999/572/8 2998/593/8
f 2998/593/5 2999/572/5 2997/574/5 2996/594/5
f 2996/595/3 2997/575/3 2993/574/3 2992/594/3
f 2994/594/6 2998/596/6 2996/597/6 2992/593/6
f 2999/574/4 2995/598/4 2993/599/4 2997/572/4
f 3002/569/8 3003/570/8 3007/571/8 3006/572/8
f 3006/572/5 3007/571/5 3005/573/5 3004/574/5
f 3004/575/3 3005/576/3 3001/573/3 3000/574/3
f 3002/574/6 3006/577/6 3004/578/6 3000/572/6
f 3007/573/4 3003/579/4 3001/580/4 3005/571/4
f 3010/569/8 3011/570/8 3015/571/8 3014/572/8
f 3014/572/5 3015/571/5 3013/573/5 3012/574/5
f 3012/575/3 3013/576/3 3009/573/3 3008/574/3
f 3010/574/6 3014/577/6 3012/578/6 3008/572/6
f 3015/573/4 3011/579/4 3009/580/4 3013/571/4
f 3018/592/8 3019/569/8 3023/572/8 3022/593/8
f 3022/593/5 3023/572/5 3021/574/5 3020/594/5
f 3020/595/3 3021/575/3 3017/574/3 3016/594/3
f 3018/594/6 3022/596/6 3020/597/6 3016/593/6
f 3023/574/4 3019/598/4 3017/599/4 3021/572/4
f 3026/581/8 3027/582/8 3031/583/8 3030/584/8
f 3030/584/5 3031/583/5 3029/233/5 3028/585/5
f 3028/586/3 3029/587/3 3025/233/3 3024/585/3
f 3026/585/6 3030/588/6 3028/589/6 3024/584/6
f 3031/233/4 3027/590/4 3025/591/4 3029/583/4
f 3034/581/8 3035/582/8 3039/583/8 3038/584/8
f 3038/584/5 3039/583/5 3037/233/5 3036/585/5
f 3036/586/3 3037/587/3 3033/233/3 3032/585/3
f 3034/585/6 3038/588/6 3036/589/6 3032/584/6
f 3039/233/4 3035/590/4 3033/591/4 3037/583/4
f 3042/592/8 3043/569/8 3047/572/8 3046/593/8
f 3046/593/5 3047/572/5 3045/574/5 3044/594/5
f 3044/595/3 3045/575/3 3041/574/3 3040/594/3
f 3042/594/6 3046/596/6 3044/597/6 3040/593/6
f 3047/574/4 3043/598/4 3041/599/4 3045/572/4
f 3050/569/8 3051/570/8 3055/571/8 3054/572/8
f 3054/572/5 3055/571/5 3053/573/5 3052/574/5
f 3052/575/3 3053/576/3 3049/573/3 3048/574/3
f 3050/574/6 3054/577/6 3052/578/6 3048/572/6
f 3055/573/4 3051/579/4 3049/580/4 3053/571/4
f 3058/581/8 3059/582/8 3063/583/8 3062/584/8
f 3062/584/5 3063/583/5 3061/233/5 3060/585/5
f 3060/586/3 3061/587/3 3057/233/3 3056/585/3
f 3058/585/6 3062/588/6 3060/589/6 3056/584/6
f 3063/233/4 3059/590/4 3057/591/4 3061/583/4
f 3066/592/8 3067/569/8 3071/572/8 3070/593/8
f 3070/593/5 3071/572/5 3069/574/5 3068/594/5
f 3068/595/3 3069/575/3 3065/574/3 3064/594/3
f 3066/594/6 3070/596/6 3068/597/6 3064/593/6
f 3071/574/4 3067/598/4 3065/599/4 3069/572/4
f 3074/592/8 3075/569/8 3079/572/8 3078/593/8
f 3078/593/5 3079/572/5 3077/574/5 3076/594/5
f 3076/595/3 3077/575/3 3073/574/3 3072/594/3
f 3074/594/6 3078/596/6 3076/597/6 3072/593/6
f 3079/574/4 3075/598/4 3073/599/4 3077/572/4
f 3082/569/8 3083/570/8 3087/571/8 3086/572/8
f 3086/572/5 3087/571/5 3085/573/5 3084/574/5
f 3084/575/3 3085/576/3 3081/573/3 3080/574/3
f 3082/574/6 3086/577/6 3084/578/6 3080/572/6
f 3087/573/4 3083/579/4 3081/580/4 3085/571/4
f 3090/581/8 3091/582/8 3095/583/8 3094/584/8
f 3094/584/5 3095/583/5 3093/233/5 3092/585/5
f 3092/586/3 3093/587/3 3089/233/3 3088/585/3
f 3090/585/6 3094/588/6 3092/589/6 3088/584/6
f 3095/233/4 3091/590/4 3089/591/4 3093/583/4
f 3098/581/8 3099/582/8 3103/583/8 3102/584/8
f 3102/584/5 3103/583/5 3101/233/5 3100/585/5
f 3100/586/3 3101/587/3 3097/233/3 3096/585/3
f 3098/585/6 3102/588/6 3100/589/6 3096/584/6
f 3103/233/4 3099/590/4 3097/591/4 3101/583/4
f 3106/569/8 3107/570/8 3111/571/8 3110/572/8
f 3110/572/5 3111/571/5 3109/573/5 3108/574/5
f 3108/575/3 3109/576/3 3105/573/3 3104/574/3
f 3106/574/6 3110/577/6 3108/578/6 3104/572/6
f 3111/573/4 3107/579/4 3105/580/4 3109/571/4
f 3114/592/8 3115/569/8 3119/572/8 3118/593/8
f 3118/593/5 3119/572/5 3117/574/5 3116/594/5
f 3116/595/3 3117/575/3 3113/574/3 3112/594/3
f 3114/594/6 3118/596/6 3116/597/6 3112/593/6
f 3119/574/4 3115/598/4 3113/599/4 3117/572/4
f 3122/592/8 3123/569/8 3127/572/8 3126/593/8
f 3126/593/5 3127/572/5 3125/574/5 3124/594/5
f 3124/595/3 3125/575/3 3121/574/3 3120/594/3
f 3122/594/6 3126/596/6 3124/597/6 3120/593/6
f 3127/574/4 3123/598/4 3121/599/4 3125/572/4
f 3130/581/8 3131/582/8 3135/583/8 3134/584/8
f 3134/584/5 3135/583/5 3133/233/5 3132/585/5
f 3132/586/3 3133/587/3 3129/233/3 3128/585/3
f 3130/585/6 3134/588/6 3132/589/6 3128/584/6
f 3135/233/4 3131/590/4 3129/591/4 3133/583/4
f 3138/569/8 3139/570/8 3143/571/8 3142/572/8
f 3142/572/5 3143/571/5 3141/573/5 3140/574/5
f 3140/575/3 3141/576/3 3137/573/3 3136/574/3
f 3138/574/6 3142/577/6 3140/578/6 3136/572/6
f 3143/573/4 3139/579/4 3137/580/4 3141/571/4
f 3146/592/8 3147/569/8 3151/572/8 3150/593/8
f 3150/593/5 3151/572/5 3149/574/5 3148/594/5
f 3148/595/3 3149/575/3 3145/574/3 3144/594/3
f 3146/594/6 3150/596/6 3148/597/6 3144/593/6
f 3151/574/4 3147/598/4 3145/599/4 3149/572/4
f 3154/581/8 3155/582/8 3159/583/8 3158/584/8
f 3158/584/5 3159/583/5 3157/233/5 3156/585/5
f 3156/586/3 3157/587/3 3153/233/3 3152/585/3
f 3154/585/6 3158/588/6 3156/589/6 3152/584/6
f 3159/233/4 3155/590/4 3153/591/4 3157/583/4
f 3162/581/8 3163/582/8 3167/583/8 3166/584/8
f 3166/584/5 3167/583/5 3165/233/5 3164/585/5
f 3164/586/3 3165/587/3 3161/233/3 3160/585/3
f 3162/585/6 3166/588/6 3164/589/6 3160/584/6
f 3167/233/4 3163/590/4 3161/591/4 3165/583/4
f 3170/592/8 3171/569/8 3175/572/8 3174/593/8
f 3174/593/5 3175/572/5 3173/574/5 3172/594/5
f 3172/595/3 3173/575/3 3169/574/3 3168/594/3
f 3170/594/6 3174/596/6 3172/597/6 3168/593/6
f 3175/574/4 3171/598/4 3169/599/4 3173/572/4
f 3178/569/8 3179/570/8 3183/571/8 3182/572/8
f 3182/572/5 3183/571/5 3181/573/5 3180/574/5
f 3180/575/3 3181/576/3 3177/573/3 3176/574/3
f 3178/574/6 3182/577/6 3180/578/6 3176/572/6
f 3183/573/4 3179/579/4 3177/580/4 3181/571/4
f 3186/569/8 3187/570/8 3191/571/8 3190/572/8
f 3190/572/5 3191/571/5 3189/573/5 3188/574/5
f 3188/575/3 3189/576/3 3185/573/3 3184/574/3
f 3186/574/6 3190/577/6 3188/578/6 3184/572/6
f 3191/573/4 3187/579/4 3185/580/4 3189/571/4
f 3194/592/8 3195/569/8 3199/572/8 3198/593/8
f 3198/593/5 3199/572/5 3197/574/5 3196/594/5
f 3196/595/3 3197/575/3 3193/574/3 3192/594/3
f 3194/594/6 3198/596/6 3196/597/6 3192/593/6
f 3199/574/4 3195/598/4 3193/599/4 3197/572/4
f 3202/592/8 3203/569/8 3207/572/8 3206/593/8
f 3206/593/5 3207/572/5 3205/574/5 3204/594/5
f 3204/595/3 3205/575/3 3201/574/3 3200/594/3
f 3202/594/6 3206/596/6 3204/597/6 3200/593/6
f 3207/574/4 3203/598/4 3201/599/4 3205/572/4
f 3210/592/8 3211/569/8 3215/572/8 3214/593/8
f 3214/593/5 3215/572/5 3213/574/5 3212/594/5
f 3212/595/3 3213/575/3 3209/574/3 3208/594/3
f 3210/594/6 3214/596/6 3212/597/6 3208/593/6
f 3215/574/4 3211/598/4 3209/599/4 3213/572/4
f 3218/581/8 3219/582/8 3223/583/8 3222/584/8
f 3222/584/5 3223/583/5 3221/233/5 3220/585/5
f 3220/586/3 3221/587/3 3217/233/3 3216/585/3
f 3218/585/6 3222/588/6 3220/589/6 3216/584/6
f 3223/233/4 3219/590/4 3217/591/4 3221/583/4
f 3226/569/8 3227/570/8 3231/571/8 3230/572/8
f 3230/572/5 3231/571/5 3229/573/5 3228/574/5
f 3228/575/3 3229/576/3 3225/573/3 3224/574/3
f 3226/574/6 3230/577/6 3228/578/6 3224/572/6
f 3231/573/4 3227/579/4 3225/580/4 3229/571/4
f 3234/581/8 3235/582/8 3239/583/8 3238/584/8
f 3238/584/5 3239/583/5 3237/233/5 3236/585/5
f 3236/586/3 3237/587/3 3233/233/3 3232/585/3
f 3234/585/6 3238/588/6 3236/589/6 3232/584/6
f 3239/233/4 3235/590/4 3233/591/4 3237/583/4
f 3242/569/8 3243/570/8 3247/571/8 3246/572/8
f 3246/572/5 3247/571/5 3245/573/5 3244/574/5
f 3244/575/3 3245/576/3 3241/573/3 3240/574/3
f 3242/574/6 3246/577/6 3244/578/6 3240/572/6
f 3247/573/4 3243/579/4 3241/580/4 3245/571/4
f 3250/592/8 3251/569/8 3255/572/8 3254/593/8
f 3254/593/5 3255/572/5 3253/574/5 3252/594/5
f 3252/595/3 3253/575/3 3249/574/3 3248/594/3
f 3250/594/6 3254/596/6 3252/597/6 3248/593/6
f 3255/574/4 3251/598/4 3249/599/4 3253/572/4
f 3258/569/8 3259/570/8 3263/571/8 3262/572/8
f 3262/572/5 3263/571/5 3261/573/5 3260/574/5
f 3260/575/3 3261/576/3 3257/573/3 3256/574/3
f 3258/574/6 3262/577/6 3260/578/6 3256/572/6
f 3263/573/4 3259/579/4 3257/580/4 3261/571/4
f 3266/581/8 3267/582/8 3271/583/8 3270/584/8
f 3270/584/5 3271/583/5 3269/233/5 3268/585/5
f 3268/586/3 3269/587/3 3265/233/3 3264/585/3
f 3266/585/6 3270/588/6 3268/589/6 3264/584/6
f 3271/233/4 3267/590/4 3265/591/4 3269/583/4
f 3274/569/8 3275/570/8 3279/571/8 3278/572/8
f 3278/572/5 3279/571/5 3277/573/5 3276/574/5
f 3276/575/3 3277/576/3 3273/573/3 3272/574/3
f 3274/574/6 3278/577/6 3276/578/6 3272/572/6
f 3279/573/4 3275/579/4 3273/580/4 3277/571/4
f 3282/581/8 3283/582/8 3287/583/8 3286/584/8
f 3286/584/5 3287/583/5 3285/233/5 3284/585/5
f 3284/586/3 3285/587/3 3281/233/3 3280/585/3
f 3282/585/6 3286/588/6 3284/589/6 3280/584/6
f 3287/233/4 3283/590/4 3281/591/4 3285/583/4
f 3290/592/8 3291/569/8 3295/572/8 3294/593/8
f 3294/593/5 3295/572/5 3293/574/5 3292/594/5
f 3292/595/3 3293/575/3 3289/574/3 3288/594/3
f 3290/594/6 3294/596/6 3292/597/6 3288/593/6
f 3295/574/4 3291/598/4 3289/599/4 3293/572/4
f 3298/592/8 3299/569/8 3303/572/8 3302/593/8
f 3302/593/5 3303/572/5 3301/574/5 3300/594/5
f 3300/595/3 3301/575/3 3297/574/3 3296/594/3
f 3298/594/6 3302/596/6 3300/597/6 3296/593/6
f 3303/574/4 3299/598/4 3297/599/4 3301/572/4
f 3306/592/8 3307/569/8 3311/572/8 3310/593/8
f 3310/593/5 3311/572/5 3309/574/5 3308/594/5
f 3308/595/3 3309/575/3 3305/574/3 3304/594/3
f 3306/594/6 3310/596/6 3308/597/6 3304/593/6
f 3311/574/4 3307/598/4 3305/599/4 3309/572/4
f 3314/569/8 3315/570/8 3319/571/8 3318/572/8
f 3318/572/5 3319/571/5 3317/573/5 3316/574/5
f 3316/575/3 3317/576/3 3313/573/3 3312/574/3
f 3314/574/6 3318/577/6 3316/578/6 3312/572/6
f 3319/573/4 3315/579/4 3313/580/4 3317/571/4
f 3322/569/8 3323/570/8 3327/571/8 3326/572/8
f 3326/572/5 3327/571/5 3325/573/5 3324/574/5
f 3324/575/3 3325/576/3 3321/573/3 3320/574/3
f 3322/574/6 3326/577/6 3324/578/6 3320/572/6
f 3327/573/4 3323/579/4 3321/580/4 3325/571/4
f 3330/592/8 3331/569/8 3335/572/8 3334/593/8
f 3334/593/5 3335/572/5 3333/574/5 3332/594/5
f 3332/595/3 3333/575/3 3329/574/3 3328/594/3
f 3330/594/6 3334/596/6 3332/597/6 3328/593/6
f 3335/574/4 3331/598/4 3329/599/4 3333/572/4
f 3338/581/8 3339/582/8 3343/583/8 3342/584/8
f 3342/584/5 3343/583/5 3341/233/5 3340/585/5
f 3340/586/3 3341/587/3 3337/233/3 3336/585/3
f 3338/585/6 3342/588/6 3340/589/6 3336/584/6
f 3343/233/4 3339/590/4 3337/591/4 3341/583/4
f 3346/581/8 3347/582/8 3351/583/8 3350/584/8
f 3350/584/5 3351/583/5 3349/233/5 3348/585/5
f 3348/586/3 3349/587/3 3345/233/3 3344/585/3
f 3346/585/6 3350/588/6 3348/589/6 3344/584/6
f 3351/233/4 3347/590/4 3345/591/4 3349/583/4
f 3354/592/8 3355/569/8 3359/572/8 3358/593/8
f 3358/593/5 3359/572/5 3357/574/5 3356/594/5
f 3356/595/3 3357/575/3 3353/574/3 3352/594/3
f 3354/594/6 3358/596/6 3356/597/6 3352/593/6
f 3359/574/4 3355/598/4 3353/599/4 3357/572/4
f 3362/569/8 3363/570/8 3367/571/8 3366/572/8
f 3366/572/5 3367/571/5 3365/573/5 3364/574/5
f 3364/575/3 3365/576/3 3361/573/3 3360/574/3
f 3362/574/6 3366/577/6 3364/578/6 3360/572/6
f 3367/573/4 3363/579/4 3361/580/4 3365/571/4
f 3370/581/8 3371/582/8 3375/583/8 3374/584/8
f 3374/584/5 3375/583/5 3373/233/5 3372/585/5
f 3372/586/3 3373/587/3 3369/233/3 3368/585/3
f 3370/585/6 3374/588/6 3372/589/6 3368/584/6
f 3375/233/4 3371/590/4 3369/591/4 3373/583/4
f 3378/592/8 3379/569/8 3383/572/8 3382/593/8
f 3382/593/5 3383/572/5 3381/574/5 3380/594/5
f 3380/595/3 3381/575/3 3377/574/3 3376/594/3
f 3378/594/6 3382/596/6 3380/597/6 3376/593/6
f 3383/574/4 3379/598/4 3377/599/4 3381/572/4
f 3386/592/8 3387/569/8 3391/572/8 3390/593/8
f 3390/593/5 3391/572/5 3389/574/5 3388/594/5
f 3388/595/3 3389/575/3 3385/574/3 3384/594/3
f 3386/594/6 3390/596/6 3388/597/6 3384/593/6
f 3391/574/4 3387/598/4 3385/599/4 3389/572/4
f 3394/569/8 3395/570/8 3399/571/8 3398/572/8
f 3398/572/5 3399/571/5 3397/573/5 3396/574/5
f 3396/575/3 3397/576/3 3393/573/3 3392/574/3
f 3394/574/6 3398/577/6 3396/578/6 3392/572/6
f 3399/573/4 3395/579/4 3393/580/4 3397/571/4
f 3402/581/8 3403/582/8 3407/583/8 3406/584/8
f 3406/584/5 3407/583/5 3405/233/5 3404/585/5
f 3404/586/3 3405/587/3 3401/233/3 3400/585/3
f 3402/585/6 3406/588/6 3404/589/6 3400/584/6
f 3407/233/4 3403/590/4 3401/591/4 3405/583/4
f 3410/581/8 3411/582/8 3415/583/8 3414/584/8
f 3414/584/5 3415/583/5 3413/233/5 3412/585/5
f 3412/586/3 3413/587/3 3409/233/3 3408/585/3
f 3410/585/6 3414/588/6 3412/589/6 3408/584/6
f 3415/233/4 3411/590/4 3409/591/4 3413/583/4
f 3418/569/8 3419/570/8 3423/571/8 3422/572/8
f 3422/572/5 3423/571/5 3421/573/5 3420/574/5
f 3420/575/3 3421/576/3 3417/573/3 3416/574/3
f 3418/574/6 3422/577/6 3420/578/6 3416/572/6
f 3423/573/4 3419/579/4 3417/580/4 3421/571/4
f 3426/592/8 3427/569/8 3431/572/8 3430/593/8
f 3430/593/5 3431/572/5 3429/574/5 3428/594/5
f 3428/595/3 3429/575/3 3425/574/3 3424/594/3
f 3426/594/6 3430/596/6 3428/597/6 3424/593/6
f 3431/574/4 3427/598/4 3425/599/4 3429/572/4
f 3434/592/8 3435/569/8 3439/572/8 3438/593/8
f 3438/593/5 3439/572/5 3437/574/5 3436/594/5
f 3436/595/3 3437/575/3 3433/574/3 3432/594/3
f 3434/594/6 3438/596/6 3436/597/6 3432/593/6
f 3439/574/4 3435/598/4 3433/599/4 3437/572/4
f 3442/592/8 3443/569/8 3447/572/8 3446/593/8
f 3446/593/5 3447/572/5 3445/574/5 3444/594/5
f 3444/595/3 3445/575/3 3441/574/3 3440/594/3
f 3442/594/6 3446/596/6 3444/597/6 3440/593/6
f 3447/574/4 3443/598/4 3441/599/4 3445/572/4
f 3450/581/8 3451/582/8 3455/583/8 3454/584/8
f 3454/584/5 3455/583/5 3453/233/5 3452/585/5
f 3452/586/3 3453/587/3 3449/233/3 3448/585/3
f 3450/585/6 3454/588/6 3452/589/6 3448/584/6
f 3455/233/4 3451/590/4 3449/591/4 3453/583/4
f 3458/569/8 3459/570/8 3463/571/8 3462/572/8
f 3462/572/5 3463/571/5 3461/573/5 3460/574/5
f 3460/575/3 3461/576/3 3457/573/3 3456/574/3
f 3458/574/6 3462/577/6 3460/578/6 3456/572/6
f 3463/573/4 3459/579/4 3457/580/4 3461/571/4
f 3466/581/8 3467/582/8 3471/583/8 3470/584/8
f 3470/584/5 3471/583/5 3469/233/5 3468/585/5
f 3468/586/3 3469/587/3 3465/233/3 3464/585/3
f 3466/585/6 3470/588/6 3468/589/6 3464/584/6
f 3471/233/4 3467/590/4 3465/591/4 3469/583/4
f 3475/573/5 3474/574/5 3665/618/5 3664/619/5
f 3474/575/3 3475/576/3 3473/573/3 3472/574/3
f 3474/578/6 3472/572/6 3666/620/6 3665/621/6
f 3667/622/4 3473/580/4 3475/571/4 3664/619/4
f 3479/574/5 3478/594/5 3669/623/5 3668/618/5
f 3478/595/3 3479/575/3 3477/574/3 3476/594/3
f 3478/597/6 3476/593/6 3670/624/6 3669/625/6
f 3671/626/4 3477/599/4 3479/572/4 3668/618/4
f 3482/570/5 3483/581/5 3487/584/5 3486/571/5
f 3486/571/3 3487/584/3 3485/585/3 3484/573/3
f 3484/576/1 3485/586/1 3481/585/1 3480/573/1
f 3482/573/6 3486/600/6 3484/601/6 3480/571/6
f 3487/585/4 3483/602/4 3481/603/4 3485/584/4
f 3490/570/5 3491/581/5 3495/584/5 3494/571/5
f 3494/571/3 3495/584/3 3493/585/3 3492/573/3
f 3492/576/1 3493/586/1 3489/585/1 3488/573/1
f 3490/573/6 3494/600/6 3492/601/6 3488/571/6
f 3495/585/4 3491/602/4 3489/603/4 3493/584/4
f 3498/570/5 3499/581/5 3503/584/5 3502/571/5
f 3502/571/3 3503/584/3 3501/585/3 3500/573/3
f 3500/576/1 3501/586/1 3497/585/1 3496/573/1
f 3498/573/6 3502/600/6 3500/601/6 3496/571/6
f 3503/585/4 3499/602/4 3497/603/4 3501/584/4
f 3506/570/5 3507/581/5 3511/584/5 3510/571/5
f 3510/571/3 3511/584/3 3509/585/3 3508/573/3
f 3508/576/1 3509/586/1 3505/585/1 3504/573/1
f 3506/573/6 3510/600/6 3508/601/6 3504/571/6
f 3511/585/4 3507/602/4 3505/603/4 3509/584/4
f 3514/570/5 3515/581/5 3519/584/5 3518/571/5
f 3518/571/3 3519/584/3 3517/585/3 3516/573/3
f 3516/576/1 3517/586/1 3513/585/1 3512/573/1
f 3514/573/6 3518/600/6 3516/601/6 3512/571/6
f 3519/585/4 3515/602/4 3513/603/4 3517/584/4
f 3522/570/5 3523/581/5 3527/584/5 3526/571/5
f 3526/571/3 3527/584/3 3525/585/3 3524/573/3
f 3524/576/1 3525/586/1 3521/585/1 3520/573/1
f 3522/573/6 3526/600/6 3524/601/6 3520/571/6
f 3527/585/4 3523/602/4 3521/603/4 3525/584/4
f 3530/570/3 3531/581/3 3535/584/3 3534/571/3
f 3534/571/1 3535/584/1 3533/585/1 3532/573/1
f 3532/576/8 3533/586/8 3529/585/8 3528/573/8
f 3530/573/6 3534/600/6 3532/601/6 3528/571/6
f 3535/585/4 3531/602/4 3529/603/4 3533/584/4
f 3538/570/3 3539/581/3 3543/584/3 3542/571/3
f 3542/571/1 3543/584/1 3541/585/1 3540/573/1
f 3540/576/8 3541/586/8 3537/585/8 3536/573/8
f 3538/573/6 3542/600/6 3540/601/6 3536/571/6
f 3543/585/4 3539/602/4 3537/603/4 3541/584/4
f 3546/570/3 3547/581/3 3551/584/3 3550/571/3
f 3550/571/1 3551/584/1 3549/585/1 3548/573/1
f 3548/576/8 3549/586/8 3545/585/8 3544/573/8
f 3546/573/6 3550/600/6 3548/601/6 3544/571/6
f 3551/585/4 3547/602/4 3545/603/4 3549/584/4
f 3554/570/3 3555/581/3 3559/584/3 3558/571/3
f 3558/571/1 3559/584/1 3557/585/1 3556/573/1
f 3556/576/8 3557/586/8 3553/585/8 3552/573/8
f 3554/573/6 3558/600/6 3556/601/6 3552/571/6
f 3559/585/4 3555/602/4 3553/603/4 3557/584/4
f 3562/570/3 3563/581/3 3567/584/3 3566/571/3
f 3566/571/1 3567/584/1 3565/585/1 3564/573/1
f 3564/576/8 3565/586/8 3561/585/8 3560/573/8
f 3562/573/6 3566/600/6 3564/601/6 3560/571/6
f 3567/585/4 3563/602/4 3561/603/4 3565/584/4
f 3570/570/8 3571/581/8 3575/584/8 3574/571/8
f 3574/571/5 3575/584/5 3573/585/5 3572/573/5
f 3572/576/3 3573/586/3 3569/585/3 3568/573/3
f 3570/573/6 3574/600/6 3572/601/6 3568/571/6
f 3575/585/4 3571/602/4 3569/603/4 3573/584/4
f 3578/570/8 3579/581/8 3583/584/8 3582/571/8
f 3582/571/5 3583/584/5 3581/585/5 3580/573/5
f 3580/576/3 3581/586/3 3577/585/3 3576/573/3
f 3578/573/6 3582/600/6 3580/601/6 3576/571/6
f 3583/585/4 3579/602/4 3577/603/4 3581/584/4
f 3586/570/8 3587/581/8 3591/584/8 3590/571/8
f 3590/571/5 3591/584/5 3589/585/5 3588/573/5
f 3588/576/3 3589/586/3 3585/585/3 3584/573/3
f 3586/573/6 3590/600/6 3588/601/6 3584/571/6
f 3591/585/4 3587/602/4 3585/603/4 3589/584/4
f 3594/570/8 3595/581/8 3599/584/8 3598/571/8
f 3598/571/5 3599/584/5 3597/585/5 3596/573/5
f 3596/576/3 3597/586/3 3593/585/3 3592/573/3
f 3594/573/6 3598/600/6 3596/601/6 3592/571/6
f 3599/585/4 3595/602/4 3593/603/4 3597/584/4
f 3602/570/8 3603/581/8 3607/584/8 3606/571/8
f 3606/571/5 3607/584/5 3605/585/5 3604/573/5
f 3604/576/3 3605/586/3 3601/585/3 3600/573/3
f 3602/573/6 3606/600/6 3604/601/6 3600/571/6
f 3607/585/4 3603/602/4 3601/603/4 3605/584/4
f 3615/627/4 3609/598/4 3611/574/4 3613/606/4 3620/628/4
f 3612/629/3 3613/606/3 3611/574/3 3610/594/3
f 3610/595/1 3611/575/1 3609/574/1 3608/594/1
f 3621/630/5 3618/631/5 3617/632/5 3620/633/5 3613/572/5 3612/593/5
f 3619/631/8 3616/632/8 3617/634/8 3618/635/8
f 3618/593/6 3621/635/6 3614/636/6 3619/597/6
f 3615/598/4 3620/574/4 3617/634/4 3616/637/4
f 3614/636/6 3621/638/6 3612/629/6 3610/594/6 3608/596/6
f 3629/627/4 3623/598/4 3625/574/4 3627/606/4 3634/628/4
f 3626/629/3 3627/606/3 3625/574/3 3624/594/3
f 3624/595/1 3625/575/1 3623/574/1 3622/594/1
f 3635/630/5 3632/631/5 3631/632/5 3634/633/5 3627/572/5 3626/593/5
f 3633/631/8 3630/632/8 3631/634/8 3632/635/8
f 3632/593/6 3635/635/6 3628/636/6 3633/597/6
f 3629/598/4 3634/574/4 3631/634/4 3630/637/4
f 3628/636/6 3635/638/6 3626/629/6 3624/594/6 3622/596/6
f 3638/592/5 3639/569/5 3643/572/5 3642/593/5
f 3642/593/3 3643/572/3 3641/632/3 3640/631/3
f 3640/635/1 3641/634/1 3637/632/1 3636/631/1
f 3644/636/6 3638/597/6 3642/593/6 3640/631/6 3636/639/6
f 3645/634/4 3637/632/4 3641/640/4 3643/599/4 3639/572/4
f 3647/594/8 3648/574/8 3649/575/8 3646/595/8
f 3636/629/1 3637/606/1 3648/574/1 3647/594/1
f 3637/606/4 3645/628/4 3649/598/4 3648/574/4
f 3644/594/6 3636/596/6 3647/638/6 3646/629/6
f 3652/592/5 3653/569/5 3657/572/5 3656/593/5
f 3656/593/3 3657/572/3 3655/632/3 3654/631/3
f 3654/635/1 3655/634/1 3651/632/1 3650/631/1
f 3658/636/6 3652/597/6 3656/593/6 3654/631/6 3650/639/6
f 3659/634/4 3651/632/4 3655/640/4 3657/599/4 3653/572/4
f 3661/594/8 3662/574/8 3663/575/8 3660/595/8
f 3650/629/1 3651/606/1 3662/574/1 3661/594/1
f 3651/606/4 3659/628/4 3663/598/4 3662/574/4
f 3658/594/6 3650/596/6 3661/638/6 3660/629/6
f 2481/641/8 2480/642/8 3672/642/8 3673/641/8
f 2484/642/8 2485/641/8 3673/641/8 3672/642/8
f 3688/643/1 3705/644/1 3698/645/1 3699/646/1
f 3689/643/3 3682/247/3 3683/647/3 3690/644/3
f 3692/647/4 3687/648/4 3690/649/4 3683/650/4
f 3687/647/1 3686/247/1 3689/651/1 3690/650/1
f 3691/643/5 3692/644/5 3683/645/5 3682/646/5
f 3705/647/8 3688/247/8 3693/651/8 3696/650/8
f 3695/647/1 3696/644/1 3693/643/1 3694/247/1
f 3687/647/4 3705/648/4 3696/649/4 3695/650/4
f 3686/643/3 3687/644/3 3695/645/3 3694/646/3
f 3698/647/8 3697/644/8 3700/643/8 3699/247/8
f 3705/649/4 3685/650/4 3697/647/4 3698/648/4
f 3685/647/5 3684/247/5 3700/651/5 3697/650/5
f 3703/643/5 3704/247/5 3701/647/5 3702/644/5
f 3692/647/3 3691/247/3 3703/651/3 3702/650/3
f 3684/643/8 3685/644/8 3701/645/8 3704/646/8
f 3685/649/4 3692/650/4 3702/647/4 3701/648/4
f 3705/644/1 3687/647/1 3709/652/1 3707/653/1
f 3709/644/6 3708/647/6 3718/654/6 3719/655/6
f 3685/644/8 3705/647/8 3707/652/8 3706/653/8
f 3687/644/3 3692/647/3 3708/652/3 3709/653/3
f 3692/644/5 3685/647/5 3706/652/5 3708/653/5
f 3706/653/8 3710/656/8 3716/657/8 3714/658/8
f 3728/657/1 3756/659/1 3751/660/1 3739/661/1
f 3710/662/5 3706/652/5 3725/663/5 3737/664/5
f 3715/653/5 3714/652/5 3716/662/5 3717/656/5
f 3708/665/6 3706/666/6 3714/655/6 3715/654/6
f 3712/662/3 3708/652/3 3715/663/3 3717/664/3
f 3716/657/8 3752/659/8 3748/660/8 3749/661/8
f 3719/653/3 3718/652/3 3735/662/3 3720/656/3
f 3708/653/5 3712/656/5 3735/657/5 3718/658/5
f 3713/662/1 3709/652/1 3719/663/1 3720/664/1
f 3754/667/1 3723/662/1 3732/664/1 3731/668/1
f 3722/653/1 3721/652/1 3723/662/1 3724/656/1
f 3711/662/8 3707/652/8 3722/663/8 3724/664/8
f 3707/644/6 3709/647/6 3721/654/6 3722/655/6
f 3709/653/3 3713/656/3 3723/657/3 3721/658/3
f 3725/653/8 3726/652/8 3728/662/8 3737/656/8
f 3752/667/5 3716/662/5 3736/664/5 3759/668/5
f 3707/653/1 3711/656/1 3728/657/1 3726/658/1
f 3706/665/6 3707/666/6 3726/655/6 3725/654/6
f 3737/654/6 3728/655/6 3739/644/6 3738/647/6
f 3720/655/6 3735/654/6 3745/665/6 3746/666/6
f 3732/657/3 3720/656/3 3733/669/3 3731/659/3
f 3711/654/6 3724/665/6 3729/670/6 3728/671/6
f 3712/670/6 3717/671/6 3734/654/6 3735/665/6
f 3738/656/8 3739/662/8 3751/667/8 3740/669/8
f 3728/662/8 3729/664/8 3730/668/8 3756/667/8
f 3723/670/6 3713/671/6 3720/654/6 3732/665/6
f 3724/656/1 3727/669/1 3730/659/1 3729/657/1
f 3723/657/3 3754/659/3 3741/660/3 3742/661/3
f 3735/662/3 3734/664/3 3757/668/3 3758/667/3
f 3717/656/5 3753/669/5 3757/659/5 3734/657/5
f 3743/656/1 3742/662/1 3741/667/1 3744/669/1
f 3736/657/8 3737/656/8 3755/669/8 3759/659/8
f 3755/668/5 3737/664/5 3738/672/5 3740/673/5
f 3716/654/6 3710/665/6 3737/670/6 3736/671/6
f 3727/668/8 3724/664/8 3743/672/8 3744/673/8
f 3724/655/6 3723/654/6 3742/665/6 3743/666/6
f 3746/656/3 3745/662/3 3760/667/3 3747/669/3
f 3733/668/1 3720/664/1 3746/672/1 3747/673/1
f 3735/657/5 3758/659/5 3760/660/5 3745/661/5
f 3750/656/5 3749/662/5 3748/667/5 3761/669/5
f 3717/654/6 3716/655/6 3749/644/6 3750/647/6
f 3753/668/3 3717/664/3 3750/672/3 3761/673/3
f 3768/643/1 3785/644/1 3778/645/1 3779/646/1
f 3769/643/3 3762/247/3 3763/647/3 3770/644/3
f 3772/647/4 3767/648/4 3770/649/4 3763/650/4
f 3767/647/1 3766/247/1 3769/651/1 3770/650/1
f 3771/643/5 3772/644/5 3763/645/5 3762/646/5
f 3785/647/8 3768/247/8 3773/651/8 3776/650/8
f 3775/647/1 3776/644/1 3773/643/1 3774/247/1
f 3767/647/4 3785/648/4 3776/649/4 3775/650/4
f 3766/643/3 3767/644/3 3775/645/3 3774/646/3
f 3778/647/8 3777/644/8 3780/643/8 3779/247/8
f 3785/649/4 3765/650/4 3777/647/4 3778/648/4
f 3765/647/5 3764/247/5 3780/651/5 3777/650/5
f 3783/643/5 3784/247/5 3781/647/5 3782/644/5
f 3772/647/3 3771/247/3 3783/651/3 3782/650/3
f 3764/643/8 3765/644/8 3781/645/8 3784/646/8
f 3765/649/4 3772/650/4 3782/647/4 3781/648/4
f 3785/644/1 3767/647/1 3789/652/1 3787/653/1
f 3789/644/6 3788/647/6 3798/654/6 3799/655/6
f 3765/644/8 3785/647/8 3787/652/8 3786/653/8
f 3767/644/3 3772/647/3 3788/652/3 3789/653/3
f 3772/644/5 3765/647/5 3786/652/5 3788/653/5
f 3786/653/8 3790/656/8 3796/657/8 3794/658/8
f 3808/657/1 3836/659/1 3831/660/1 3819/661/1
f 3790/662/5 3786/652/5 3805/663/5 3817/664/5
f 3795/653/5 3794/652/5 3796/662/5 3797/656/5
f 3788/665/6 3786/666/6 3794/655/6 3795/654/6
f 3792/662/3 3788/652/3 3795/663/3 3797/664/3
f 3796/657/8 3832/659/8 3828/660/8 3829/661/8
f 3799/653/3 3798/652/3 3815/662/3 3800/656/3
f 3788/653/5 3792/656/5 3815/657/5 3798/658/5
f 3793/662/1 3789/652/1 3799/663/1 3800/664/1
f 3834/667/1 3803/662/1 3812/664/1 3811/668/1
f 3802/653/1 3801/652/1 3803/662/1 3804/656/1
f 3791/662/8 3787/652/8 3802/663/8 3804/664/8
f 3787/644/6 3789/647/6 3801/654/6 3802/655/6
f 3789/653/3 3793/656/3 3803/657/3 3801/658/3
f 3805/653/8 3806/652/8 3808/662/8 3817/656/8
f 3832/667/5 3796/662/5 3816/664/5 3839/668/5
f 3787/653/1 3791/656/1 3808/657/1 3806/658/1
f 3786/665/6 3787/666/6 3806/655/6 3805/654/6
f 3817/654/6 3808/655/6 3819/644/6 3818/647/6
f 3800/655/6 3815/654/6 3825/665/6 3826/666/6
f 3812/657/3 3800/656/3 3813/669/3 3811/659/3
f 3791/654/6 3804/665/6 3809/670/6 3808/671/6
f 3792/670/6 3797/671/6 3814/654/6 3815/665/6
f 3818/656/8 3819/662/8 3831/667/8 3820/669/8
f 3808/662/8 3809/664/8 3810/668/8 3836/667/8
f 3803/670/6 3793/671/6 3800/654/6 3812/665/6
f 3804/656/1 3807/669/1 3810/659/1 3809/657/1
f 3803/657/3 3834/659/3 3821/660/3 3822/661/3
f 3815/662/3 3814/664/3 3837/668/3 3838/667/3
f 3797/656/5 3833/669/5 3837/659/5 3814/657/5
f 3823/656/1 3822/662/1 3821/667/1 3824/669/1
f 3816/657/8 3817/656/8 3835/669/8 3839/659/8
f 3835/668/5 3817/664/5 3818/672/5 3820/673/5
f 3796/654/6 3790/665/6 3817/670/6 3816/671/6
f 3807/668/8 3804/664/8 3823/672/8 3824/673/8
f 3804/655/6 3803/654/6 3822/665/6 3823/666/6
f 3826/656/3 3825/662/3 3840/667/3 3827/669/3
f 3813/668/1 3800/664/1 3826/672/1 3827/673/1
f 3815/657/5 3838/659/5 3840/660/5 3825/661/5
f 3830/656/5 3829/662/5 3828/667/5 3841/669/5
f 3797/654/6 3796/655/6 3829/644/6 3830/647/6
f 3833/668/3 3797/664/3 3830/672/3 3841/673/3
f 3848/643/1 3865/644/1 3858/645/1 3859/646/1
f 3849/643/3 3842/247/3 3843/647/3 3850/644/3
f 3852/647/4 3847/648/4 3850/649/4 3843/650/4
f 3847/647/1 3846/247/1 3849/651/1 3850/650/1
f 3851/643/5 3852/644/5 3843/645/5 3842/646/5
f 3865/647/8 3848/247/8 3853/651/8 3856/650/8
f 3855/647/1 3856/644/1 3853/643/1 3854/247/1
f 3847/647/4 3865/648/4 3856/649/4 3855/650/4
f 3846/643/3 3847/644/3 3855/645/3 3854/646/3
f 3858/647/8 3857/644/8 3860/643/8 3859/247/8
f 3865/649/4 3845/650/4 3857/647/4 3858/648/4
f 3845/647/5 3844/247/5 3860/651/5 3857/650/5
f 3863/643/5 3864/247/5 3861/647/5 3862/644/5
f 3852/647/3 3851/247/3 3863/651/3 3862/650/3
f 3844/643/8 3845/644/8 3861/645/8 3864/646/8
f 3845/649/4 3852/650/4 3862/647/4 3861/648/4
f 3865/644/1 3847/647/1 3869/652/1 3867/653/1
f 3869/644/6 3868/647/6 3878/654/6 3879/655/6
f 3845/644/8 3865/647/8 3867/652/8 3866/653/8
f 3847/644/3 3852/647/3 3868/652/3 3869/653/3
f 3852/644/5 3845/647/5 3866/652/5 3868/653/5
f 3866/653/8 3870/656/8 3876/657/8 3874/658/8
f 3888/657/1 3916/659/1 3911/660/1 3899/661/1
f 3870/662/5 3866/652/5 3885/663/5 3897/664/5
f 3875/653/5 3874/652/5 3876/662/5 3877/656/5
f 3868/665/6 3866/666/6 3874/655/6 3875/654/6
f 3872/662/3 3868/652/3 3875/663/3 3877/664/3
f 3876/657/8 3912/659/8 3908/660/8 3909/661/8
f 3879/653/3 3878/652/3 3895/662/3 3880/656/3
f 3868/653/5 3872/656/5 3895/657/5 3878/658/5
f 3873/662/1 3869/652/1 3879/663/1 3880/664/1
f 3914/667/1 3883/662/1 3892/664/1 3891/668/1
f 3882/653/1 3881/652/1 3883/662/1 3884/656/1
f 3871/662/8 3867/652/8 3882/663/8 3884/664/8
f 3867/644/6 3869/647/6 3881/654/6 3882/655/6
f 3869/653/3 3873/656/3 3883/657/3 3881/658/3
f 3885/653/8 3886/652/8 3888/662/8 3897/656/8
f 3912/667/5 3876/662/5 3896/664/5 3919/668/5
f 3867/653/1 3871/656/1 3888/657/1 3886/658/1
f 3866/665/6 3867/666/6 3886/655/6 3885/654/6
f 3897/654/6 3888/655/6 3899/644/6 3898/647/6
f 3880/655/6 3895/654/6 3905/665/6 3906/666/6
f 3892/657/3 3880/656/3 3893/669/3 3891/659/3
f 3871/654/6 3884/665/6 3889/670/6 3888/671/6
f 3872/670/6 3877/671/6 3894/654/6 3895/665/6
f 3898/656/8 3899/662/8 3911/667/8 3900/669/8
f 3888/662/8 3889/664/8 3890/668/8 3916/667/8
f 3883/670/6 3873/671/6 3880/654/6 3892/665/6
f 3884/656/1 3887/669/1 3890/659/1 3889/657/1
f 3883/657/3 3914/659/3 3901/660/3 3902/661/3
f 3895/662/3 3894/664/3 3917/668/3 3918/667/3
f 3877/656/5 3913/669/5 3917/659/5 3894/657/5
f 3903/656/1 3902/662/1 3901/667/1 3904/669/1
f 3896/657/8 3897/656/8 3915/669/8 3919/659/8
f 3915/668/5 3897/664/5 3898/672/5 3900/673/5
f 3876/654/6 3870/665/6 3897/670/6 3896/671/6
f 3887/668/8 3884/664/8 3903/672/8 3904/673/8
f 3884/655/6 3883/654/6 3902/665/6 3903/666/6
f 3906/656/3 3905/662/3 3920/667/3 3907/669/3
f 3893/668/1 3880/664/1 3906/672/1 3907/673/1
f 3895/657/5 3918/659/5 3920/660/5 3905/661/5
f 3910/656/5 3909/662/5 3908/667/5 3921/669/5
f 3877/654/6 3876/655/6 3909/644/6 3910/647/6
f 3913/668/3 3877/664/3 3910/672/3 3921/673/3
f 3928/643/1 3945/644/1 3938/645/1 3939/646/1
f 3929/643/3 3922/247/3 3923/647/3 3930/644/3
f 3932/647/4 3927/648/4 3930/649/4 3923/650/4
f 3927/647/1 3926/247/1 3929/651/1 3930/650/1
f 3931/643/5 3932/644/5 3923/645/5 3922/646/5
f 3945/647/8 3928/247/8 3933/651/8 3936/650/8
f 3935/647/1 3936/644/1 3933/643/1 3934/247/1
f 3927/647/4 3945/648/4 3936/649/4 3935/650/4
f 3926/643/3 3927/644/3 3935/645/3 3934/646/3
f 3938/647/8 3937/644/8 3940/643/8 3939/247/8
f 3945/649/4 3925/650/4 3937/647/4 3938/648/4
f 3925/647/5 3924/247/5 3940/651/5 3937/650/5
f 3943/643/5 3944/247/5 3941/647/5 3942/644/5
f 3932/647/3 3931/247/3 3943/651/3 3942/650/3
f 3924/643/8 3925/644/8 3941/645/8 3944/646/8
f 3925/649/4 3932/650/4 3942/647/4 3941/648/4
f 3945/644/1 3927/647/1 3949/652/1 3947/653/1
f 3949/644/6 3948/647/6 3958/654/6 3959/655/6
f 3925/644/8 3945/647/8 3947/652/8 3946/653/8
f 3927/644/3 3932/647/3 3948/652/3 3949/653/3
f 3932/644/5 3925/647/5 3946/652/5 3948/653/5
f 3946/653/8 3950/656/8 3956/657/8 3954/658/8
f 3968/657/1 3996/659/1 3991/660/1 3979/661/1
f 3950/662/5 3946/652/5 3965/663/5 3977/664/5
f 3955/653/5 3954/652/5 3956/662/5 3957/656/5
f 3948/665/6 3946/666/6 3954/655/6 3955/654/6
f 3952/662/3 3948/652/3 3955/663/3 3957/664/3
f 3956/657/8 3992/659/8 3988/660/8 3989/661/8
f 3959/653/3 3958/652/3 3975/662/3 3960/656/3
f 3948/653/5 3952/656/5 3975/657/5 3958/658/5
f 3953/662/1 3949/652/1 3959/663/1 3960/664/1
f 3994/667/1 3963/662/1 3972/664/1 3971/668/1
f 3962/653/1 3961/652/1 3963/662/1 3964/656/1
f 3951/662/8 3947/652/8 3962/663/8 3964/664/8
f 3947/644/6 3949/647/6 3961/654/6 3962/655/6
f 3949/653/3 3953/656/3 3963/657/3 3961/658/3
f 3965/653/8 3966/652/8 3968/662/8 3977/656/8
f 3992/667/5 3956/662/5 3976/664/5 3999/668/5
f 3947/653/1 3951/656/1 3968/657/1 3966/658/1
f 3946/665/6 3947/666/6 3966/655/6 3965/654/6
f 3977/654/6 3968/655/6 3979/644/6 3978/647/6
f 3960/655/6 3975/654/6 3985/665/6 3986/666/6
f 3972/657/3 3960/656/3 3973/669/3 3971/659/3
f 3951/654/6 3964/665/6 3969/670/6 3968/671/6
f 3952/670/6 3957/671/6 3974/654/6 3975/665/6
f 3978/656/8 3979/662/8 3991/667/8 3980/669/8
f 3968/662/8 3969/664/8 3970/668/8 3996/667/8
f 3963/670/6 3953/671/6 3960/654/6 3972/665/6
f 3964/656/1 3967/669/1 3970/659/1 3969/657/1
f 3963/657/3 3994/659/3 3981/660/3 3982/661/3
f 3975/662/3 3974/664/3 3997/668/3 3998/667/3
f 3957/656/5 3993/669/5 3997/659/5 3974/657/5
f 3983/656/1 3982/662/1 3981/667/1 3984/669/1
f 3976/657/8 3977/656/8 3995/669/8 3999/659/8
f 3995/668/5 3977/664/5 3978/672/5 3980/673/5
f 3956/654/6 3950/665/6 3977/670/6 3976/671/6
f 3967/668/8 3964/664/8 3983/672/8 3984/673/8
f 3964/655/6 3963/654/6 3982/665/6 3983/666/6
f 3986/656/3 3985/662/3 4000/667/3 3987/669/3
f 3973/668/1 3960/664/1 3986/672/1 3987/673/1
f 3975/657/5 3998/659/5 4000/660/5 3985/661/5
f 3990/656/5 3989/662/5 3988/667/5 4001/669/5
f 3957/654/6 3956/655/6 3989/644/6 3990/647/6
f 3993/668/3 3957/664/3 3990/672/3 4001/673/3
f 4008/643/1 4025/644/1 4018/645/1 4019/646/1
f 4009/643/3 4002/247/3 4003/647/3 4010/644/3
f 4012/647/4 4007/648/4 4010/649/4 4003/650/4
f 4007/647/1 4006/247/1 4009/651/1 4010/650/1
f 4011/643/5 4012/644/5 4003/645/5 4002/646/5
f 4025/647/8 4008/247/8 4013/651/8 4016/650/8
f 4015/647/1 4016/644/1 4013/643/1 4014/247/1
f 4007/647/4 4025/648/4 4016/649/4 4015/650/4
f 4006/643/3 4007/644/3 4015/645/3 4014/646/3
f 4018/647/8 4017/644/8 4020/643/8 4019/247/8
f 4025/649/4 4005/650/4 4017/647/4 4018/648/4
f 4005/647/5 4004/247/5 4020/651/5 4017/650/5
f 4023/643/5 4024/247/5 4021/647/5 4022/644/5
f 4012/647/3 4011/247/3 4023/651/3 4022/650/3
f 4004/643/8 4005/644/8 4021/645/8 4024/646/8
f 4005/649/4 4012/650/4 4022/647/4 4021/648/4
f 4025/644/1 4007/647/1 4029/652/1 4027/653/1
f 4029/644/6 4028/647/6 4038/654/6 4039/655/6
f 4005/644/8 4025/647/8 4027/652/8 4026/653/8
f 4007/644/3 4012/647/3 4028/652/3 4029/653/3
f 4012/644/5 4005/647/5 4026/652/5 4028/653/5
f 4026/653/8 4030/656/8 4036/657/8 4034/658/8
f 4048/657/1 4076/659/1 4071/660/1 4059/661/1
f 4030/662/5 4026/652/5 4045/663/5 4057/664/5
f 4035/653/5 4034/652/5 4036/662/5 4037/656/5
f 4028/665/6 4026/666/6 4034/655/6 4035/654/6
f 4032/662/3 4028/652/3 4035/663/3 4037/664/3
f 4036/657/8 4072/659/8 4068/660/8 4069/661/8
f 4039/653/3 4038/652/3 4055/662/3 4040/656/3
f 4028/653/5 4032/656/5 4055/657/5 4038/658/5
f 4033/662/1 4029/652/1 4039/663/1 4040/664/1
f 4074/667/1 4043/662/1 4052/664/1 4051/668/1
f 4042/653/1 4041/652/1 4043/662/1 4044/656/1
f 4031/662/8 4027/652/8 4042/663/8 4044/664/8
f 4027/644/6 4029/647/6 4041/654/6 4042/655/6
f 4029/653/3 4033/656/3 4043/657/3 4041/658/3
f 4045/653/8 4046/652/8 4048/662/8 4057/656/8
f 4072/667/5 4036/662/5 4056/664/5 4079/668/5
f 4027/653/1 4031/656/1 4048/657/1 4046/658/1
f 4026/665/6 4027/666/6 4046/655/6 4045/654/6
f 4057/654/6 4048/655/6 4059/644/6 4058/647/6
f 4040/655/6 4055/654/6 4065/665/6 4066/666/6
f 4052/657/3 4040/656/3 4053/669/3 4051/659/3
f 4031/654/6 4044/665/6 4049/670/6 4048/671/6
f 4032/670/6 4037/671/6 4054/654/6 4055/665/6
f 4058/656/8 4059/662/8 4071/667/8 4060/669/8
f 4048/662/8 4049/664/8 4050/668/8 4076/667/8
f 4043/670/6 4033/671/6 4040/654/6 4052/665/6
f 4044/656/1 4047/669/1 4050/659/1 4049/657/1
f 4043/657/3 4074/659/3 4061/660/3 4062/661/3
f 4055/662/3 4054/664/3 4077/668/3 4078/667/3
f 4037/656/5 4073/669/5 4077/659/5 4054/657/5
f 4063/656/1 4062/662/1 4061/667/1 4064/669/1
f 4056/657/8 4057/656/8 4075/669/8 4079/659/8
f 4075/668/5 4057/664/5 4058/672/5 4060/673/5
f 4036/654/6 4030/665/6 4057/670/6 4056/671/6
f 4047/668/8 4044/664/8 4063/672/8 4064/673/8
f 4044/655/6 4043/654/6 4062/665/6 4063/666/6
f 4066/656/3 4065/662/3 4080/667/3 4067/669/3
f 4053/668/1 4040/664/1 4066/672/1 4067/673/1
f 4055/657/5 4078/659/5 4080/660/5 4065/661/5
f 4070/656/5 4069/662/5 4068/667/5 4081/669/5
f 4037/654/6 4036/655/6 4069/644/6 4070/647/6
f 4073/668/3 4037/664/3 4070/672/3 4081/673/3
f 4088/643/1 4105/644/1 4098/645/1 4099/646/1
f 4089/643/3 4082/247/3 4083/647/3 4090/644/3
f 4092/647/4 4087/648/4 4090/649/4 4083/650/4
f 4087/647/1 4086/247/1 4089/651/1 4090/650/1
f 4091/643/5 4092/644/5 4083/645/5 4082/646/5
f 4105/647/8 4088/247/8 4093/651/8 4096/650/8
f 4095/647/1 4096/644/1 4093/643/1 4094/247/1
f 4087/647/4 4105/648/4 4096/649/4 4095/650/4
f 4086/643/3 4087/644/3 4095/645/3 4094/646/3
f 4098/647/8 4097/644/8 4100/643/8 4099/247/8
f 4105/649/4 4085/650/4 4097/647/4 4098/648/4
f 4085/647/5 4084/247/5 4100/651/5 4097/650/5
f 4103/643/5 4104/247/5 4101/647/5 4102/644/5
f 4092/647/3 4091/247/3 4103/651/3 4102/650/3
f 4084/643/8 4085/644/8 4101/645/8 4104/646/8
f 4085/649/4 4092/650/4 4102/647/4 4101/648/4
f 4105/644/1 4087/647/1 4109/652/1 4107/653/1
f 4109/644/6 4108/647/6 4118/654/6 4119/655/6
f 4085/644/8 4105/647/8 4107/652/8 4106/653/8
f 4087/644/3 4092/647/3 4108/652/3 4109/653/3
f 4092/644/5 4085/647/5 4106/652/5 4108/653/5
f 4106/653/8 4110/656/8 4116/657/8 4114/658/8
f 4128/657/1 4156/659/1 4151/660/1 4139/661/1
f 4110/662/5 4106/652/5 4125/663/5 4137/664/5
f 4115/653/5 4114/652/5 4116/662/5 4117/656/5
f 4108/665/6 4106/666/6 4114/655/6 4115/654/6
f 4112/662/3 4108/652/3 4115/663/3 4117/664/3
f 4116/657/8 4152/659/8 4148/660/8 4149/661/8
f 4119/653/3 4118/652/3 4135/662/3 4120/656/3
f 4108/653/5 4112/656/5 4135/657/5 4118/658/5
f 4113/662/1 4109/652/1 4119/663/1 4120/664/1
f 4154/667/1 4123/662/1 4132/664/1 4131/668/1
f 4122/653/1 4121/652/1 4123/662/1 4124/656/1
f 4111/662/8 4107/652/8 4122/663/8 4124/664/8
f 4107/644/6 4109/647/6 4121/654/6 4122/655/6
f 4109/653/3 4113/656/3 4123/657/3 4121/658/3
f 4125/653/8 4126/652/8 4128/662/8 4137/656/8
f 4152/667/5 4116/662/5 4136/664/5 4159/668/5
f 4107/653/1 4111/656/1 4128/657/1 4126/658/1
f 4106/665/6 4107/666/6 4126/655/6 4125/654/6
f 4137/654/6 4128/655/6 4139/644/6 4138/647/6
f 4120/655/6 4135/654/6 4145/665/6 4146/666/6
f 4132/657/3 4120/656/3 4133/669/3 4131/659/3
f 4111/654/6 4124/665/6 4129/670/6 4128/671/6
f 4112/670/6 4117/671/6 4134/654/6 4135/665/6
f 4138/656/8 4139/662/8 4151/667/8 4140/669/8
f 4128/662/8 4129/664/8 4130/668/8 4156/667/8
f 4123/670/6 4113/671/6 4120/654/6 4132/665/6
f 4124/656/1 4127/669/1 4130/659/1 4129/657/1
f 4123/657/3 4154/659/3 4141/660/3 4142/661/3
f 4135/662/3 4134/664/3 4157/668/3 4158/667/3
f 4117/656/5 4153/669/5 4157/659/5 4134/657/5
f 4143/656/1 4142/662/1 4141/667/1 4144/669/1
f 4136/657/8 4137/656/8 4155/669/8 4159/659/8
f 4155/668/5 4137/664/5 4138/672/5 4140/673/5
f 4116/654/6 4110/665/6 4137/670/6 4136/671/6
f 4127/668/8 4124/664/8 4143/672/8 4144/673/8
f 4124/655/6 4123/654/6 4142/665/6 4143/666/6
f 4146/656/3 4145/662/3 4160/667/3 4147/669/3
f 4133/668/1 4120/664/1 4146/672/1 4147/673/1
f 4135/657/5 4158/659/5 4160/660/5 4145/661/5
f 4150/656/5 4149/662/5 4148/667/5 4161/669/5
f 4117/654/6 4116/655/6 4149/644/6 4150/647/6
f 4153/668/3 4117/664/3 4150/672/3 4161/673/3
f 4168/643/1 4185/644/1 4178/645/1 4179/646/1
f 4169/643/3 4162/247/3 4163/647/3 4170/644/3
f 4172/647/4 4167/648/4 4170/649/4 4163/650/4
f 4167/647/1 4166/247/1 4169/651/1 4170/650/1
f 4171/643/5 4172/644/5 4163/645/5 4162/646/5
f 4185/647/8 4168/247/8 4173/651/8 4176/650/8
f 4175/647/1 4176/644/1 4173/643/1 4174/247/1
f 4167/647/4 4185/648/4 4176/649/4 4175/650/4
f 4166/643/3 4167/644/3 4175/645/3 4174/646/3
f 4178/647/8 4177/644/8 4180/643/8 4179/247/8
f 4185/649/4 4165/650/4 4177/647/4 4178/648/4
f 4165/647/5 4164/247/5 4180/651/5 4177/650/5
f 4183/643/5 4184/247/5 4181/647/5 4182/644/5
f 4172/647/3 4171/247/3 4183/651/3 4182/650/3
f 4164/643/8 4165/644/8 4181/645/8 4184/646/8
f 4165/649/4 4172/650/4 4182/647/4 4181/648/4
f 4185/644/1 4167/647/1 4189/652/1 4187/653/1
f 4189/644/6 4188/647/6 4198/654/6 4199/655/6
f 4165/644/8 4185/647/8 4187/652/8 4186/653/8
f 4167/644/3 4172/647/3 4188/652/3 4189/653/3
f 4172/644/5 4165/647/5 4186/652/5 4188/653/5
f 4186/653/8 4190/656/8 4196/657/8 4194/658/8
f 4208/657/1 4236/659/1 4231/660/1 4219/661/1
f 4190/662/5 4186/652/5 4205/663/5 4217/664/5
f 4195/653/5 4194/652/5 4196/662/5 4197/656/5
f 4188/665/6 4186/666/6 4194/655/6 4195/654/6
f 4192/662/3 4188/652/3 4195/663/3 4197/664/3
f 4196/657/8 4232/659/8 4228/660/8 4229/661/8
f 4199/653/3 4198/652/3 4215/662/3 4200/656/3
f 4188/653/5 4192/656/5 4215/657/5 4198/658/5
f 4193/662/1 4189/652/1 4199/663/1 4200/664/1
f 4234/667/1 4203/662/1 4212/664/1 4211/668/1
f 4202/653/1 4201/652/1 4203/662/1 4204/656/1
f 4191/662/8 4187/652/8 4202/663/8 4204/664/8
f 4187/644/6 4189/647/6 4201/654/6 4202/655/6
f 4189/653/3 4193/656/3 4203/657/3 4201/658/3
f 4205/653/8 4206/652/8 4208/662/8 4217/656/8
f 4232/667/5 4196/662/5 4216/664/5 4239/668/5
f 4187/653/1 4191/656/1 4208/657/1 4206/658/1
f 4186/665/6 4187/666/6 4206/655/6 4205/654/6
f 4217/654/6 4208/655/6 4219/644/6 4218/647/6
f 4200/655/6 4215/654/6 4225/665/6 4226/666/6
f 4212/657/3 4200/656/3 4213/669/3 4211/659/3
f 4191/654/6 4204/665/6 4209/670/6 4208/671/6
f 4192/670/6 4197/671/6 4214/654/6 4215/665/6
f 4218/656/8 4219/662/8 4231/667/8 4220/669/8
f 4208/662/8 4209/664/8 4210/668/8 4236/667/8
f 4203/670/6 4193/671/6 4200/654/6 4212/665/6
f 4204/656/1 4207/669/1 4210/659/1 4209/657/1
f 4203/657/3 4234/659/3 4221/660/3 4222/661/3
f 4215/662/3 4214/664/3 4237/668/3 4238/667/3
f 4197/656/5 4233/669/5 4237/659/5 4214/657/5
f 4223/656/1 4222/662/1 4221/667/1 4224/669/1
f 4216/657/8 4217/656/8 4235/669/8 4239/659/8
f 4235/668/5 4217/664/5 4218/672/5 4220/673/5
f 4196/654/6 4190/665/6 4217/670/6 4216/671/6
f 4207/668/8 4204/664/8 4223/672/8 4224/673/8
f 4204/655/6 4203/654/6 4222/665/6 4223/666/6
f 4226/656/3 4225/662/3 4240/667/3 4227/669/3
f 4213/668/1 4200/664/1 4226/672/1 4227/673/1
f 4215/657/5 4238/659/5 4240/660/5 4225/661/5
f 4230/656/5 4229/662/5 4228/667/5 4241/669/5
f 4197/654/6 4196/655/6 4229/644/6 4230/647/6
f 4233/668/3 4197/664/3 4230/672/3 4241/673/3
f 4248/643/1 4265/644/1 4258/645/1 4259/646/1
f 4249/643/3 4242/247/3 4243/647/3 4250/644/3
f 4252/647/4 4247/648/4 4250/649/4 4243/650/4
f 4247/647/1 4246/247/1 4249/651/1 4250/650/1
f 4251/643/5 4252/644/5 4243/645/5 4242/646/5
f 4265/647/8 4248/247/8 4253/651/8 4256/650/8
f 4255/647/1 4256/644/1 4253/643/1 4254/247/1
f 4247/647/4 4265/648/4 4256/649/4 4255/650/4
f 4246/643/3 4247/644/3 4255/645/3 4254/646/3
f 4258/647/8 4257/644/8 4260/643/8 4259/247/8
f 4265/649/4 4245/650/4 4257/647/4 4258/648/4
f 4245/647/5 4244/247/5 4260/651/5 4257/650/5
f 4263/643/5 4264/247/5 4261/647/5 4262/644/5
f 4252/647/3 4251/247/3 4263/651/3 4262/650/3
f 4244/643/8 4245/644/8 4261/645/8 4264/646/8
f 4245/649/4 4252/650/4 4262/647/4 4261/648/4
f 4265/644/1 4247/647/1 4269/652/1 4267/653/1
f 4269/644/6 4268/647/6 4278/654/6 4279/655/6
f 4245/644/8 4265/647/8 4267/652/8 4266/653/8
f 4247/644/3 4252/647/3 4268/652/3 4269/653/3
f 4252/644/5 4245/647/5 4266/652/5 4268/653/5
f 4266/653/8 4270/656/8 4276/657/8 4274/658/8
f 4288/657/1 4316/659/1 4311/660/1 4299/661/1
f 4270/662/5 4266/652/5 4285/663/5 4297/664/5
f 4275/653/5 4274/652/5 4276/662/5 4277/656/5
f 4268/665/6 4266/666/6 4274/655/6 4275/654/6
f 4272/662/3 4268/652/3 4275/663/3 4277/664/3
f 4276/657/8 4312/659/8 4308/660/8 4309/661/8
f 4279/653/3 4278/652/3 4295/662/3 4280/656/3
f 4268/653/5 4272/656/5 4295/657/5 4278/658/5
f 4273/662/1 4269/652/1 4279/663/1 4280/664/1
f 4314/667/1 4283/662/1 4292/664/1 4291/668/1
f 4282/653/1 4281/652/1 4283/662/1 4284/656/1
f 4271/662/8 4267/652/8 4282/663/8 4284/664/8
f 4267/644/6 4269/647/6 4281/654/6 4282/655/6
f 4269/653/3 4273/656/3 4283/657/3 4281/658/3
f 4285/653/8 4286/652/8 4288/662/8 4297/656/8
f 4312/667/5 4276/662/5 4296/664/5 4319/668/5
f 4267/653/1 4271/656/1 4288/657/1 4286/658/1
f 4266/665/6 4267/666/6 4286/655/6 4285/654/6
f 4297/654/6 4288/655/6 4299/644/6 4298/647/6
f 4280/655/6 4295/654/6 4305/665/6 4306/666/6
f 4292/657/3 4280/656/3 4293/669/3 4291/659/3
f 4271/654/6 4284/665/6 4289/670/6 4288/671/6
f 4272/670/6 4277/671/6 4294/654/6 4295/665/6
f 4298/656/8 4299/662/8 4311/667/8 4300/669/8
f 4288/662/8 4289/664/8 4290/668/8 4316/667/8
f 4283/670/6 4273/671/6 4280/654/6 4292/665/6
f 4284/656/1 4287/669/1 4290/659/1 4289/657/1
f 4283/657/3 4314/659/3 4301/660/3 4302/661/3
f 4295/662/3 4294/664/3 4317/668/3 4318/667/3
f 4277/656/5 4313/669/5 4317/659/5 4294/657/5
f 4303/656/1 4302/662/1 4301/667/1 4304/669/1
f 4296/657/8 4297/656/8 4315/669/8 4319/659/8
f 4315/668/5 4297/664/5 4298/672/5 4300/673/5
f 4276/654/6 4270/665/6 4297/670/6 4296/671/6
f 4287/668/8 4284/664/8 4303/672/8 4304/673/8
f 4284/655/6 4283/654/6 4302/665/6 4303/666/6
f 4306/656/3 4305/662/3 4320/667/3 4307/669/3
f 4293/668/1 4280/664/1 4306/672/1 4307/673/1
f 4295/657/5 4318/659/5 4320/660/5 4305/661/5
f 4310/656/5 4309/662/5 4308/667/5 4321/669/5
f 4277/654/6 4276/655/6 4309/644/6 4310/647/6
f 4313/668/3 4277/664/3 4310/672/3 4321/673/3
f 4328/643/1 4345/644/1 4338/645/1 4339/646/1
f 4329/643/3 4322/247/3 4323/647/3 4330/644/3
f 4332/647/4 4327/648/4 4330/649/4 4323/650/4
f 4327/647/1 4326/247/1 4329/651/1 4330/650/1
f 4331/643/5 4332/644/5 4323/645/5 4322/646/5
f 4345/647/8 4328/247/8 4333/651/8 4336/650/8
f 4335/647/1 4336/644/1 4333/643/1 4334/247/1
f 4327/647/4 4345/648/4 4336/649/4 4335/650/4
f 4326/643/3 4327/644/3 4335/645/3 4334/646/3
f 4338/647/8 4337/644/8 4340/643/8 4339/247/8
f 4345/649/4 4325/650/4 4337/647/4 4338/648/4
f 4325/647/5 4324/247/5 4340/651/5 4337/650/5
f 4343/643/5 4344/247/5 4341/647/5 4342/644/5
f 4332/647/3 4331/247/3 4343/651/3 4342/650/3
f 4324/643/8 4325/644/8 4341/645/8 4344/646/8
f 4325/649/4 4332/650/4 4342/647/4 4341/648/4
f 4345/644/1 4327/647/1 4349/652/1 4347/653/1
f 4349/644/6 4348/647/6 4358/654/6 4359/655/6
f 4325/644/8 4345/647/8 4347/652/8 4346/653/8
f 4327/644/3 4332/647/3 4348/652/3 4349/653/3
f 4332/644/5 4325/647/5 4346/652/5 4348/653/5
f 4346/653/8 4350/656/8 4356/657/8 4354/658/8
f 4368/657/1 4396/659/1 4391/660/1 4379/661/1
f 4350/662/5 4346/652/5 4365/663/5 4377/664/5
f 4355/653/5 4354/652/5 4356/662/5 4357/656/5
f 4348/665/6 4346/666/6 4354/655/6 4355/654/6
f 4352/662/3 4348/652/3 4355/663/3 4357/664/3
f 4356/657/8 4392/659/8 4388/660/8 4389/661/8
f 4359/653/3 4358/652/3 4375/662/3 4360/656/3
f 4348/653/5 4352/656/5 4375/657/5 4358/658/5
f 4353/662/1 4349/652/1 4359/663/1 4360/664/1
f 4394/667/1 4363/662/1 4372/664/1 4371/668/1
f 4362/653/1 4361/652/1 4363/662/1 4364/656/1
f 4351/662/8 4347/652/8 4362/663/8 4364/664/8
f 4347/644/6 4349/647/6 4361/654/6 4362/655/6
f 4349/653/3 4353/656/3 4363/657/3 4361/658/3
f 4365/653/8 4366/652/8 4368/662/8 4377/656/8
f 4392/667/5 4356/662/5 4376/664/5 4399/668/5
f 4347/653/1 4351/656/1 4368/657/1 4366/658/1
f 4346/665/6 4347/666/6 4366/655/6 4365/654/6
f 4377/654/6 4368/655/6 4379/644/6 4378/647/6
f 4360/655/6 4375/654/6 4385/665/6 4386/666/6
f 4372/657/3 4360/656/3 4373/669/3 4371/659/3
f 4351/654/6 4364/665/6 4369/670/6 4368/671/6
f 4352/670/6 4357/671/6 4374/654/6 4375/665/6
f 4378/656/8 4379/662/8 4391/667/8 4380/669/8
f 4368/662/8 4369/664/8 4370/668/8 4396/667/8
f 4363/670/6 4353/671/6 4360/654/6 4372/665/6
f 4364/656/1 4367/669/1 4370/659/1 4369/657/1
f 4363/657/3 4394/659/3 4381/660/3 4382/661/3
f 4375/662/3 4374/664/3 4397/668/3 4398/667/3
f 4357/656/5 4393/669/5 4397/659/5 4374/657/5
f 4383/656/1 4382/662/1 4381/667/1 4384/669/1
f 4376/657/8 4377/656/8 4395/669/8 4399/659/8
f 4395/668/5 4377/664/5 4378/672/5 4380/673/5
f 4356/654/6 4350/665/6 4377/670/6 4376/671/6
f 4367/668/8 4364/664/8 4383/672/8 4384/673/8
f 4364/655/6 4363/654/6 4382/665/6 4383/666/6
f 4386/656/3 4385/662/3 4400/667/3 4387/669/3
f 4373/668/1 4360/664/1 4386/672/1 4387/673/1
f 4375/657/5 4398/659/5 4400/660/5 4385/661/5
f 4390/656/5 4389/662/5 4388/667/5 4401/669/5
f 4357/654/6 4356/655/6 4389/644/6 4390/647/6
f 4393/668/3 4357/664/3 4390/672/3 4401/673/3
f 4408/643/1 4425/644/1 4418/645/1 4419/646/1
f 4409/643/3 4402/247/3 4403/647/3 4410/644/3
f 4412/647/4 4407/648/4 4410/649/4 4403/650/4
f 4407/647/1 4406/247/1 4409/651/1 4410/650/1
f 4411/643/5 4412/644/5 4403/645/5 4402/646/5
f 4425/647/8 4408/247/8 4413/651/8 4416/650/8
f 4415/647/1 4416/644/1 4413/643/1 4414/247/1
f 4407/647/4 4425/648/4 4416/649/4 4415/650/4
f 4406/643/3 4407/644/3 4415/645/3 4414/646/3
f 4418/647/8 4417/644/8 4420/643/8 4419/247/8
f 4425/649/4 4405/650/4 4417/647/4 4418/648/4
f 4405/647/5 4404/247/5 4420/651/5 4417/650/5
f 4423/643/5 4424/247/5 4421/647/5 4422/644/5
f 4412/647/3 4411/247/3 4423/651/3 4422/650/3
f 4404/643/8 4405/644/8 4421/645/8 4424/646/8
f 4405/649/4 4412/650/4 4422/647/4 4421/648/4
f 4425/644/1 4407/647/1 4429/652/1 4427/653/1
f 4429/644/6 4428/647/6 4438/654/6 4439/655/6
f 4405/644/8 4425/647/8 4427/652/8 4426/653/8
f 4407/644/3 4412/647/3 4428/652/3 4429/653/3
f 4412/644/5 4405/647/5 4426/652/5 4428/653/5
f 4426/653/8 4430/656/8 4436/657/8 4434/658/8
f 4448/657/1 4476/659/1 4471/660/1 4459/661/1
f 4430/662/5 4426/652/5 4445/663/5 4457/664/5
f 4435/653/5 4434/652/5 4436/662/5 4437/656/5
f 4428/665/6 4426/666/6 4434/655/6 4435/654/6
f 4432/662/3 4428/652/3 4435/663/3 4437/664/3
f 4436/657/8 4472/659/8 4468/660/8 4469/661/8
f 4439/653/3 4438/652/3 4455/662/3 4440/656/3
f 4428/653/5 4432/656/5 4455/657/5 4438/658/5
f 4433/662/1 4429/652/1 4439/663/1 4440/664/1
f 4474/667/1 4443/662/1 4452/664/1 4451/668/1
f 4442/653/1 4441/652/1 4443/662/1 4444/656/1
f 4431/662/8 4427/652/8 4442/663/8 4444/664/8
f 4427/644/6 4429/647/6 4441/654/6 4442/655/6
f 4429/653/3 4433/656/3 4443/657/3 4441/658/3
f 4445/653/8 4446/652/8 4448/662/8 4457/656/8
f 4472/667/5 4436/662/5 4456/664/5 4479/668/5
f 4427/653/1 4431/656/1 4448/657/1 4446/658/1
f 4426/665/6 4427/666/6 4446/655/6 4445/654/6
f 4457/654/6 4448/655/6 4459/644/6 4458/647/6
f 4440/655/6 4455/654/6 4465/665/6 4466/666/6
f 4452/657/3 4440/656/3 4453/669/3 4451/659/3
f 4431/654/6 4444/665/6 4449/670/6 4448/671/6
f 4432/670/6 4437/671/6 4454/654/6 4455/665/6
f 4458/656/8 4459/662/8 4471/667/8 4460/669/8
f 4448/662/8 4449/664/8 4450/668/8 4476/667/8
f 4443/670/6 4433/671/6 4440/654/6 4452/665/6
f 4444/656/1 4447/669/1 4450/659/1 4449/657/1
f 4443/657/3 4474/659/3 4461/660/3 4462/661/3
f 4455/662/3 4454/664/3 4477/668/3 4478/667/3
f 4437/656/5 4473/669/5 4477/659/5 4454/657/5
f 4463/656/1 4462/662/1 4461/667/1 4464/669/1
f 4456/657/8 4457/656/8 4475/669/8 4479/659/8
f 4475/668/5 4457/664/5 4458/672/5 4460/673/5
f 4436/654/6 4430/665/6 4457/670/6 4456/671/6
f 4447/668/8 4444/664/8 4463/672/8 4464/673/8
f 4444/655/6 4443/654/6 4462/665/6 4463/666/6
f 4466/656/3 4465/662/3 4480/667/3 4467/669/3
f 4453/668/1 4440/664/1 4466/672/1 4467/673/1
f 4455/657/5 4478/659/5 4480/660/5 4465/661/5
f 4470/656/5 4469/662/5 4468/667/5 4481/669/5
f 4437/654/6 4436/655/6 4469/644/6 4470/647/6
f 4473/668/3 4437/664/3 4470/672/3 4481/673/3
f 4553/674/22 4589/675/22 4588/676/22 4529/677/22
f 4486/678/5 4487/679/5 4491/680/5 4490/681/5
f 4512/682/8 4503/683/8 4504/684/8 4499/679/8 4500/678/8 4497/685/8 4498/686/8 4511/687/8
f 4487/680/3 4486/679/3 4494/678/3 4505/681/3
f 4492/678/3 4493/681/3 4509/680/3 4502/679/3
f 4491/688/6 4487/689/6 4505/684/6 4506/679/6
f 4493/679/1 4492/678/1 4484/681/1 4485/680/1
f 4488/679/8 4489/680/8 4495/681/8 4496/678/8
f 4489/680/5 4488/681/5 4500/678/5 4499/679/5
f 4482/681/1 4483/680/1 4498/679/1 4497/678/1
f 4510/683/3 4508/684/3 4485/679/3 4484/678/3 4490/685/3 4491/686/3 4506/687/3 4507/682/3
f 4483/681/8 4482/678/8 4501/679/8 4513/680/8
f 4489/688/6 4499/689/6 4504/684/6 4495/679/6
f 4509/686/1 4508/687/1 4510/682/1 4512/683/1 4511/684/1 4513/679/1 4501/678/1 4502/685/1
f 4498/684/6 4483/679/6 4513/688/6 4511/689/6
f 4493/684/6 4485/679/6 4508/688/6 4509/689/6
f 4510/690/6 4518/683/6 4519/682/6 4512/691/6
f 4517/692/8 4512/683/8 4519/693/8 4521/694/8
f 4522/683/8 4523/682/8 4525/695/8 4524/692/8
f 4519/683/23 4518/682/23 4520/695/23 4521/692/23
f 4510/682/3 4516/695/3 4520/696/3 4518/697/3
f 4510/683/6 4507/682/6 4531/691/6 4532/690/6
f 4512/690/6 4523/683/6 4522/682/6 4503/691/6
f 4515/692/24 4503/683/24 4522/693/24 4524/694/24
f 4512/682/23 4517/695/23 4525/696/23 4523/697/23
f 4527/682/25 4530/695/25 4529/696/25 4528/694/25 4588/692/25 4526/683/25
f 4503/682/8 4515/695/8 4530/696/8 4527/697/8
f 4514/692/3 4507/683/3 4526/693/3 4588/694/3
f 4532/683/3 4531/682/3 4533/695/3 4534/692/3
f 4507/682/24 4514/695/24 4533/696/24 4531/697/24
f 4516/692/23 4510/683/23 4532/693/23 4534/694/23
f 4540/698/1 4539/699/1 4543/700/1 4568/701/1
f 4579/702/3 4564/703/3 4565/704/3 4563/705/3 4583/706/3 4584/707/3 4585/689/3 4597/690/3 4595/708/3 4596/709/3
f 4550/675/5 4587/710/5 4591/711/5 4549/712/5
f 4576/713/3 4591/714/3 4587/715/3 4577/716/3
f 4541/717/8 4537/718/8 4538/719/8 4542/698/8
f 4540/699/4 4568/700/4 4570/701/4 4577/720/4 4587/675/4 4550/710/4
f 4549/710/8 4539/699/8 4540/721/8 4550/722/8
f 4536/723/1 4535/724/1 4541/717/1 4542/725/1
f 4537/718/1 4566/726/1 4569/727/1 4538/728/1
f 4529/729/8 4547/710/8 4549/722/8 4553/730/8
f 4551/711/5 4552/710/5 4549/731/5 4547/732/5
f 4551/731/8 4546/732/8 4548/711/8 4552/710/8
f 4544/725/5 4545/732/5 4548/733/5 4546/723/5
f 4556/734/8 4554/735/8 4555/736/8 4557/705/8
f 4560/735/3 4562/734/3 4563/705/3 4561/736/3
f 4555/705/1 4554/736/1 4560/735/1 4561/734/1
f 4556/735/5 4557/736/5 4563/705/5 4562/734/5
f 4560/734/6 4554/735/6 4556/736/6 4562/705/6
f 4555/736/4 4561/735/4 4563/734/4 4557/705/4
f 4564/704/6 4558/737/6 4559/738/6 4565/703/6
f 4559/704/1 4557/705/1 4563/706/1 4565/739/1
f 4570/740/1 4571/701/1 4576/720/1 4577/741/1
f 4543/742/3 4571/743/3 4570/700/3 4568/701/3
f 4566/700/3 4567/744/3 4573/726/3 4569/727/3
f 4573/720/1 4567/727/1 4572/745/1 4574/746/1
f 4572/747/3 4575/748/3 4578/712/3 4574/675/3
f 4559/704/8 4558/703/8 4575/749/8 4590/708/8 4593/690/8 4582/689/8 4581/707/8 4580/706/8 4557/705/8
f 4580/706/5 4581/707/5 4584/750/5 4583/705/5
f 4584/689/6 4581/751/6 4582/739/6 4585/707/6
f 4586/700/3 4588/744/3 4589/726/3 4591/727/3
f 4586/752/5 4591/753/5 4594/675/5 4593/712/5
f 4590/675/3 4593/712/3 4594/752/3 4592/753/3
f 4590/708/5 4592/709/5 4596/754/5 4595/755/5
f 4590/756/4 4595/683/4 4597/690/4 4593/708/4
f 4563/706/6 4557/707/6 4580/750/6 4583/705/6
f 4544/733/8 4535/724/8 4536/717/8 4545/732/8
f 4539/699/4 4549/710/4 4552/731/4 4548/732/4 4545/733/4 4536/724/4 4542/717/4 4538/718/4 4569/726/4 4573/727/4 4574/745/4 4578/746/4 4579/757/4 4596/738/4 4592/752/4 4594/753/4 4591/675/4 4576/720/4 4571/701/4 4543/700/4
f 4558/703/1 4564/704/1 4579/754/1 4578/702/1 4575/749/1
f 4582/689/5 4593/690/5 4597/708/5 4585/707/5
f 4549/710/4 4591/675/4 4589/676/4 4553/729/4
f 4520/676/26 4516/758/26 4534/759/26 4533/760/26 4514/761/26 4588/762/26 4528/763/26 4529/764/26 4530/765/26 4515/766/26 4524/767/26 4525/768/26 4517/769/26 4521/770/26
f 4503/682/6 4527/691/6 4526/690/6 4507/683/6
f 4492/771/6 4502/772/6 4501/773/6 4482/774/6 4497/775/6 4500/776/6 4488/777/6 4496/778/6 4494/779/6 4486/780/6 4490/781/6 4484/782/6
f 4506/684/5 4505/679/5 4494/678/5 4496/685/5 4495/686/5 4504/687/5 4503/682/5 4507/683/5
f 4669/674/22 4705/675/22 4704/676/22 4645/677/22
f 4602/678/5 4603/679/5 4607/680/5 4606/681/5
f 4628/682/8 4619/683/8 4620/684/8 4615/679/8 4616/678/8 4613/685/8 4614/686/8 4627/687/8
f 4603/680/3 4602/679/3 4610/678/3 4621/681/3
f 4608/678/3 4609/681/3 4625/680/3 4618/679/3
f 4607/688/6 4603/689/6 4621/684/6 4622/679/6
f 4609/679/1 4608/678/1 4600/681/1 4601/680/1
f 4604/679/8 4605/680/8 4611/681/8 4612/678/8
f 4605/680/5 4604/681/5 4616/678/5 4615/679/5
f 4598/681/1 4599/680/1 4614/679/1 4613/678/1
f 4626/683/3 4624/684/3 4601/679/3 4600/678/3 4606/685/3 4607/686/3 4622/687/3 4623/682/3
f 4599/681/8 4598/678/8 4617/679/8 4629/680/8
f 4605/688/6 4615/689/6 4620/684/6 4611/679/6
f 4625/686/1 4624/687/1 4626/682/1 4628/683/1 4627/684/1 4629/679/1 4617/678/1 4618/685/1
f 4614/684/6 4599/679/6 4629/688/6 4627/689/6
f 4609/684/6 4601/679/6 4624/688/6 4625/689/6
f 4626/690/6 4634/683/6 4635/682/6 4628/691/6
f 4633/692/8 4628/683/8 4635/693/8 4637/694/8
f 4638/683/8 4639/682/8 4641/695/8 4640/692/8
f 4635/683/23 4634/682/23 4636/695/23 4637/692/23
f 4626/682/3 4632/695/3 4636/696/3 4634/697/3
f 4626/683/6 4623/682/6 4647/691/6 4648/690/6
f 4628/690/6 4639/683/6 4638/682/6 4619/691/6
f 4631/692/24 4619/683/24 4638/693/24 4640/694/24
f 4628/682/23 4633/695/23 4641/696/23 4639/697/23
f 4643/682/25 4646/695/25 4645/696/25 4644/694/25 4704/692/25 4642/683/25
f 4619/682/8 4631/695/8 4646/696/8 4643/697/8
f 4630/692/3 4623/683/3 4642/693/3 4704/694/3
f 4648/683/3 4647/682/3 4649/695/3 4650/692/3
f 4623/682/24 4630/695/24 4649/696/24 4647/697/24
f 4632/692/23 4626/683/23 4648/693/23 4650/694/23
f 4656/698/1 4655/699/1 4659/700/1 4684/701/1
f 4695/702/3 4680/703/3 4681/704/3 4679/705/3 4699/706/3 4700/707/3 4701/689/3 4713/690/3 4711/708/3 4712/709/3
f 4666/675/5 4703/710/5 4707/711/5 4665/712/5
f 4692/713/3 4707/714/3 4703/715/3 4693/716/3
f 4657/717/8 4653/718/8 4654/719/8 4658/698/8
f 4656/699/4 4684/700/4 4686/701/4 4693/720/4 4703/675/4 4666/710/4
f 4665/710/8 4655/699/8 4656/721/8 4666/722/8
f 4652/723/1 4651/724/1 4657/717/1 4658/725/1
f 4653/718/1 4682/726/1 4685/727/1 4654/728/1
f 4645/729/8 4663/710/8 4665/722/8 4669/730/8
f 4667/711/5 4668/710/5 4665/731/5 4663/732/5
f 4667/731/8 4662/732/8 4664/711/8 4668/710/8
f 4660/725/5 4661/732/5 4664/733/5 4662/723/5
f 4672/734/8 4670/735/8 4671/736/8 4673/705/8
f 4676/735/3 4678/734/3 4679/705/3 4677/736/3
f 4671/705/1 4670/736/1 4676/735/1 4677/734/1
f 4672/735/5 4673/736/5 4679/705/5 4678/734/5
f 4676/734/6 4670/735/6 4672/736/6 4678/705/6
f 4671/736/4 4677/735/4 4679/734/4 4673/705/4
f 4680/704/6 4674/737/6 4675/738/6 4681/703/6
f 4675/704/1 4673/705/1 4679/706/1 4681/739/1
f 4686/740/1 4687/701/1 4692/720/1 4693/741/1
f 4659/742/3 4687/743/3 4686/700/3 4684/701/3
f 4682/700/3 4683/744/3 4689/726/3 4685/727/3
f 4689/720/1 4683/727/1 4688/745/1 4690/746/1
f 4688/747/3 4691/748/3 4694/712/3 4690/675/3
f 4675/704/8 4674/703/8 4691/749/8 4706/708/8 4709/690/8 4698/689/8 4697/707/8 4696/706/8 4673/705/8
f 4696/706/5 4697/707/5 4700/750/5 4699/705/5
f 4700/689/6 4697/751/6 4698/739/6 4701/707/6
f 4702/700/3 4704/744/3 4705/726/3 4707/727/3
f 4702/752/5 4707/753/5 4710/675/5 4709/712/5
f 4706/675/3 4709/712/3 4710/752/3 4708/753/3
f 4706/708/5 4708/709/5 4712/754/5 4711/755/5
f 4706/756/4 4711/683/4 4713/690/4 4709/708/4
f 4679/706/6 4673/707/6 4696/750/6 4699/705/6
f 4660/733/8 4651/724/8 4652/717/8 4661/732/8
f 4655/699/4 4665/710/4 4668/731/4 4664/732/4 4661/733/4 4652/724/4 4658/717/4 4654/718/4 4685/726/4 4689/727/4 4690/745/4 4694/746/4 4695/757/4 4712/738/4 4708/752/4 4710/753/4 4707/675/4 4692/720/4 4687/701/4 4659/700/4
f 4674/703/1 4680/704/1 4695/754/1 4694/702/1 4691/749/1
f 4698/689/5 4709/690/5 4713/708/5 4701/707/5
f 4665/710/4 4707/675/4 4705/676/4 4669/729/4
f 4636/676/26 4632/758/26 4650/759/26 4649/760/26 4630/761/26 4704/762/26 4644/763/26 4645/764/26 4646/765/26 4631/766/26 4640/767/26 4641/768/26 4633/769/26 4637/770/26
f 4619/682/6 4643/691/6 4642/690/6 4623/683/6
f 4608/771/6 4618/772/6 4617/773/6 4598/774/6 4613/775/6 4616/776/6 4604/777/6 4612/778/6 4610/779/6 4602/780/6 4606/781/6 4600/782/6
f 4622/684/5 4621/679/5 4610/678/5 4612/685/5 4611/686/5 4620/687/5 4619/682/5 4623/683/5
f 4785/674/22 4821/675/22 4820/676/22 4761/677/22
f 4718/678/5 4719/679/5 4723/680/5 4722/681/5
f 4744/682/8 4735/683/8 4736/684/8 4731/679/8 4732/678/8 4729/685/8 4730/686/8 4743/687/8
f 4719/680/3 4718/679/3 4726/678/3 4737/681/3
f 4724/678/3 4725/681/3 4741/680/3 4734/679/3
f 4723/688/6 4719/689/6 4737/684/6 4738/679/6
f 4725/679/1 4724/678/1 4716/681/1 4717/680/1
f 4720/679/8 4721/680/8 4727/681/8 4728/678/8
f 4721/680/5 4720/681/5 4732/678/5 4731/679/5
f 4714/681/1 4715/680/1 4730/679/1 4729/678/1
f 4742/683/3 4740/684/3 4717/679/3 4716/678/3 4722/685/3 4723/686/3 4738/687/3 4739/682/3
f 4715/681/8 4714/678/8 4733/679/8 4745/680/8
f 4721/688/6 4731/689/6 4736/684/6 4727/679/6
f 4741/686/1 4740/687/1 4742/682/1 4744/683/1 4743/684/1 4745/679/1 4733/678/1 4734/685/1
f 4730/684/6 4715/679/6 4745/688/6 4743/689/6
f 4725/684/6 4717/679/6 4740/688/6 4741/689/6
f 4742/690/6 4750/683/6 4751/682/6 4744/691/6
f 4749/692/8 4744/683/8 4751/693/8 4753/694/8
f 4754/683/8 4755/682/8 4757/695/8 4756/692/8
f 4751/683/23 4750/682/23 4752/695/23 4753/692/23
f 4742/682/3 4748/695/3 4752/696/3 4750/697/3
f 4742/683/6 4739/682/6 4763/691/6 4764/690/6
f 4744/690/6 4755/683/6 4754/682/6 4735/691/6
f 4747/692/24 4735/683/24 4754/693/24 4756/694/24
f 4744/682/23 4749/695/23 4757/696/23 4755/697/23
f 4759/682/25 4762/695/25 4761/696/25 4760/694/25 4820/692/25 4758/683/25
f 4735/682/8 4747/695/8 4762/696/8 4759/697/8
f 4746/692/3 4739/683/3 4758/693/3 4820/694/3
f 4764/683/3 4763/682/3 4765/695/3 4766/692/3
f 4739/682/24 4746/695/24 4765/696/24 4763/697/24
f 4748/692/23 4742/683/23 4764/693/23 4766/694/23
f 4772/698/1 4771/699/1 4775/700/1 4800/701/1
f 4811/702/3 4796/703/3 4797/704/3 4795/705/3 4815/706/3 4816/707/3 4817/689/3 4829/690/3 4827/708/3 4828/709/3
f 4782/675/5 4819/710/5 4823/711/5 4781/712/5
f 4808/713/3 4823/714/3 4819/715/3 4809/716/3
f 4773/717/8 4769/718/8 4770/719/8 4774/698/8
f 4772/699/4 4800/700/4 4802/701/4 4809/720/4 4819/675/4 4782/710/4
f 4781/710/8 4771/699/8 4772/721/8 4782/722/8
f 4768/723/1 4767/724/1 4773/717/1 4774/725/1
f 4769/718/1 4798/726/1 4801/727/1 4770/728/1
f 4761/729/8 4779/710/8 4781/722/8 4785/730/8
f 4783/711/5 4784/710/5 4781/731/5 4779/732/5
f 4783/731/8 4778/732/8 4780/711/8 4784/710/8
f 4776/725/5 4777/732/5 4780/733/5 4778/723/5
f 4788/734/8 4786/735/8 4787/736/8 4789/705/8
f 4792/735/3 4794/734/3 4795/705/3 4793/736/3
f 4787/705/1 4786/736/1 4792/735/1 4793/734/1
f 4788/735/5 4789/736/5 4795/705/5 4794/734/5
f 4792/734/6 4786/735/6 4788/736/6 4794/705/6
f 4787/736/4 4793/735/4 4795/734/4 4789/705/4
f 4796/704/6 4790/737/6 4791/738/6 4797/703/6
f 4791/704/1 4789/705/1 4795/706/1 4797/739/1
f 4802/740/1 4803/701/1 4808/720/1 4809/741/1
f 4775/742/3 4803/743/3 4802/700/3 4800/701/3
f 4798/700/3 4799/744/3 4805/726/3 4801/727/3
f 4805/720/1 4799/727/1 4804/745/1 4806/746/1
f 4804/747/3 4807/748/3 4810/712/3 4806/675/3
f 4791/704/8 4790/703/8 4807/749/8 4822/708/8 4825/690/8 4814/689/8 4813/707/8 4812/706/8 4789/705/8
f 4812/706/5 4813/707/5 4816/750/5 4815/705/5
f 4816/689/6 4813/751/6 4814/739/6 4817/707/6
f 4818/700/3 4820/744/3 4821/726/3 4823/727/3
f 4818/752/5 4823/753/5 4826/675/5 4825/712/5
f 4822/675/3 4825/712/3 4826/752/3 4824/753/3
f 4822/708/5 4824/709/5 4828/754/5 4827/755/5
f 4822/756/4 4827/683/4 4829/690/4 4825/708/4
f 4795/706/6 4789/707/6 4812/750/6 4815/705/6
f 4776/733/8 4767/724/8 4768/717/8 4777/732/8
f 4771/699/4 4781/710/4 4784/731/4 4780/732/4 4777/733/4 4768/724/4 4774/717/4 4770/718/4 4801/726/4 4805/727/4 4806/745/4 4810/746/4 4811/757/4 4828/738/4 4824/752/4 4826/753/4 4823/675/4 4808/720/4 4803/701/4 4775/700/4
f 4790/703/1 4796/704/1 4811/754/1 4810/702/1 4807/749/1
f 4814/689/5 4825/690/5 4829/708/5 4817/707/5
f 4781/710/4 4823/675/4 4821/676/4 4785/729/4
f 4752/676/26 4748/758/26 4766/759/26 4765/760/26 4746/761/26 4820/762/26 4760/763/26 4761/764/26 4762/765/26 4747/766/26 4756/767/26 4757/768/26 4749/769/26 4753/770/26
f 4735/682/6 4759/691/6 4758/690/6 4739/683/6
f 4724/771/6 4734/772/6 4733/773/6 4714/774/6 4729/775/6 4732/776/6 4720/777/6 4728/778/6 4726/779/6 4718/780/6 4722/781/6 4716/782/6
f 4738/684/5 4737/679/5 4726/678/5 4728/685/5 4727/686/5 4736/687/5 4735/682/5 4739/683/5
f 4901/674/27 4937/675/27 4936/676/27 4877/677/27
f 4834/678/8 4835/679/8 4839/680/8 4838/681/8
f 4860/682/1 4851/683/1 4852/684/1 4847/679/1 4848/678/1 4845/685/1 4846/686/1 4859/687/1
f 4835/680/5 4834/679/5 4842/678/5 4853/681/5
f 4840/678/5 4841/681/5 4857/680/5 4850/679/5
f 4839/688/6 4835/689/6 4853/684/6 4854/679/6
f 4841/679/3 4840/678/3 4832/681/3 4833/680/3
f 4836/679/1 4837/680/1 4843/681/1 4844/678/1
f 4837/680/8 4836/681/8 4848/678/8 4847/679/8
f 4830/681/3 4831/680/3 4846/679/3 4845/678/3
f 4858/683/5 4856/684/5 4833/679/5 4832/678/5 4838/685/5 4839/686/5 4854/687/5 4855/682/5
f 4831/681/1 4830/678/1 4849/679/1 4861/680/1
f 4837/688/6 4847/689/6 4852/684/6 4843/679/6
f 4857/686/3 4856/687/3 4858/682/3 4860/683/3 4859/684/3 4861/679/3 4849/678/3 4850/685/3
f 4846/684/6 4831/679/6 4861/688/6 4859/689/6
f 4841/684/6 4833/679/6 4856/688/6 4857/689/6
f 4858/690/6 4866/683/6 4867/682/6 4860/691/6
f 4865/692/1 4860/683/1 4867/693/1 4869/694/1
f 4870/683/1 4871/682/1 4873/695/1 4872/692/1
f 4867/683/28 4866/682/28 4868/695/28 4869/692/28
f 4858/682/5 4864/695/5 4868/696/5 4866/697/5
f 4858/683/6 4855/682/6 4879/691/6 4880/690/6
f 4860/690/6 4871/683/6 4870/682/6 4851/691/6
f 4863/692/29 4851/683/29 4870/693/29 4872/694/29
f 4860/682/28 4865/695/28 4873/696/28 4871/697/28
f 4875/682/30 4878/695/30 4877/696/30 4876/694/30 4936/692/30 4874/683/30
f 4851/682/1 4863/695/1 4878/696/1 4875/697/1
f 4862/692/5 4855/683/5 4874/693/5 4936/694/5
f 4880/683/5 4879/682/5 4881/695/5 4882/692/5
f 4855/682/29 4862/695/29 4881/696/29 4879/697/29
f 4864/692/28 4858/683/28 4880/693/28 4882/694/28
f 4888/698/3 4887/699/3 4891/700/3 4916/701/3
f 4927/702/5 4912/703/5 4913/704/5 4911/705/5 4931/706/5 4932/707/5 4933/689/5 4945/690/5 4943/708/5 4944/709/5
f 4898/675/8 4935/710/8 4939/711/8 4897/712/8
f 4924/713/5 4939/714/5 4935/715/5 4925/716/5
f 4889/717/1 4885/718/1 4886/719/1 4890/698/1
f 4888/699/4 4916/700/4 4918/701/4 4925/720/4 4935/675/4 4898/710/4
f 4897/710/1 4887/699/1 4888/721/1 4898/722/1
f 4884/723/3 4883/724/3 4889/717/3 4890/725/3
f 4885/718/3 4914/726/3 4917/727/3 4886/728/3
f 4877/729/1 4895/710/1 4897/722/1 4901/730/1
f 4899/711/8 4900/710/8 4897/731/8 4895/732/8
f 4899/731/1 4894/732/1 4896/711/1 4900/710/1
f 4892/725/8 4893/732/8 4896/733/8 4894/723/8
f 4904/734/1 4902/735/1 4903/736/1 4905/705/1
f 4908/735/5 4910/734/5 4911/705/5 4909/736/5
f 4903/705/3 4902/736/3 4908/735/3 4909/734/3
f 4904/735/8 4905/736/8 4911/705/8 4910/734/8
f 4908/734/6 4902/735/6 4904/736/6 4910/705/6
f 4903/736/4 4909/735/4 4911/734/4 4905/705/4
f 4912/704/6 4906/737/6 4907/738/6 4913/703/6
f 4907/704/3 4905/705/3 4911/706/3 4913/739/3
f 4918/740/3 4919/701/3 4924/720/3 4925/741/3
f 4891/742/5 4919/743/5 4918/700/5 4916/701/5
f 4914/700/5 4915/744/5 4921/726/5 4917/727/5
f 4921/720/3 4915/727/3 4920/745/3 4922/746/3
f 4920/747/5 4923/748/5 4926/712/5 4922/675/5
f 4907/704/1 4906/703/1 4923/749/1 4938/708/1 4941/690/1 4930/689/1 4929/707/1 4928/706/1 4905/705/1
f 4928/706/8 4929/707/8 4932/750/8 4931/705/8
f 4932/689/6 4929/751/6 4930/739/6 4933/707/6
f 4934/700/5 4936/744/5 4937/726/5 4939/727/5
f 4934/752/8 4939/753/8 4942/675/8 4941/712/8
f 4938/675/5 4941/712/5 4942/752/5 4940/753/5
f 4938/708/8 4940/709/8 4944/754/8 4943/755/8
f 4938/756/4 4943/683/4 4945/690/4 4941/708/4
f 4911/706/6 4905/707/6 4928/750/6 4931/705/6
f 4892/733/1 4883/724/1 4884/717/1 4893/732/1
f 4887/699/4 4897/710/4 4900/731/4 4896/732/4 4893/733/4 4884/724/4 4890/717/4 4886/718/4 4917/726/4 4921/727/4 4922/745/4 4926/746/4 4927/757/4 4944/738/4 4940/752/4 4942/753/4 4939/675/4 4924/720/4 4919/701/4 4891/700/4
f 4906/703/3 4912/704/3 4927/754/3 4926/702/3 4923/749/3
f 4930/689/8 4941/690/8 4945/708/8 4933/707/8
f 4897/710/4 4939/675/4 4937/676/4 4901/729/4
f 4868/676/31 4864/758/31 4882/759/31 4881/760/31 4862/761/31 4936/762/31 4876/763/31 4877/764/31 4878/765/31 4863/766/31 4872/767/31 4873/768/31 4865/769/31 4869/770/31
f 4851/682/6 4875/691/6 4874/690/6 4855/683/6
f 4840/771/6 4850/772/6 4849/773/6 4830/774/6 4845/775/6 4848/776/6 4836/777/6 4844/778/6 4842/779/6 4834/780/6 4838/781/6 4832/782/6
f 4854/684/8 4853/679/8 4842/678/8 4844/685/8 4843/686/8 4852/687/8 4851/682/8 4855/683/8
f 5017/674/27 5053/675/27 5052/676/27 4993/677/27
f 4950/678/8 4951/679/8 4955/680/8 4954/681/8
f 4976/682/1 4967/683/1 4968/684/1 4963/679/1 4964/678/1 4961/685/1 4962/686/1 4975/687/1
f 4951/680/5 4950/679/5 4958/678/5 4969/681/5
f 4956/678/5 4957/681/5 4973/680/5 4966/679/5
f 4955/688/6 4951/689/6 4969/684/6 4970/679/6
f 4957/679/3 4956/678/3 4948/681/3 4949/680/3
f 4952/679/1 4953/680/1 4959/681/1 4960/678/1
f 4953/680/8 4952/681/8 4964/678/8 4963/679/8
f 4946/681/3 4947/680/3 4962/679/3 4961/678/3
f 4974/683/5 4972/684/5 4949/679/5 4948/678/5 4954/685/5 4955/686/5 4970/687/5 4971/682/5
f 4947/681/1 4946/678/1 4965/679/1 4977/680/1
f 4953/688/6 4963/689/6 4968/684/6 4959/679/6
f 4973/686/3 4972/687/3 4974/682/3 4976/683/3 4975/684/3 4977/679/3 4965/678/3 4966/685/3
f 4962/684/6 4947/679/6 4977/688/6 4975/689/6
f 4957/684/6 4949/679/6 4972/688/6 4973/689/6
f 4974/690/6 4982/683/6 4983/682/6 4976/691/6
f 4981/692/1 4976/683/1 4983/693/1 4985/694/1
f 4986/683/1 4987/682/1 4989/695/1 4988/692/1
f 4983/683/28 4982/682/28 4984/695/28 4985/692/28
f 4974/682/5 4980/695/5 4984/696/5 4982/697/5
f 4974/683/6 4971/682/6 4995/691/6 4996/690/6
f 4976/690/6 4987/683/6 4986/682/6 4967/691/6
f 4979/692/29 4967/683/29 4986/693/29 4988/694/29
f 4976/682/28 4981/695/28 4989/696/28 4987/697/28
f 4991/682/30 4994/695/30 4993/696/30 4992/694/30 5052/692/30 4990/683/30
f 4967/682/1 4979/695/1 4994/696/1 4991/697/1
f 4978/692/5 4971/683/5 4990/693/5 5052/694/5
f 4996/683/5 4995/682/5 4997/695/5 4998/692/5
f 4971/682/29 4978/695/29 4997/696/29 4995/697/29
f 4980/692/28 4974/683/28 4996/693/28 4998/694/28
f 5004/698/3 5003/699/3 5007/700/3 5032/701/3
f 5043/702/5 5028/703/5 5029/704/5 5027/705/5 5047/706/5 5048/707/5 5049/689/5 5061/690/5 5059/708/5 5060/709/5
f 5014/675/8 5051/710/8 5055/711/8 5013/712/8
f 5040/713/5 5055/714/5 5051/715/5 5041/716/5
f 5005/717/1 5001/718/1 5002/719/1 5006/698/1
f 5004/699/4 5032/700/4 5034/701/4 5041/720/4 5051/675/4 5014/710/4
f 5013/710/1 5003/699/1 5004/721/1 5014/722/1
f 5000/723/3 4999/724/3 5005/717/3 5006/725/3
f 5001/718/3 5030/726/3 5033/727/3 5002/728/3
f 4993/729/1 5011/710/1 5013/722/1 5017/730/1
f 5015/711/8 5016/710/8 5013/731/8 5011/732/8
f 5015/731/1 5010/732/1 5012/711/1 5016/710/1
f 5008/725/8 5009/732/8 5012/733/8 5010/723/8
f 5020/734/1 5018/735/1 5019/736/1 5021/705/1
f 5024/735/5 5026/734/5 5027/705/5 5025/736/5
f 5019/705/3 5018/736/3 5024/735/3 5025/734/3
f 5020/735/8 5021/736/8 5027/705/8 5026/734/8
f 5024/734/6 5018/735/6 5020/736/6 5026/705/6
f 5019/736/4 5025/735/4 5027/734/4 5021/705/4
f 5028/704/6 5022/737/6 5023/738/6 5029/703/6
f 5023/704/3 5021/705/3 5027/706/3 5029/739/3
f 5034/740/3 5035/701/3 5040/720/3 5041/741/3
f 5007/742/5 5035/743/5 5034/700/5 5032/701/5
f 5030/700/5 5031/744/5 5037/726/5 5033/727/5
f 5037/720/3 5031/727/3 5036/745/3 5038/746/3
f 5036/747/5 5039/748/5 5042/712/5 5038/675/5
f 5023/704/1 5022/703/1 5039/749/1 5054/708/1 5057/690/1 5046/689/1 5045/707/1 5044/706/1 5021/705/1
f 5044/706/8 5045/707/8 5048/750/8 5047/705/8
f 5048/689/6 5045/751/6 5046/739/6 5049/707/6
f 5050/700/5 5052/744/5 5053/726/5 5055/727/5
f 5050/752/8 5055/753/8 5058/675/8 5057/712/8
f 5054/675/5 5057/712/5 5058/752/5 5056/753/5
f 5054/708/8 5056/709/8 5060/754/8 5059/755/8
f 5054/756/4 5059/683/4 5061/690/4 5057/708/4
f 5027/706/6 5021/707/6 5044/750/6 5047/705/6
f 5008/733/1 4999/724/1 5000/717/1 5009/732/1
f 5003/699/4 5013/710/4 5016/731/4 5012/732/4 5009/733/4 5000/724/4 5006/717/4 5002/718/4 5033/726/4 5037/727/4 5038/745/4 5042/746/4 5043/757/4 5060/738/4 5056/752/4 5058/753/4 5055/675/4 5040/720/4 5035/701/4 5007/700/4
f 5022/703/3 5028/704/3 5043/754/3 5042/702/3 5039/749/3
f 5046/689/8 5057/690/8 5061/708/8 5049/707/8
f 5013/710/4 5055/675/4 5053/676/4 5017/729/4
f 4984/676/31 4980/758/31 4998/759/31 4997/760/31 4978/761/31 5052/762/31 4992/763/31 4993/764/31 4994/765/31 4979/766/31 4988/767/31 4989/768/31 4981/769/31 4985/770/31
f 4967/682/6 4991/691/6 4990/690/6 4971/683/6
f 4956/771/6 4966/772/6 4965/773/6 4946/774/6 4961/775/6 4964/776/6 4952/777/6 4960/778/6 4958/779/6 4950/780/6 4954/781/6 4948/782/6
f 4970/684/8 4969/679/8 4958/678/8 4960/685/8 4959/686/8 4968/687/8 4967/682/8 4971/683/8
f 5133/674/27 5169/675/27 5168/676/27 5109/677/27
f 5066/678/8 5067/679/8 5071/680/8 5070/681/8
f 5092/682/1 5083/683/1 5084/684/1 5079/679/1 5080/678/1 5077/685/1 5078/686/1 5091/687/1
f 5067/680/5 5066/679/5 5074/678/5 5085/681/5
f 5072/678/5 5073/681/5 5089/680/5 5082/679/5
f 5071/688/6 5067/689/6 5085/684/6 5086/679/6
f 5073/679/3 5072/678/3 5064/681/3 5065/680/3
f 5068/679/1 5069/680/1 5075/681/1 5076/678/1
f 5069/680/8 5068/681/8 5080/678/8 5079/679/8
f 5062/681/3 5063/680/3 5078/679/3 5077/678/3
f 5090/683/5 5088/684/5 5065/679/5 5064/678/5 5070/685/5 5071/686/5 5086/687/5 5087/682/5
f 5063/681/1 5062/678/1 5081/679/1 5093/680/1
f 5069/688/6 5079/689/6 5084/684/6 5075/679/6
f 5089/686/3 5088/687/3 5090/682/3 5092/683/3 5091/684/3 5093/679/3 5081/678/3 5082/685/3
f 5078/684/6 5063/679/6 5093/688/6 5091/689/6
f 5073/684/6 5065/679/6 5088/688/6 5089/689/6
f 5090/690/6 5098/683/6 5099/682/6 5092/691/6
f 5097/692/1 5092/683/1 5099/693/1 5101/694/1
f 5102/683/1 5103/682/1 5105/695/1 5104/692/1
f 5099/683/28 5098/682/28 5100/695/28 5101/692/28
f 5090/682/5 5096/695/5 5100/696/5 5098/697/5
f 5090/683/6 5087/682/6 5111/691/6 5112/690/6
f 5092/690/6 5103/683/6 5102/682/6 5083/691/6
f 5095/692/29 5083/683/29 5102/693/29 5104/694/29
f 5092/682/28 5097/695/28 5105/696/28 5103/697/28
f 5107/682/30 5110/695/30 5109/696/30 5108/694/30 5168/692/30 5106/683/30
f 5083/682/1 5095/695/1 5110/696/1 5107/697/1
f 5094/692/5 5087/683/5 5106/693/5 5168/694/5
f 5112/683/5 5111/682/5 5113/695/5 5114/692/5
f 5087/682/29 5094/695/29 5113/696/29 5111/697/29
f 5096/692/28 5090/683/28 5112/693/28 5114/694/28
f 5120/698/3 5119/699/3 5123/700/3 5148/701/3
f 5159/702/5 5144/703/5 5145/704/5 5143/705/5 5163/706/5 5164/707/5 5165/689/5 5177/690/5 5175/708/5 5176/709/5
f 5130/675/8 5167/710/8 5171/711/8 5129/712/8
f 5156/713/5 5171/714/5 5167/715/5 5157/716/5
f 5121/717/1 5117/718/1 5118/719/1 5122/698/1
f 5120/699/4 5148/700/4 5150/701/4 5157/720/4 5167/675/4 5130/710/4
f 5129/710/1 5119/699/1 5120/721/1 5130/722/1
f 5116/723/3 5115/724/3 5121/717/3 5122/725/3
f 5117/718/3 5146/726/3 5149/727/3 5118/728/3
f 5109/729/1 5127/710/1 5129/722/1 5133/730/1
f 5131/711/8 5132/710/8 5129/731/8 5127/732/8
f 5131/731/1 5126/732/1 5128/711/1 5132/710/1
f 5124/725/8 5125/732/8 5128/733/8 5126/723/8
f 5136/734/1 5134/735/1 5135/736/1 5137/705/1
f 5140/735/5 5142/734/5 5143/705/5 5141/736/5
f 5135/705/3 5134/736/3 5140/735/3 5141/734/3
f 5136/735/8 5137/736/8 5143/705/8 5142/734/8
f 5140/734/6 5134/735/6 5136/736/6 5142/705/6
f 5135/736/4 5141/735/4 5143/734/4 5137/705/4
f 5144/704/6 5138/737/6 5139/738/6 5145/703/6
f 5139/704/3 5137/705/3 5143/706/3 5145/739/3
f 5150/740/3 5151/701/3 5156/720/3 5157/741/3
f 5123/742/5 5151/743/5 5150/700/5 5148/701/5
f 5146/700/5 5147/744/5 5153/726/5 5149/727/5
f 5153/720/3 5147/727/3 5152/745/3 5154/746/3
f 5152/747/5 5155/748/5 5158/712/5 5154/675/5
f 5139/704/1 5138/703/1 5155/749/1 5170/708/1 5173/690/1 5162/689/1 5161/707/1 5160/706/1 5137/705/1
f 5160/706/8 5161/707/8 5164/750/8 5163/705/8
f 5164/689/6 5161/751/6 5162/739/6 5165/707/6
f 5166/700/5 5168/744/5 5169/726/5 5171/727/5
f 5166/752/8 5171/753/8 5174/675/8 5173/712/8
f 5170/675/5 5173/712/5 5174/752/5 5172/753/5
f 5170/708/8 5172/709/8 5176/754/8 5175/755/8
f 5170/756/4 5175/683/4 5177/690/4 5173/708/4
f 5143/706/6 5137/707/6 5160/750/6 5163/705/6
f 5124/733/1 5115/724/1 5116/717/1 5125/732/1
f 5119/699/4 5129/710/4 5132/731/4 5128/732/4 5125/733/4 5116/724/4 5122/717/4 5118/718/4 5149/726/4 5153/727/4 5154/745/4 5158/746/4 5159/757/4 5176/738/4 5172/752/4 5174/753/4 5171/675/4 5156/720/4 5151/701/4 5123/700/4
f 5138/703/3 5144/704/3 5159/754/3 5158/702/3 5155/749/3
f 5162/689/8 5173/690/8 5177/708/8 5165/707/8
f 5129/710/4 5171/675/4 5169/676/4 5133/729/4
f 5100/676/31 5096/758/31 5114/759/31 5113/760/31 5094/761/31 5168/762/31 5108/763/31 5109/764/31 5110/765/31 5095/766/31 5104/767/31 5105/768/31 5097/769/31 5101/770/31
f 5083/682/6 5107/691/6 5106/690/6 5087/683/6
f 5072/771/6 5082/772/6 5081/773/6 5062/774/6 5077/775/6 5080/776/6 5068/777/6 5076/778/6 5074/779/6 5066/780/6 5070/781/6 5064/782/6
f 5086/684/8 5085/679/8 5074/678/8 5076/685/8 5075/686/8 5084/687/8 5083/682/8 5087/683/8
f 5249/674/27 5285/675/27 5284/676/27 5225/677/27
f 5182/678/8 5183/679/8 5187/680/8 5186/681/8
f 5208/682/1 5199/683/1 5200/684/1 5195/679/1 5196/678/1 5193/685/1 5194/686/1 5207/687/1
f 5183/680/5 5182/679/5 5190/678/5 5201/681/5
f 5188/678/5 5189/681/5 5205/680/5 5198/679/5
f 5187/688/6 5183/689/6 5201/684/6 5202/679/6
f 5189/679/3 5188/678/3 5180/681/3 5181/680/3
f 5184/679/1 5185/680/1 5191/681/1 5192/678/1
f 5185/680/8 5184/681/8 5196/678/8 5195/679/8
f 5178/681/3 5179/680/3 5194/679/3 5193/678/3
f 5206/683/5 5204/684/5 5181/679/5 5180/678/5 5186/685/5 5187/686/5 5202/687/5 5203/682/5
f 5179/681/1 5178/678/1 5197/679/1 5209/680/1
f 5185/688/6 5195/689/6 5200/684/6 5191/679/6
f 5205/686/3 5204/687/3 5206/682/3 5208/683/3 5207/684/3 5209/679/3 5197/678/3 5198/685/3
f 5194/684/6 5179/679/6 5209/688/6 5207/689/6
f 5189/684/6 5181/679/6 5204/688/6 5205/689/6
f 5206/690/6 5214/683/6 5215/682/6 5208/691/6
f 5213/692/1 5208/683/1 5215/693/1 5217/694/1
f 5218/683/1 5219/682/1 5221/695/1 5220/692/1
f 5215/683/28 5214/682/28 5216/695/28 5217/692/28
f 5206/682/5 5212/695/5 5216/696/5 5214/697/5
f 5206/683/6 5203/682/6 5227/691/6 5228/690/6
f 5208/690/6 5219/683/6 5218/682/6 5199/691/6
f 5211/692/29 5199/683/29 5218/693/29 5220/694/29
f 5208/682/28 5213/695/28 5221/696/28 5219/697/28
f 5223/682/30 5226/695/30 5225/696/30 5224/694/30 5284/692/30 5222/683/30
f 5199/682/1 5211/695/1 5226/696/1 5223/697/1
f 5210/692/5 5203/683/5 5222/693/5 5284/694/5
f 5228/683/5 5227/682/5 5229/695/5 5230/692/5
f 5203/682/29 5210/695/29 5229/696/29 5227/697/29
f 5212/692/28 5206/683/28 5228/693/28 5230/694/28
f 5236/698/3 5235/699/3 5239/700/3 5264/701/3
f 5275/702/5 5260/703/5 5261/704/5 5259/705/5 5279/706/5 5280/707/5 5281/689/5 5293/690/5 5291/708/5 5292/709/5
f 5246/675/8 5283/710/8 5287/711/8 5245/712/8
f 5272/713/5 5287/714/5 5283/715/5 5273/716/5
f 5237/717/1 5233/718/1 5234/719/1 5238/698/1
f 5236/699/4 5264/700/4 5266/701/4 5273/720/4 5283/675/4 5246/710/4
f 5245/710/1 5235/699/1 5236/721/1 5246/722/1
f 5232/723/3 5231/724/3 5237/717/3 5238/725/3
f 5233/718/3 5262/726/3 5265/727/3 5234/728/3
f 5225/729/1 5243/710/1 5245/722/1 5249/730/1
f 5247/711/8 5248/710/8 5245/731/8 5243/732/8
f 5247/731/1 5242/732/1 5244/711/1 5248/710/1
f 5240/725/8 5241/732/8 5244/733/8 5242/723/8
f 5252/734/1 5250/735/1 5251/736/1 5253/705/1
f 5256/735/5 5258/734/5 5259/705/5 5257/736/5
f 5251/705/3 5250/736/3 5256/735/3 5257/734/3
f 5252/735/8 5253/736/8 5259/705/8 5258/734/8
f 5256/734/6 5250/735/6 5252/736/6 5258/705/6
f 5251/736/4 5257/735/4 5259/734/4 5253/705/4
f 5260/704/6 5254/737/6 5255/738/6 5261/703/6
f 5255/704/3 5253/705/3 5259/706/3 5261/739/3
f 5266/740/3 5267/701/3 5272/720/3 5273/741/3
f 5239/742/5 5267/743/5 5266/700/5 5264/701/5
f 5262/700/5 5263/744/5 5269/726/5 5265/727/5
f 5269/720/3 5263/727/3 5268/745/3 5270/746/3
f 5268/747/5 5271/748/5 5274/712/5 5270/675/5
f 5255/704/1 5254/703/1 5271/749/1 5286/708/1 5289/690/1 5278/689/1 5277/707/1 5276/706/1 5253/705/1
f 5276/706/8 5277/707/8 5280/750/8 5279/705/8
f 5280/689/6 5277/751/6 5278/739/6 5281/707/6
f 5282/700/5 5284/744/5 5285/726/5 5287/727/5
f 5282/752/8 5287/753/8 5290/675/8 5289/712/8
f 5286/675/5 5289/712/5 5290/752/5 5288/753/5
f 5286/708/8 5288/709/8 5292/754/8 5291/755/8
f 5286/756/4 5291/683/4 5293/690/4 5289/708/4
f 5259/706/6 5253/707/6 5276/750/6 5279/705/6
f 5240/733/1 5231/724/1 5232/717/1 5241/732/1
f 5235/699/4 5245/710/4 5248/731/4 5244/732/4 5241/733/4 5232/724/4 5238/717/4 5234/718/4 5265/726/4 5269/727/4 5270/745/4 5274/746/4 5275/757/4 5292/738/4 5288/752/4 5290/753/4 5287/675/4 5272/720/4 5267/701/4 5239/700/4
f 5254/703/3 5260/704/3 5275/754/3 5274/702/3 5271/749/3
f 5278/689/8 5289/690/8 5293/708/8 5281/707/8
f 5245/710/4 5287/675/4 5285/676/4 5249/729/4
f 5216/676/31 5212/758/31 5230/759/31 5229/760/31 5210/761/31 5284/762/31 5224/763/31 5225/764/31 5226/765/31 5211/766/31 5220/767/31 5221/768/31 5213/769/31 5217/770/31
f 5199/682/6 5223/691/6 5222/690/6 5203/683/6
f 5188/771/6 5198/772/6 5197/773/6 5178/774/6 5193/775/6 5196/776/6 5184/777/6 5192/778/6 5190/779/6 5182/780/6 5186/781/6 5180/782/6
f 5202/684/8 5201/679/8 5190/678/8 5192/685/8 5191/686/8 5200/687/8 5199/682/8 5203/683/8
f 5365/674/32 5401/675/32 5400/676/32 5341/677/32
f 5298/678/33 5299/679/33 5303/680/33 5302/681/33
f 5324/682/34 5315/683/34 5316/684/34 5311/679/34 5312/678/34 5309/685/34 5310/686/34 5323/687/34
f 5299/680/35 5298/679/35 5306/678/35 5317/681/35
f 5304/678/36 5305/681/36 5321/680/36 5314/679/36
f 5303/688/6 5299/689/6 5317/684/6 5318/679/6
f 5305/679/37 5304/678/37 5296/681/37 5297/680/37
f 5300/679/34 5301/680/34 5307/681/34 5308/678/34
f 5301/680/33 5300/681/33 5312/678/33 5311/679/33
f 5294/681/37 5295/680/37 5310/679/37 5309/678/37
f 5322/683/36 5320/684/36 5297/679/36 5296/678/36 5302/685/36 5303/686/36 5318/687/36 5319/682/36
f 5295/681/34 5294/678/34 5313/679/34 5325/680/34
f 5301/688/6 5311/689/6 5316/684/6 5307/679/6
f 5321/686/37 5320/687/37 5322/682/37 5324/683/37 5323/684/37 5325/679/37 5313/678/37 5314/685/37
f 5310/684/6 5295/679/6 5325/688/6 5323/689/6
f 5305/684/6 5297/679/6 5320/688/6 5321/689/6
f 5322/690/6 5330/683/6 5331/682/6 5324/691/6
f 5329/692/34 5324/683/34 5331/693/34 5333/694/34
f 5334/683/34 5335/682/34 5337/695/34 5336/692/34
f 5331/683/38 5330/682/38 5332/695/38 5333/692/38
f 5322/682/36 5328/695/36 5332/696/36 5330/697/36
f 5322/683/6 5319/682/6 5343/691/6 5344/690/6
f 5324/690/6 5335/683/6 5334/682/6 5315/691/6
f 5327/692/39 5315/683/39 5334/693/39 5336/694/39
f 5324/682/38 5329/695/38 5337/696/38 5335/697/38
f 5339/682/40 5342/695/40 5341/696/40 5340/694/40 5400/692/40 5338/683/40
f 5315/682/34 5327/695/34 5342/696/34 5339/697/34
f 5326/692/36 5319/683/36 5338/693/36 5400/694/36
f 5344/683/36 5343/682/36 5345/695/36 5346/692/36
f 5319/682/41 5326/695/41 5345/696/41 5343/697/41
f 5328/692/42 5322/683/42 5344/693/42 5346/694/42
f 5352/698/37 5351/699/37 5355/700/37 5380/701/37
f 5391/702/36 5376/703/36 5377/704/36 5375/705/36 5395/706/36 5396/707/36 5397/689/36 5409/690/36 5407/708/36 5408/709/36
f 5362/675/33 5399/710/33 5403/711/33 5361/712/33
f 5388/713/36 5403/714/36 5399/715/36 5389/716/36
f 5353/717/43 5349/718/43 5350/719/43 5354/698/43
f 5352/699/4 5380/700/4 5382/701/4 5389/720/4 5399/675/4 5362/710/4
f 5361/710/34 5351/699/34 5352/721/34 5362/722/34
f 5348/723/37 5347/724/37 5353/717/37 5354/725/37
f 5349/718/37 5378/726/37 5381/727/37 5350/728/37
f 5341/729/34 5359/710/34 5361/722/34 5365/730/34
f 5363/711/44 5364/710/44 5361/731/44 5359/732/44
f 5363/731/43 5358/732/43 5360/711/43 5364/710/43
f 5356/725/33 5357/732/33 5360/733/33 5358/723/33
f 5368/734/34 5366/735/34 5367/736/34 5369/705/34
f 5372/735/35 5374/734/35 5375/705/35 5373/736/35
f 5367/705/37 5366/736/37 5372/735/37 5373/734/37
f 5368/735/33 5369/736/33 5375/705/33 5374/734/33
f 5372/734/6 5366/735/6 5368/736/6 5374/705/6
f 5367/736/4 5373/735/4 5375/734/4 5369/705/4
f 5376/704/6 5370/737/6 5371/738/6 5377/703/6
f 5371/704/37 5369/705/37 5375/706/37 5377/739/37
f 5382/740/37 5383/701/37 5388/720/37 5389/741/37
f 5355/742/36 5383/743/36 5382/700/36 5380/701/36
f 5378/700/35 5379/744/35 5385/726/35 5381/727/35
f 5385/720/37 5379/727/37 5384/745/37 5386/746/37
f 5384/747/36 5387/748/36 5390/712/36 5386/675/36
f 5371/704/34 5370/703/34 5387/749/34 5402/708/34 5405/690/34 5394/689/34 5393/707/34 5392/706/34 5369/705/34
f 5392/706/33 5393/707/33 5396/750/33 5395/705/33
f 5396/689/6 5393/751/6 5394/739/6 5397/707/6
f 5398/700/36 5400/744/36 5401/726/36 5403/727/36
f 5398/752/44 5403/753/44 5406/675/44 5405/712/44
f 5402/675/36 5405/712/36 5406/752/36 5404/753/36
f 5402/708/33 5404/709/33 5408/754/33 5407/755/33
f 5402/756/4 5407/683/4 5409/690/4 5405/708/4
f 5375/706/6 5369/707/6 5392/750/6 5395/705/6
f 5356/733/43 5347/724/43 5348/717/43 5357/732/43
f 5351/699/4 5361/710/4 5364/731/4 5360/732/4 5357/733/4 5348/724/4 5354/717/4 5350/718/4 5381/726/4 5385/727/4 5386/745/4 5390/746/4 5391/757/4 5408/738/4 5404/752/4 5406/753/4 5403/675/4 5388/720/4 5383/701/4 5355/700/4
f 5370/703/37 5376/704/37 5391/754/37 5390/702/37 5387/749/37
f 5394/689/33 5405/690/33 5409/708/33 5397/707/33
f 5361/710/4 5403/675/4 5401/676/4 5365/729/4
f 5332/676/45 5328/758/45 5346/759/45 5345/760/45 5326/761/45 5400/762/45 5340/763/45 5341/764/45 5342/765/45 5327/766/45 5336/767/45 5337/768/45 5329/769/45 5333/770/45
f 5315/682/6 5339/691/6 5338/690/6 5319/683/6
f 5304/771/6 5314/772/6 5313/773/6 5294/774/6 5309/775/6 5312/776/6 5300/777/6 5308/778/6 5306/779/6 5298/780/6 5302/781/6 5296/782/6
f 5318/684/33 5317/679/33 5306/678/33 5308/685/33 5307/686/33 5316/687/33 5315/682/33 5319/683/33
f 5439/783/3 5420/784/3 5421/785/3 5440/786/3 5436/787/3 5435/788/3
f 5413/789/5 5416/790/5 5414/791/5 5410/792/5
f 5412/92/1 5415/93/1 5417/793/1 5411/794/1
f 5411/795/6 5417/789/6 5416/793/6 5413/796/6 5419/797/6
f 5410/798/4 5414/792/4 5415/93/4 5412/799/4 5418/800/4 5421/786/4 5420/783/4
f 5422/801/3 5438/802/3 5434/803/3 5430/804/3 5426/805/3 5423/797/3
f 5426/806/1 5430/807/1 5446/800/1 5442/808/1
f 5432/809/6 5433/810/6 5449/806/6 5448/787/6
f 5430/804/6 5431/811/6 5447/788/6 5446/803/6
f 5437/810/4 5436/809/4 5452/787/4 5453/806/4
f 5410/792/3 5420/784/3 5439/783/3 5438/802/3 5422/801/3 5423/797/3 5426/805/3 5427/812/3 5431/811/3 5430/804/3 5434/803/3 5435/788/3 5436/787/3 5437/806/3 5441/807/3 5440/786/3 5421/785/3 5418/813/3 5424/814/3 5433/810/3 5432/809/3 5428/815/3 5429/816/3 5425/817/3 5419/818/3 5413/789/3
f 5442/787/3 5446/786/3 5447/807/3 5443/806/3
f 5444/787/3 5448/786/3 5449/807/3 5445/806/3
f 5450/787/3 5454/786/3 5455/807/3 5451/806/3
f 5452/787/3 5456/786/3 5457/807/3 5453/806/3
f 5427/819/4 5426/389/4 5442/805/4 5443/812/4
f 5438/820/6 5439/785/6 5455/786/6 5454/807/6
f 5434/806/1 5438/807/1 5454/800/1 5450/808/1
f 5431/811/5 5427/812/5 5443/815/5 5447/809/5
f 5439/783/5 5435/788/5 5451/787/5 5455/786/5
f 5428/812/1 5432/811/1 5448/809/1 5444/815/1
f 5429/821/4 5428/822/4 5444/815/4 5445/816/4
f 5440/820/6 5441/785/6 5457/786/6 5456/807/6
f 5436/788/1 5440/783/1 5456/786/1 5452/787/1
f 5435/811/4 5434/804/4 5450/803/4 5451/788/4
f 5433/807/5 5429/806/5 5445/808/5 5449/800/5
f 5441/807/5 5437/806/5 5453/808/5 5457/800/5
f 5429/816/3 5433/810/3 5424/814/3 5418/813/3 5412/93/3 5411/793/3 5419/818/3 5425/817/3
f 5487/783/3 5468/784/3 5469/785/3 5488/786/3 5484/787/3 5483/788/3
f 5461/789/5 5464/790/5 5462/791/5 5458/792/5
f 5460/92/1 5463/93/1 5465/793/1 5459/794/1
f 5459/795/6 5465/789/6 5464/793/6 5461/796/6 5467/797/6
f 5458/798/4 5462/792/4 5463/93/4 5460/799/4 5466/800/4 5469/786/4 5468/783/4
f 5470/801/3 5486/802/3 5482/803/3 5478/804/3 5474/805/3 5471/797/3
f 5474/806/1 5478/807/1 5494/800/1 5490/808/1
f 5480/809/6 5481/810/6 5497/806/6 5496/787/6
f 5478/804/6 5479/811/6 5495/788/6 5494/803/6
f 5485/810/4 5484/809/4 5500/787/4 5501/806/4
f 5458/792/3 5468/784/3 5487/783/3 5486/802/3 5470/801/3 5471/797/3 5474/805/3 5475/812/3 5479/811/3 5478/804/3 5482/803/3 5483/788/3 5484/787/3 5485/806/3 5489/807/3 5488/786/3 5469/785/3 5466/813/3 5472/814/3 5481/810/3 5480/809/3 5476/815/3 5477/816/3 5473/817/3 5467/818/3 5461/789/3
f 5490/787/3 5494/786/3 5495/807/3 5491/806/3
f 5492/787/3 5496/786/3 5497/807/3 5493/806/3
f 5498/787/3 5502/786/3 5503/807/3 5499/806/3
f 5500/787/3 5504/786/3 5505/807/3 5501/806/3
f 5475/819/4 5474/389/4 5490/805/4 5491/812/4
f 5486/820/6 5487/785/6 5503/786/6 5502/807/6
f 5482/806/1 5486/807/1 5502/800/1 5498/808/1
f 5479/811/5 5475/812/5 5491/815/5 5495/809/5
f 5487/783/5 5483/788/5 5499/787/5 5503/786/5
f 5476/812/1 5480/811/1 5496/809/1 5492/815/1
f 5477/821/4 5476/822/4 5492/815/4 5493/816/4
f 5488/820/6 5489/785/6 5505/786/6 5504/807/6
f 5484/788/1 5488/783/1 5504/786/1 5500/787/1
f 5483/811/4 5482/804/4 5498/803/4 5499/788/4
f 5481/807/5 5477/806/5 5493/808/5 5497/800/5
f 5489/807/5 5485/806/5 5501/808/5 5505/800/5
f 5477/816/3 5481/810/3 5472/814/3 5466/813/3 5460/93/3 5459/793/3 5467/818/3 5473/817/3
f 5535/783/3 5516/784/3 5517/785/3 5536/786/3 5532/787/3 5531/788/3
f 5509/789/5 5512/790/5 5510/791/5 5506/792/5
f 5508/92/1 5511/93/1 5513/793/1 5507/794/1
f 5507/795/6 5513/789/6 5512/793/6 5509/796/6 5515/797/6
f 5506/798/4 5510/792/4 5511/93/4 5508/799/4 5514/800/4 5517/786/4 5516/783/4
f 5518/801/3 5534/802/3 5530/803/3 5526/804/3 5522/805/3 5519/797/3
f 5522/806/1 5526/807/1 5542/800/1 5538/808/1
f 5528/809/6 5529/810/6 5545/806/6 5544/787/6
f 5526/804/6 5527/811/6 5543/788/6 5542/803/6
f 5533/810/4 5532/809/4 5548/787/4 5549/806/4
f 5506/792/3 5516/784/3 5535/783/3 5534/802/3 5518/801/3 5519/797/3 5522/805/3 5523/812/3 5527/811/3 5526/804/3 5530/803/3 5531/788/3 5532/787/3 5533/806/3 5537/807/3 5536/786/3 5517/785/3 5514/813/3 5520/814/3 5529/810/3 5528/809/3 5524/815/3 5525/816/3 5521/817/3 5515/818/3 5509/789/3
f 5538/787/3 5542/786/3 5543/807/3 5539/806/3
f 5540/787/3 5544/786/3 5545/807/3 5541/806/3
f 5546/787/3 5550/786/3 5551/807/3 5547/806/3
f 5548/787/3 5552/786/3 5553/807/3 5549/806/3
f 5523/819/4 5522/389/4 5538/805/4 5539/812/4
f 5534/820/6 5535/785/6 5551/786/6 5550/807/6
f 5530/806/1 5534/807/1 5550/800/1 5546/808/1
f 5527/811/5 5523/812/5 5539/815/5 5543/809/5
f 5535/783/5 5531/788/5 5547/787/5 5551/786/5
f 5524/812/1 5528/811/1 5544/809/1 5540/815/1
f 5525/821/4 5524/822/4 5540/815/4 5541/816/4
f 5536/820/6 5537/785/6 5553/786/6 5552/807/6
f 5532/788/1 5536/783/1 5552/786/1 5548/787/1
f 5531/811/4 5530/804/4 5546/803/4 5547/788/4
f 5529/807/5 5525/806/5 5541/808/5 5545/800/5
f 5537/807/5 5533/806/5 5549/808/5 5553/800/5
f 5525/816/3 5529/810/3 5520/814/3 5514/813/3 5508/93/3 5507/793/3 5515/818/3 5521/817/3
f 5583/783/5 5564/784/5 5565/785/5 5584/786/5 5580/787/5 5579/788/5
f 5557/789/8 5560/790/8 5558/791/8 5554/792/8
f 5556/92/3 5559/93/3 5561/793/3 5555/794/3
f 5555/795/6 5561/789/6 5560/793/6 5557/796/6 5563/797/6
f 5554/798/4 5558/792/4 5559/93/4 5556/799/4 5562/800/4 5565/786/4 5564/783/4
f 5566/801/5 5582/802/5 5578/803/5 5574/804/5 5570/805/5 5567/797/5
f 5570/806/3 5574/807/3 5590/800/3 5586/808/3
f 5576/809/6 5577/810/6 5593/806/6 5592/787/6
f 5574/804/6 5575/811/6 5591/788/6 5590/803/6
f 5581/810/4 5580/809/4 5596/787/4 5597/806/4
f 5554/792/5 5564/784/5 5583/783/5 5582/802/5 5566/801/5 5567/797/5 5570/805/5 5571/812/5 5575/811/5 5574/804/5 5578/803/5 5579/788/5 5580/787/5 5581/806/5 5585/807/5 5584/786/5 5565/785/5 5562/813/5 5568/814/5 5577/810/5 5576/809/5 5572/815/5 5573/816/5 5569/817/5 5563/818/5 5557/789/5
f 5586/787/5 5590/786/5 5591/807/5 5587/806/5
f 5588/787/5 5592/786/5 5593/807/5 5589/806/5
f 5594/787/5 5598/786/5 5599/807/5 5595/806/5
f 5596/787/5 5600/786/5 5601/807/5 5597/806/5
f 5571/819/4 5570/389/4 5586/805/4 5587/812/4
f 5582/820/6 5583/785/6 5599/786/6 5598/807/6
f 5578/806/3 5582/807/3 5598/800/3 5594/808/3
f 5575/811/8 5571/812/8 5587/815/8 5591/809/8
f 5583/783/8 5579/788/8 5595/787/8 5599/786/8
f 5572/812/3 5576/811/3 5592/809/3 5588/815/3
f 5573/821/4 5572/822/4 5588/815/4 5589/816/4
f 5584/820/6 5585/785/6 5601/786/6 5600/807/6
f 5580/788/3 5584/783/3 5600/786/3 5596/787/3
f 5579/811/4 5578/804/4 5594/803/4 5595/788/4
f 5577/807/8 5573/806/8 5589/808/8 5593/800/8
f 5585/807/8 5581/806/8 5597/808/8 5601/800/8
f 5573/816/5 5577/810/5 5568/814/5 5562/813/5 5556/93/5 5555/793/5 5563/818/5 5569/817/5
f 5605/823/5 5609/660/5 5608/824/5 5603/825/5
f 5602/825/1 5607/824/1 5606/660/1 5604/823/1
f 5603/826/3 5608/827/3 5607/660/3 5602/823/3
f 5604/823/8 5606/660/8 5609/827/8 5605/826/8
f 5613/823/5 5617/660/5 5616/824/5 5611/825/5
f 5610/825/1 5615/824/1 5614/660/1 5612/823/1
f 5611/826/3 5616/827/3 5615/660/3 5610/823/3
f 5612/823/8 5614/660/8 5617/827/8 5613/826/8
f 5621/823/5 5625/660/5 5624/824/5 5619/825/5
f 5618/825/1 5623/824/1 5622/660/1 5620/823/1
f 5619/826/3 5624/827/3 5623/660/3 5618/823/3
f 5620/823/8 5622/660/8 5625/827/8 5621/826/8
f 5629/823/5 5633/660/5 5632/824/5 5627/825/5
f 5626/825/1 5631/824/1 5630/660/1 5628/823/1
f 5627/826/3 5632/827/3 5631/660/3 5626/823/3
f 5628/823/8 5630/660/8 5633/827/8 5629/826/8
f 5637/823/5 5641/660/5 5640/824/5 5635/825/5
f 5634/825/1 5639/824/1 5638/660/1 5636/823/1
f 5635/826/3 5640/827/3 5639/660/3 5634/823/3
f 5636/823/8 5638/660/8 5641/827/8 5637/826/8
f 5645/823/8 5649/660/8 5648/824/8 5643/825/8
f 5642/825/3 5647/824/3 5646/660/3 5644/823/3
f 5643/826/5 5648/827/5 5647/660/5 5642/823/5
f 5644/823/1 5646/660/1 5649/827/1 5645/826/1
f 5653/823/8 5657/660/8 5656/824/8 5651/825/8
f 5650/825/3 5655/824/3 5654/660/3 5652/823/3
f 5651/826/5 5656/827/5 5655/660/5 5650/823/5
f 5652/823/1 5654/660/1 5657/827/1 5653/826/1
f 5661/823/8 5665/660/8 5664/824/8 5659/825/8
f 5658/825/3 5663/824/3 5662/660/3 5660/823/3
f 5659/826/5 5664/827/5 5663/660/5 5658/823/5
f 5660/823/1 5662/660/1 5665/827/1 5661/826/1
f 5669/823/8 5673/660/8 5672/824/8 5667/825/8
f 5666/825/3 5671/824/3 5670/660/3 5668/823/3
f 5667/826/5 5672/827/5 5671/660/5 5666/823/5
f 5668/823/1 5670/660/1 5673/827/1 5669/826/1
f 5677/823/8 5681/660/8 5680/824/8 5675/825/8
f 5674/825/3 5679/824/3 5678/660/3 5676/823/3
f 5675/826/5 5680/827/5 5679/660/5 5674/823/5
f 5676/823/1 5678/660/1 5681/827/1 5677/826/1
f 5685/823/8 5689/660/8 5688/824/8 5683/825/8
f 5682/825/3 5687/824/3 5686/660/3 5684/823/3
f 5683/826/5 5688/827/5 5687/660/5 5682/823/5
f 5684/823/1 5686/660/1 5689/827/1 5685/826/1
f 5693/823/8 5697/660/8 5696/824/8 5691/825/8
f 5690/825/3 5695/824/3 5694/660/3 5692/823/3
f 5691/826/5 5696/827/5 5695/660/5 5690/823/5
f 5692/823/1 5694/660/1 5697/827/1 5693/826/1
f 5701/823/8 5705/660/8 5704/824/8 5699/825/8
f 5698/825/3 5703/824/3 5702/660/3 5700/823/3
f 5699/826/5 5704/827/5 5703/660/5 5698/823/5
f 5700/823/1 5702/660/1 5705/827/1 5701/826/1
f 5709/823/8 5713/660/8 5712/824/8 5707/825/8
f 5706/825/3 5711/824/3 5710/660/3 5708/823/3
f 5707/826/5 5712/827/5 5711/660/5 5706/823/5
f 5708/823/1 5710/660/1 5713/827/1 5709/826/1
f 5717/823/8 5721/660/8 5720/824/8 5715/825/8
f 5714/825/3 5719/824/3 5718/660/3 5716/823/3
f 5715/826/5 5720/827/5 5719/660/5 5714/823/5
f 5716/823/1 5718/660/1 5721/827/1 5717/826/1
f 5725/823/8 5729/660/8 5728/824/8 5723/825/8
f 5722/825/3 5727/824/3 5726/660/3 5724/823/3
f 5723/826/5 5728/827/5 5727/660/5 5722/823/5
f 5724/823/1 5726/660/1 5729/827/1 5725/826/1
f 5733/823/8 5737/660/8 5736/824/8 5731/825/8
f 5730/825/3 5735/824/3 5734/660/3 5732/823/3
f 5731/826/5 5736/827/5 5735/660/5 5730/823/5
f 5732/823/1 5734/660/1 5737/827/1 5733/826/1
f 5741/823/8 5745/660/8 5744/824/8 5739/825/8
f 5738/825/3 5743/824/3 5742/660/3 5740/823/3
f 5739/826/5 5744/827/5 5743/660/5 5738/823/5
f 5740/823/1 5742/660/1 5745/827/1 5741/826/1
f 5749/823/8 5753/660/8 5752/824/8 5747/825/8
f 5746/825/3 5751/824/3 5750/660/3 5748/823/3
f 5747/826/5 5752/827/5 5751/660/5 5746/823/5
f 5748/823/1 5750/660/1 5753/827/1 5749/826/1
f 5757/823/8 5761/660/8 5760/824/8 5755/825/8
f 5754/825/3 5759/824/3 5758/660/3 5756/823/3
f 5755/826/5 5760/827/5 5759/660/5 5754/823/5
f 5756/823/1 5758/660/1 5761/827/1 5757/826/1
f 5765/823/8 5769/660/8 5768/824/8 5763/825/8
f 5762/825/3 5767/824/3 5766/660/3 5764/823/3
f 5763/826/5 5768/827/5 5767/660/5 5762/823/5
f 5764/823/1 5766/660/1 5769/827/1 5765/826/1
f 5773/823/8 5777/660/8 5776/824/8 5771/825/8
f 5770/825/3 5775/824/3 5774/660/3 5772/823/3
f 5771/826/5 5776/827/5 5775/660/5 5770/823/5
f 5772/823/1 5774/660/1 5777/827/1 5773/826/1
f 5781/823/8 5785/660/8 5784/824/8 5779/825/8
f 5778/825/3 5783/824/3 5782/660/3 5780/823/3
f 5779/826/5 5784/827/5 5783/660/5 5778/823/5
f 5780/823/1 5782/660/1 5785/827/1 5781/826/1
f 5789/823/8 5793/660/8 5792/824/8 5787/825/8
f 5786/825/3 5791/824/3 5790/660/3 5788/823/3
f 5787/826/5 5792/827/5 5791/660/5 5786/823/5
f 5788/823/1 5790/660/1 5793/827/1 5789/826/1
f 5797/823/8 5801/660/8 5800/824/8 5795/825/8
f 5794/825/3 5799/824/3 5798/660/3 5796/823/3
f 5795/826/5 5800/827/5 5799/660/5 5794/823/5
f 5796/823/1 5798/660/1 5801/827/1 5797/826/1
f 5805/823/8 5809/660/8 5808/824/8 5803/825/8
f 5802/825/3 5807/824/3 5806/660/3 5804/823/3
f 5803/826/5 5808/827/5 5807/660/5 5802/823/5
f 5804/823/1 5806/660/1 5809/827/1 5805/826/1
f 5813/823/8 5817/660/8 5816/824/8 5811/825/8
f 5810/825/3 5815/824/3 5814/660/3 5812/823/3
f 5811/826/5 5816/827/5 5815/660/5 5810/823/5
f 5812/823/1 5814/660/1 5817/827/1 5813/826/1
f 5821/823/8 5825/660/8 5824/824/8 5819/825/8
f 5818/825/3 5823/824/3 5822/660/3 5820/823/3
f 5819/826/5 5824/827/5 5823/660/5 5818/823/5
f 5820/823/1 5822/660/1 5825/827/1 5821/826/1
f 5829/823/8 5833/660/8 5832/824/8 5827/825/8
f 5826/825/3 5831/824/3 5830/660/3 5828/823/3
f 5827/826/5 5832/827/5 5831/660/5 5826/823/5
f 5828/823/1 5830/660/1 5833/827/1 5829/826/1
f 5837/823/8 5841/660/8 5840/824/8 5835/825/8
f 5834/825/3 5839/824/3 5838/660/3 5836/823/3
f 5835/826/5 5840/827/5 5839/660/5 5834/823/5
f 5836/823/1 5838/660/1 5841/827/1 5837/826/1
f 5845/823/8 5849/660/8 5848/824/8 5843/825/8
f 5842/825/3 5847/824/3 5846/660/3 5844/823/3
f 5843/826/5 5848/827/5 5847/660/5 5842/823/5
f 5844/823/1 5846/660/1 5849/827/1 5845/826/1
f 5853/823/8 5857/660/8 5856/824/8 5851/825/8
f 5850/825/3 5855/824/3 5854/660/3 5852/823/3
f 5851/826/5 5856/827/5 5855/660/5 5850/823/5
f 5852/823/1 5854/660/1 5857/827/1 5853/826/1
f 5861/823/8 5865/660/8 5864/824/8 5859/825/8
f 5858/825/3 5863/824/3 5862/660/3 5860/823/3
f 5859/826/5 5864/827/5 5863/660/5 5858/823/5
f 5860/823/1 5862/660/1 5865/827/1 5861/826/1
f 5869/823/8 5873/660/8 5872/824/8 5867/825/8
f 5866/825/3 5871/824/3 5870/660/3 5868/823/3
f 5867/826/5 5872/827/5 5871/660/5 5866/823/5
f 5868/823/1 5870/660/1 5873/827/1 5869/826/1
f 5877/823/1 5881/660/1 5880/824/1 5875/825/1
f 5874/825/5 5879/824/5 5878/660/5 5876/823/5
f 5875/826/8 5880/827/8 5879/660/8 5874/823/8
f 5876/823/3 5878/660/3 5881/827/3 5877/826/3
f 5885/823/1 5889/660/1 5888/824/1 5883/825/1
f 5882/825/5 5887/824/5 5886/660/5 5884/823/5
f 5883/826/8 5888/827/8 5887/660/8 5882/823/8
f 5884/823/3 5886/660/3 5889/827/3 5885/826/3
f 5893/823/1 5897/660/1 5896/824/1 5891/825/1
f 5890/825/5 5895/824/5 5894/660/5 5892/823/5
f 5891/826/8 5896/827/8 5895/660/8 5890/823/8
f 5892/823/3 5894/660/3 5897/827/3 5893/826/3
f 5901/823/1 5905/660/1 5904/824/1 5899/825/1
f 5898/825/5 5903/824/5 5902/660/5 5900/823/5
f 5899/826/8 5904/827/8 5903/660/8 5898/823/8
f 5900/823/3 5902/660/3 5905/827/3 5901/826/3
f 5909/823/1 5913/660/1 5912/824/1 5907/825/1
f 5906/825/5 5911/824/5 5910/660/5 5908/823/5
f 5907/826/8 5912/827/8 5911/660/8 5906/823/8
f 5908/823/3 5910/660/3 5913/827/3 5909/826/3
f 5917/823/1 5921/660/1 5920/824/1 5915/825/1
f 5914/825/5 5919/824/5 5918/660/5 5916/823/5
f 5915/826/8 5920/827/8 5919/660/8 5914/823/8
f 5916/823/3 5918/660/3 5921/827/3 5917/826/3
f 5925/823/1 5929/660/1 5928/824/1 5923/825/1
f 5922/825/5 5927/824/5 5926/660/5 5924/823/5
f 5923/826/8 5928/827/8 5927/660/8 5922/823/8
f 5924/823/3 5926/660/3 5929/827/3 5925/826/3
f 5933/823/1 5937/660/1 5936/824/1 5931/825/1
f 5930/825/5 5935/824/5 5934/660/5 5932/823/5
f 5931/826/8 5936/827/8 5935/660/8 5930/823/8
f 5932/823/3 5934/660/3 5937/827/3 5933/826/3
f 5941/823/1 5945/660/1 5944/824/1 5939/825/1
f 5938/825/5 5943/824/5 5942/660/5 5940/823/5
f 5939/826/8 5944/827/8 5943/660/8 5938/823/8
f 5940/823/3 5942/660/3 5945/827/3 5941/826/3
f 5949/823/1 5953/660/1 5952/824/1 5947/825/1
f 5946/825/5 5951/824/5 5950/660/5 5948/823/5
f 5947/826/8 5952/827/8 5951/660/8 5946/823/8
f 5948/823/3 5950/660/3 5953/827/3 5949/826/3
f 5957/823/1 5961/660/1 5960/824/1 5955/825/1
f 5954/825/5 5959/824/5 5958/660/5 5956/823/5
f 5955/826/8 5960/827/8 5959/660/8 5954/823/8
f 5956/823/3 5958/660/3 5961/827/3 5957/826/3
f 5965/823/1 5969/660/1 5968/824/1 5963/825/1
f 5962/825/5 5967/824/5 5966/660/5 5964/823/5
f 5963/826/8 5968/827/8 5967/660/8 5962/823/8
f 5964/823/3 5966/660/3 5969/827/3 5965/826/3
f 5973/823/1 5977/660/1 5976/824/1 5971/825/1
f 5970/825/5 5975/824/5 5974/660/5 5972/823/5
f 5971/826/8 5976/827/8 5975/660/8 5970/823/8
f 5972/823/3 5974/660/3 5977/827/3 5973/826/3
f 5981/823/1 5985/660/1 5984/824/1 5979/825/1
f 5978/825/5 5983/824/5 5982/660/5 5980/823/5
f 5979/826/8 5984/827/8 5983/660/8 5978/823/8
f 5980/823/3 5982/660/3 5985/827/3 5981/826/3
f 5989/823/1 5993/660/1 5992/824/1 5987/825/1
f 5986/825/5 5991/824/5 5990/660/5 5988/823/5
f 5987/826/8 5992/827/8 5991/660/8 5986/823/8
f 5988/823/3 5990/660/3 5993/827/3 5989/826/3
f 5997/823/1 6001/660/1 6000/824/1 5995/825/1
f 5994/825/5 5999/824/5 5998/660/5 5996/823/5
f 5995/826/8 6000/827/8 5999/660/8 5994/823/8
f 5996/823/3 5998/660/3 6001/827/3 5997/826/3
f 6005/823/1 6009/660/1 6008/824/1 6003/825/1
f 6002/825/5 6007/824/5 6006/660/5 6004/823/5
f 6003/826/8 6008/827/8 6007/660/8 6002/823/8
f 6004/823/3 6006/660/3 6009/827/3 6005/826/3
f 6013/823/1 6017/660/1 6016/824/1 6011/825/1
f 6010/825/5 6015/824/5 6014/660/5 6012/823/5
f 6011/826/8 6016/827/8 6015/660/8 6010/823/8
f 6012/823/3 6014/660/3 6017/827/3 6013/826/3
f 6021/823/1 6025/660/1 6024/824/1 6019/825/1
f 6018/825/5 6023/824/5 6022/660/5 6020/823/5
f 6019/826/8 6024/827/8 6023/660/8 6018/823/8
f 6020/823/3 6022/660/3 6025/827/3 6021/826/3
f 6029/823/1 6033/660/1 6032/824/1 6027/825/1
f 6026/825/5 6031/824/5 6030/660/5 6028/823/5
f 6027/826/8 6032/827/8 6031/660/8 6026/823/8
f 6028/823/3 6030/660/3 6033/827/3 6029/826/3
f 6037/823/1 6041/660/1 6040/824/1 6035/825/1
f 6034/825/5 6039/824/5 6038/660/5 6036/823/5
f 6035/826/8 6040/827/8 6039/660/8 6034/823/8
f 6036/823/3 6038/660/3 6041/827/3 6037/826/3
f 6045/823/1 6049/660/1 6048/824/1 6043/825/1
f 6042/825/5 6047/824/5 6046/660/5 6044/823/5
f 6043/826/8 6048/827/8 6047/660/8 6042/823/8
f 6044/823/3 6046/660/3 6049/827/3 6045/826/3
f 6053/823/1 6057/660/1 6056/824/1 6051/825/1
f 6050/825/5 6055/824/5 6054/660/5 6052/823/5
f 6051/826/8 6056/827/8 6055/660/8 6050/823/8
f 6052/823/3 6054/660/3 6057/827/3 6053/826/3
f 6061/823/1 6065/660/1 6064/824/1 6059/825/1
f 6058/825/5 6063/824/5 6062/660/5 6060/823/5
f 6059/826/8 6064/827/8 6063/660/8 6058/823/8
f 6060/823/3 6062/660/3 6065/827/3 6061/826/3
f 6069/823/1 6073/660/1 6072/824/1 6067/825/1
f 6066/825/5 6071/824/5 6070/660/5 6068/823/5
f 6067/826/8 6072/827/8 6071/660/8 6066/823/8
f 6068/823/3 6070/660/3 6073/827/3 6069/826/3
f 6077/823/1 6081/660/1 6080/824/1 6075/825/1
f 6074/825/5 6079/824/5 6078/660/5 6076/823/5
f 6075/826/8 6080/827/8 6079/660/8 6074/823/8
f 6076/823/3 6078/660/3 6081/827/3 6077/826/3
f 6085/823/1 6089/660/1 6088/824/1 6083/825/1
f 6082/825/5 6087/824/5 6086/660/5 6084/823/5
f 6083/826/8 6088/827/8 6087/660/8 6082/823/8
f 6084/823/3 6086/660/3 6089/827/3 6085/826/3
f 6093/823/1 6097/660/1 6096/824/1 6091/825/1
f 6090/825/5 6095/824/5 6094/660/5 6092/823/5
f 6091/826/8 6096/827/8 6095/660/8 6090/823/8
f 6092/823/3 6094/660/3 6097/827/3 6093/826/3
f 6101/823/1 6105/660/1 6104/824/1 6099/825/1
f 6098/825/5 6103/824/5 6102/660/5 6100/823/5
f 6099/826/8 6104/827/8 6103/660/8 6098/823/8
f 6100/823/3 6102/660/3 6105/827/3 6101/826/3
f 6109/823/1 6113/660/1 6112/824/1 6107/825/1
f 6106/825/5 6111/824/5 6110/660/5 6108/823/5
f 6107/826/8 6112/827/8 6111/660/8 6106/823/8
f 6108/823/3 6110/660/3 6113/827/3 6109/826/3
f 6117/823/1 6121/660/1 6120/824/1 6115/825/1
f 6114/825/5 6119/824/5 6118/660/5 6116/823/5
f 6115/826/8 6120/827/8 6119/660/8 6114/823/8
f 6116/823/3 6118/660/3 6121/827/3 6117/826/3
f 6125/823/1 6129/660/1 6128/824/1 6123/825/1
f 6122/825/5 6127/824/5 6126/660/5 6124/823/5
f 6123/826/8 6128/827/8 6127/660/8 6122/823/8
f 6124/823/3 6126/660/3 6129/827/3 6125/826/3
f 6133/823/3 6137/660/3 6136/824/3 6131/825/3
f 6130/825/8 6135/824/8 6134/660/8 6132/823/8
f 6131/826/1 6136/827/1 6135/660/1 6130/823/1
f 6132/823/5 6134/660/5 6137/827/5 6133/826/5
f 6141/823/3 6145/660/3 6144/824/3 6139/825/3
f 6138/825/8 6143/824/8 6142/660/8 6140/823/8
f 6139/826/1 6144/827/1 6143/660/1 6138/823/1
f 6140/823/5 6142/660/5 6145/827/5 6141/826/5
f 6149/823/3 6153/660/3 6152/824/3 6147/825/3
f 6146/825/8 6151/824/8 6150/660/8 6148/823/8
f 6147/826/1 6152/827/1 6151/660/1 6146/823/1
f 6148/823/5 6150/660/5 6153/827/5 6149/826/5
f 6157/823/3 6161/660/3 6160/824/3 6155/825/3
f 6154/825/8 6159/824/8 6158/660/8 6156/823/8
f 6155/826/1 6160/827/1 6159/660/1 6154/823/1
f 6156/823/5 6158/660/5 6161/827/5 6157/826/5
f 6165/823/3 6169/660/3 6168/824/3 6163/825/3
f 6162/825/8 6167/824/8 6166/660/8 6164/823/8
f 6163/826/1 6168/827/1 6167/660/1 6162/823/1
f 6164/823/5 6166/660/5 6169/827/5 6165/826/5
f 6173/823/3 6177/660/3 6176/824/3 6171/825/3
f 6170/825/8 6175/824/8 6174/660/8 6172/823/8
f 6171/826/1 6176/827/1 6175/660/1 6170/823/1
f 6172/823/5 6174/660/5 6177/827/5 6173/826/5
f 6181/823/3 6185/660/3 6184/824/3 6179/825/3
f 6178/825/8 6183/824/8 6182/660/8 6180/823/8
f 6179/826/1 6184/827/1 6183/660/1 6178/823/1
f 6180/823/5 6182/660/5 6185/827/5 6181/826/5
f 6189/823/3 6193/660/3 6192/824/3 6187/825/3
f 6186/825/8 6191/824/8 6190/660/8 6188/823/8
f 6187/826/1 6192/827/1 6191/660/1 6186/823/1
f 6188/823/5 6190/660/5 6193/827/5 6189/826/5
f 202/828/6 206/829/6 215/830/6 216/831/6 6194/832/6
f 6194/832/6 216/833/6 217/834/6 556/566/6
f 6196/2/5 6197/3/5 6195/1/5
f 6198/835/6 209/468/6 66/836/6 206/837/6
f 6199/838/6 202/839/6 6194/840/6 556/841/6 213/835/6 6200/106/6
f 6200/842/6 213/843/6 214/106/6 211/107/6 210/844/6
f 6201/835/4 6202/106/4 204/838/4 6205/839/4 212/845/4
f 6203/468/4 6204/836/4 261/837/4 258/835/4
f 559/846/4 63/847/4 69/848/4 28/849/4 72/850/4
f 558/851/4 559/852/4 72/846/4 14/22/4
l 9 8
l 350 351
l 551 552
o Tejas.001
v 6.200001 2.100002 -7.800000
v -3.600000 7.000001 -7.800001
v 3.700000 4.200001 -7.800001
v 0.599999 4.200001 -7.800001
v 0.600000 6.300001 -7.800001
v 3.700000 6.300001 -7.800001
v -6.700001 2.100001 -7.800000
v 6.200001 7.000000 -7.800000
v -6.700000 7.000000 -7.800000
vn -0.0000 -0.0000 -1.0000
vt 0.428125 0.840625
vt 0.559375 0.818750
vt 0.559375 0.753125
vt 0.656250 0.753125
vt 0.656250 0.818750
vt 0.734375 0.840625
vt 0.734375 0.687500
vt 0.331250 0.687500
vt 0.331250 0.840625
s 0
usemtl Material
f 6214/853/46 6217/854/46 6216/855/46 6215/856/46 6218/857/46 6220/858/46 6213/859/46 6219/860/46 6221/861/46
